ISO-10303-21;
HEADER;
FILE_DESCRIPTION(('Open CASCADE Model'),'2;1');
FILE_NAME('Open CASCADE Shape Model','2026-09-08T00:50:02',('Author'),(
    'Open CASCADE'),'Open CASCADE STEP processor 7.9','Open CASCADE 7.9'
  ,'Unknown');
FILE_SCHEMA(('AUTOMOTIVE_DESIGN { 1 0 10303 214 1 1 1 1 }'));
ENDSEC;
DATA;
#1 = APPLICATION_PROTOCOL_DEFINITION('international standard',
  'automotive_design',2000,#2);
#2 = APPLICATION_CONTEXT(
  'core data for automotive mechanical design processes');
#3 = SHAPE_DEFINITION_REPRESENTATION(#4,#10);
#4 = PRODUCT_DEFINITION_SHAPE('','',#5);
#5 = PRODUCT_DEFINITION('design','',#6,#9);
#6 = PRODUCT_DEFINITION_FORMATION('','',#7);
#7 = PRODUCT('COMPOUND','COMPOUND','',(#8));
#8 = PRODUCT_CONTEXT('',#2,'mechanical');
#9 = PRODUCT_DEFINITION_CONTEXT('part definition',#2,'design');
#10 = SHAPE_REPRESENTATION('',(#11,#15,#3987,#12467,#14715),#16095);
#11 = AXIS2_PLACEMENT_3D('',#12,#13,#14);
#12 = CARTESIAN_POINT('',(0.,0.,0.));
#13 = DIRECTION('',(0.,0.,1.));
#14 = DIRECTION('',(1.,0.,-0.));
#15 = MANIFOLD_SOLID_BREP('',#16);
#16 = CLOSED_SHELL('',(#17,#137,#223,#309,#453,#820,#847,#980,#1007,
    #1246,#1253,#1329,#1383,#1432,#1486,#1707,#1761,#1896,#1928,#1975,
    #2002,#2029,#2036,#2083,#2110,#2137,#2144,#2191,#2218,#2245,#2252,
    #2739,#2794,#2849,#2925,#2974,#3023,#3050,#3105,#3160,#3215,#3270,
    #3346,#3395,#3444,#3471,#3526,#3581,#3616,#3620,#3627,#3662,#3666,
    #3670,#3705,#3712,#3716,#3751,#3806,#3861,#3916,#3971,#3975,#3979,
    #3983));
#17 = ADVANCED_FACE('',(#18),#32,.T.);
#18 = FACE_BOUND('',#19,.T.);
#19 = EDGE_LOOP('',(#20,#55,#83,#111));
#20 = ORIENTED_EDGE('',*,*,#21,.T.);
#21 = EDGE_CURVE('',#22,#24,#26,.T.);
#22 = VERTEX_POINT('',#23);
#23 = CARTESIAN_POINT('',(-16.,-33.,-9.));
#24 = VERTEX_POINT('',#25);
#25 = CARTESIAN_POINT('',(-16.,-33.,11.5));
#26 = SURFACE_CURVE('',#27,(#31,#43),.PCURVE_S1.);
#27 = LINE('',#28,#29);
#28 = CARTESIAN_POINT('',(-16.,-33.,-9.));
#29 = VECTOR('',#30,1.);
#30 = DIRECTION('',(0.,0.,1.));
#31 = PCURVE('',#32,#37);
#32 = PLANE('',#33);
#33 = AXIS2_PLACEMENT_3D('',#34,#35,#36);
#34 = CARTESIAN_POINT('',(-16.,-33.,-9.));
#35 = DIRECTION('',(-1.,0.,0.));
#36 = DIRECTION('',(0.,1.,0.));
#37 = DEFINITIONAL_REPRESENTATION('',(#38),#42);
#38 = LINE('',#39,#40);
#39 = CARTESIAN_POINT('',(0.,0.));
#40 = VECTOR('',#41,1.);
#41 = DIRECTION('',(0.,-1.));
#42 = ( GEOMETRIC_REPRESENTATION_CONTEXT(2) 
PARAMETRIC_REPRESENTATION_CONTEXT() REPRESENTATION_CONTEXT('2D SPACE',''
  ) );
#43 = PCURVE('',#44,#49);
#44 = CYLINDRICAL_SURFACE('',#45,5.);
#45 = AXIS2_PLACEMENT_3D('',#46,#47,#48);
#46 = CARTESIAN_POINT('',(-11.,-33.,-9.));
#47 = DIRECTION('',(0.,0.,-1.));
#48 = DIRECTION('',(-1.,0.,0.));
#49 = DEFINITIONAL_REPRESENTATION('',(#50),#54);
#50 = LINE('',#51,#52);
#51 = CARTESIAN_POINT('',(6.28318530718,0.));
#52 = VECTOR('',#53,1.);
#53 = DIRECTION('',(0.,-1.));
#54 = ( GEOMETRIC_REPRESENTATION_CONTEXT(2) 
PARAMETRIC_REPRESENTATION_CONTEXT() REPRESENTATION_CONTEXT('2D SPACE',''
  ) );
#55 = ORIENTED_EDGE('',*,*,#56,.T.);
#56 = EDGE_CURVE('',#24,#57,#59,.T.);
#57 = VERTEX_POINT('',#58);
#58 = CARTESIAN_POINT('',(-16.,33.,11.5));
#59 = SURFACE_CURVE('',#60,(#64,#71),.PCURVE_S1.);
#60 = LINE('',#61,#62);
#61 = CARTESIAN_POINT('',(-16.,0.,11.5));
#62 = VECTOR('',#63,1.);
#63 = DIRECTION('',(0.,1.,0.));
#64 = PCURVE('',#32,#65);
#65 = DEFINITIONAL_REPRESENTATION('',(#66),#70);
#66 = LINE('',#67,#68);
#67 = CARTESIAN_POINT('',(33.,-20.5));
#68 = VECTOR('',#69,1.);
#69 = DIRECTION('',(1.,0.));
#70 = ( GEOMETRIC_REPRESENTATION_CONTEXT(2) 
PARAMETRIC_REPRESENTATION_CONTEXT() REPRESENTATION_CONTEXT('2D SPACE',''
  ) );
#71 = PCURVE('',#72,#77);
#72 = PLANE('',#73);
#73 = AXIS2_PLACEMENT_3D('',#74,#75,#76);
#74 = CARTESIAN_POINT('',(-1.802653120241E-08,1.441275091753E-15,11.5));
#75 = DIRECTION('',(0.,0.,1.));
#76 = DIRECTION('',(1.,0.,-0.));
#77 = DEFINITIONAL_REPRESENTATION('',(#78),#82);
#78 = LINE('',#79,#80);
#79 = CARTESIAN_POINT('',(-15.99999998197,-1.441275091753E-15));
#80 = VECTOR('',#81,1.);
#81 = DIRECTION('',(0.,1.));
#82 = ( GEOMETRIC_REPRESENTATION_CONTEXT(2) 
PARAMETRIC_REPRESENTATION_CONTEXT() REPRESENTATION_CONTEXT('2D SPACE',''
  ) );
#83 = ORIENTED_EDGE('',*,*,#84,.F.);
#84 = EDGE_CURVE('',#85,#57,#87,.T.);
#85 = VERTEX_POINT('',#86);
#86 = CARTESIAN_POINT('',(-16.,33.,-9.));
#87 = SURFACE_CURVE('',#88,(#92,#99),.PCURVE_S1.);
#88 = LINE('',#89,#90);
#89 = CARTESIAN_POINT('',(-16.,33.,-9.));
#90 = VECTOR('',#91,1.);
#91 = DIRECTION('',(0.,0.,1.));
#92 = PCURVE('',#32,#93);
#93 = DEFINITIONAL_REPRESENTATION('',(#94),#98);
#94 = LINE('',#95,#96);
#95 = CARTESIAN_POINT('',(66.,0.));
#96 = VECTOR('',#97,1.);
#97 = DIRECTION('',(0.,-1.));
#98 = ( GEOMETRIC_REPRESENTATION_CONTEXT(2) 
PARAMETRIC_REPRESENTATION_CONTEXT() REPRESENTATION_CONTEXT('2D SPACE',''
  ) );
#99 = PCURVE('',#100,#105);
#100 = CYLINDRICAL_SURFACE('',#101,5.);
#101 = AXIS2_PLACEMENT_3D('',#102,#103,#104);
#102 = CARTESIAN_POINT('',(-11.,33.,-9.));
#103 = DIRECTION('',(0.,0.,-1.));
#104 = DIRECTION('',(-1.,0.,0.));
#105 = DEFINITIONAL_REPRESENTATION('',(#106),#110);
#106 = LINE('',#107,#108);
#107 = CARTESIAN_POINT('',(0.,0.));
#108 = VECTOR('',#109,1.);
#109 = DIRECTION('',(0.,-1.));
#110 = ( GEOMETRIC_REPRESENTATION_CONTEXT(2) 
PARAMETRIC_REPRESENTATION_CONTEXT() REPRESENTATION_CONTEXT('2D SPACE',''
  ) );
#111 = ORIENTED_EDGE('',*,*,#112,.F.);
#112 = EDGE_CURVE('',#22,#85,#113,.T.);
#113 = SURFACE_CURVE('',#114,(#118,#125),.PCURVE_S1.);
#114 = LINE('',#115,#116);
#115 = CARTESIAN_POINT('',(-16.,0.,-9.));
#116 = VECTOR('',#117,1.);
#117 = DIRECTION('',(0.,1.,0.));
#118 = PCURVE('',#32,#119);
#119 = DEFINITIONAL_REPRESENTATION('',(#120),#124);
#120 = LINE('',#121,#122);
#121 = CARTESIAN_POINT('',(33.,0.));
#122 = VECTOR('',#123,1.);
#123 = DIRECTION('',(1.,0.));
#124 = ( GEOMETRIC_REPRESENTATION_CONTEXT(2) 
PARAMETRIC_REPRESENTATION_CONTEXT() REPRESENTATION_CONTEXT('2D SPACE',''
  ) );
#125 = PCURVE('',#126,#131);
#126 = PLANE('',#127);
#127 = AXIS2_PLACEMENT_3D('',#128,#129,#130);
#128 = CARTESIAN_POINT('',(-1.802653120241E-08,1.441275091753E-15,-9.));
#129 = DIRECTION('',(0.,0.,1.));
#130 = DIRECTION('',(1.,0.,-0.));
#131 = DEFINITIONAL_REPRESENTATION('',(#132),#136);
#132 = LINE('',#133,#134);
#133 = CARTESIAN_POINT('',(-15.99999998197,-1.441275091753E-15));
#134 = VECTOR('',#135,1.);
#135 = DIRECTION('',(0.,1.));
#136 = ( GEOMETRIC_REPRESENTATION_CONTEXT(2) 
PARAMETRIC_REPRESENTATION_CONTEXT() REPRESENTATION_CONTEXT('2D SPACE',''
  ) );
#137 = ADVANCED_FACE('',(#138),#44,.T.);
#138 = FACE_BOUND('',#139,.T.);
#139 = EDGE_LOOP('',(#140,#170,#196,#197));
#140 = ORIENTED_EDGE('',*,*,#141,.T.);
#141 = EDGE_CURVE('',#142,#144,#146,.T.);
#142 = VERTEX_POINT('',#143);
#143 = CARTESIAN_POINT('',(-11.,-38.,-9.));
#144 = VERTEX_POINT('',#145);
#145 = CARTESIAN_POINT('',(-11.,-38.,11.5));
#146 = SURFACE_CURVE('',#147,(#151,#158),.PCURVE_S1.);
#147 = LINE('',#148,#149);
#148 = CARTESIAN_POINT('',(-11.,-38.,-9.));
#149 = VECTOR('',#150,1.);
#150 = DIRECTION('',(0.,0.,1.));
#151 = PCURVE('',#44,#152);
#152 = DEFINITIONAL_REPRESENTATION('',(#153),#157);
#153 = LINE('',#154,#155);
#154 = CARTESIAN_POINT('',(4.712388980385,0.));
#155 = VECTOR('',#156,1.);
#156 = DIRECTION('',(0.,-1.));
#157 = ( GEOMETRIC_REPRESENTATION_CONTEXT(2) 
PARAMETRIC_REPRESENTATION_CONTEXT() REPRESENTATION_CONTEXT('2D SPACE',''
  ) );
#158 = PCURVE('',#159,#164);
#159 = PLANE('',#160);
#160 = AXIS2_PLACEMENT_3D('',#161,#162,#163);
#161 = CARTESIAN_POINT('',(-11.,-38.,-9.));
#162 = DIRECTION('',(0.,1.,0.));
#163 = DIRECTION('',(1.,0.,0.));
#164 = DEFINITIONAL_REPRESENTATION('',(#165),#169);
#165 = LINE('',#166,#167);
#166 = CARTESIAN_POINT('',(0.,0.));
#167 = VECTOR('',#168,1.);
#168 = DIRECTION('',(0.,-1.));
#169 = ( GEOMETRIC_REPRESENTATION_CONTEXT(2) 
PARAMETRIC_REPRESENTATION_CONTEXT() REPRESENTATION_CONTEXT('2D SPACE',''
  ) );
#170 = ORIENTED_EDGE('',*,*,#171,.T.);
#171 = EDGE_CURVE('',#144,#24,#172,.T.);
#172 = SURFACE_CURVE('',#173,(#178,#185),.PCURVE_S1.);
#173 = CIRCLE('',#174,5.);
#174 = AXIS2_PLACEMENT_3D('',#175,#176,#177);
#175 = CARTESIAN_POINT('',(-11.,-33.,11.5));
#176 = DIRECTION('',(0.,0.,-1.));
#177 = DIRECTION('',(-1.,0.,0.));
#178 = PCURVE('',#44,#179);
#179 = DEFINITIONAL_REPRESENTATION('',(#180),#184);
#180 = LINE('',#181,#182);
#181 = CARTESIAN_POINT('',(0.,-20.5));
#182 = VECTOR('',#183,1.);
#183 = DIRECTION('',(1.,0.));
#184 = ( GEOMETRIC_REPRESENTATION_CONTEXT(2) 
PARAMETRIC_REPRESENTATION_CONTEXT() REPRESENTATION_CONTEXT('2D SPACE',''
  ) );
#185 = PCURVE('',#72,#186);
#186 = DEFINITIONAL_REPRESENTATION('',(#187),#195);
#187 = ( BOUNDED_CURVE() B_SPLINE_CURVE(2,(#188,#189,#190,#191,#192,#193
,#194),.UNSPECIFIED.,.T.,.F.) B_SPLINE_CURVE_WITH_KNOTS((1,2,2,2,2,1),(
    -2.094395102393,0.,2.094395102393,4.188790204786,6.28318530718,
8.377580409573),.UNSPECIFIED.) CURVE() GEOMETRIC_REPRESENTATION_ITEM() 
RATIONAL_B_SPLINE_CURVE((1.,0.5,1.,0.5,1.,0.5,1.)) REPRESENTATION_ITEM(
  '') );
#188 = CARTESIAN_POINT('',(-15.99999998197,-33.));
#189 = CARTESIAN_POINT('',(-15.99999998197,-24.33974596215));
#190 = CARTESIAN_POINT('',(-8.499999981974,-28.66987298107));
#191 = CARTESIAN_POINT('',(-0.999999981974,-33.));
#192 = CARTESIAN_POINT('',(-8.499999981974,-37.33012701892));
#193 = CARTESIAN_POINT('',(-15.99999998197,-41.66025403784));
#194 = CARTESIAN_POINT('',(-15.99999998197,-33.));
#195 = ( GEOMETRIC_REPRESENTATION_CONTEXT(2) 
PARAMETRIC_REPRESENTATION_CONTEXT() REPRESENTATION_CONTEXT('2D SPACE',''
  ) );
#196 = ORIENTED_EDGE('',*,*,#21,.F.);
#197 = ORIENTED_EDGE('',*,*,#198,.F.);
#198 = EDGE_CURVE('',#142,#22,#199,.T.);
#199 = SURFACE_CURVE('',#200,(#205,#212),.PCURVE_S1.);
#200 = CIRCLE('',#201,5.);
#201 = AXIS2_PLACEMENT_3D('',#202,#203,#204);
#202 = CARTESIAN_POINT('',(-11.,-33.,-9.));
#203 = DIRECTION('',(0.,0.,-1.));
#204 = DIRECTION('',(-1.,0.,0.));
#205 = PCURVE('',#44,#206);
#206 = DEFINITIONAL_REPRESENTATION('',(#207),#211);
#207 = LINE('',#208,#209);
#208 = CARTESIAN_POINT('',(0.,0.));
#209 = VECTOR('',#210,1.);
#210 = DIRECTION('',(1.,0.));
#211 = ( GEOMETRIC_REPRESENTATION_CONTEXT(2) 
PARAMETRIC_REPRESENTATION_CONTEXT() REPRESENTATION_CONTEXT('2D SPACE',''
  ) );
#212 = PCURVE('',#126,#213);
#213 = DEFINITIONAL_REPRESENTATION('',(#214),#222);
#214 = ( BOUNDED_CURVE() B_SPLINE_CURVE(2,(#215,#216,#217,#218,#219,#220
,#221),.UNSPECIFIED.,.T.,.F.) B_SPLINE_CURVE_WITH_KNOTS((1,2,2,2,2,1),(
    -2.094395102393,0.,2.094395102393,4.188790204786,6.28318530718,
8.377580409573),.UNSPECIFIED.) CURVE() GEOMETRIC_REPRESENTATION_ITEM() 
RATIONAL_B_SPLINE_CURVE((1.,0.5,1.,0.5,1.,0.5,1.)) REPRESENTATION_ITEM(
  '') );
#215 = CARTESIAN_POINT('',(-15.99999998197,-33.));
#216 = CARTESIAN_POINT('',(-15.99999998197,-24.33974596215));
#217 = CARTESIAN_POINT('',(-8.499999981974,-28.66987298107));
#218 = CARTESIAN_POINT('',(-0.999999981974,-33.));
#219 = CARTESIAN_POINT('',(-8.499999981974,-37.33012701892));
#220 = CARTESIAN_POINT('',(-15.99999998197,-41.66025403784));
#221 = CARTESIAN_POINT('',(-15.99999998197,-33.));
#222 = ( GEOMETRIC_REPRESENTATION_CONTEXT(2) 
PARAMETRIC_REPRESENTATION_CONTEXT() REPRESENTATION_CONTEXT('2D SPACE',''
  ) );
#223 = ADVANCED_FACE('',(#224),#100,.T.);
#224 = FACE_BOUND('',#225,.T.);
#225 = EDGE_LOOP('',(#226,#227,#255,#283));
#226 = ORIENTED_EDGE('',*,*,#84,.T.);
#227 = ORIENTED_EDGE('',*,*,#228,.T.);
#228 = EDGE_CURVE('',#57,#229,#231,.T.);
#229 = VERTEX_POINT('',#230);
#230 = CARTESIAN_POINT('',(-11.,38.,11.5));
#231 = SURFACE_CURVE('',#232,(#237,#244),.PCURVE_S1.);
#232 = CIRCLE('',#233,5.);
#233 = AXIS2_PLACEMENT_3D('',#234,#235,#236);
#234 = CARTESIAN_POINT('',(-11.,33.,11.5));
#235 = DIRECTION('',(0.,0.,-1.));
#236 = DIRECTION('',(-1.,0.,0.));
#237 = PCURVE('',#100,#238);
#238 = DEFINITIONAL_REPRESENTATION('',(#239),#243);
#239 = LINE('',#240,#241);
#240 = CARTESIAN_POINT('',(0.,-20.5));
#241 = VECTOR('',#242,1.);
#242 = DIRECTION('',(1.,0.));
#243 = ( GEOMETRIC_REPRESENTATION_CONTEXT(2) 
PARAMETRIC_REPRESENTATION_CONTEXT() REPRESENTATION_CONTEXT('2D SPACE',''
  ) );
#244 = PCURVE('',#72,#245);
#245 = DEFINITIONAL_REPRESENTATION('',(#246),#254);
#246 = ( BOUNDED_CURVE() B_SPLINE_CURVE(2,(#247,#248,#249,#250,#251,#252
,#253),.UNSPECIFIED.,.T.,.F.) B_SPLINE_CURVE_WITH_KNOTS((1,2,2,2,2,1),(
    -2.094395102393,0.,2.094395102393,4.188790204786,6.28318530718,
8.377580409573),.UNSPECIFIED.) CURVE() GEOMETRIC_REPRESENTATION_ITEM() 
RATIONAL_B_SPLINE_CURVE((1.,0.5,1.,0.5,1.,0.5,1.)) REPRESENTATION_ITEM(
  '') );
#247 = CARTESIAN_POINT('',(-15.99999998197,33.));
#248 = CARTESIAN_POINT('',(-15.99999998197,41.660254037844));
#249 = CARTESIAN_POINT('',(-8.499999981974,37.330127018922));
#250 = CARTESIAN_POINT('',(-0.999999981974,33.));
#251 = CARTESIAN_POINT('',(-8.499999981974,28.669872981078));
#252 = CARTESIAN_POINT('',(-15.99999998197,24.339745962156));
#253 = CARTESIAN_POINT('',(-15.99999998197,33.));
#254 = ( GEOMETRIC_REPRESENTATION_CONTEXT(2) 
PARAMETRIC_REPRESENTATION_CONTEXT() REPRESENTATION_CONTEXT('2D SPACE',''
  ) );
#255 = ORIENTED_EDGE('',*,*,#256,.F.);
#256 = EDGE_CURVE('',#257,#229,#259,.T.);
#257 = VERTEX_POINT('',#258);
#258 = CARTESIAN_POINT('',(-11.,38.,-9.));
#259 = SURFACE_CURVE('',#260,(#264,#271),.PCURVE_S1.);
#260 = LINE('',#261,#262);
#261 = CARTESIAN_POINT('',(-11.,38.,-9.));
#262 = VECTOR('',#263,1.);
#263 = DIRECTION('',(0.,0.,1.));
#264 = PCURVE('',#100,#265);
#265 = DEFINITIONAL_REPRESENTATION('',(#266),#270);
#266 = LINE('',#267,#268);
#267 = CARTESIAN_POINT('',(1.570796326795,0.));
#268 = VECTOR('',#269,1.);
#269 = DIRECTION('',(0.,-1.));
#270 = ( GEOMETRIC_REPRESENTATION_CONTEXT(2) 
PARAMETRIC_REPRESENTATION_CONTEXT() REPRESENTATION_CONTEXT('2D SPACE',''
  ) );
#271 = PCURVE('',#272,#277);
#272 = PLANE('',#273);
#273 = AXIS2_PLACEMENT_3D('',#274,#275,#276);
#274 = CARTESIAN_POINT('',(-11.,38.,-9.));
#275 = DIRECTION('',(0.,1.,0.));
#276 = DIRECTION('',(1.,0.,0.));
#277 = DEFINITIONAL_REPRESENTATION('',(#278),#282);
#278 = LINE('',#279,#280);
#279 = CARTESIAN_POINT('',(0.,0.));
#280 = VECTOR('',#281,1.);
#281 = DIRECTION('',(0.,-1.));
#282 = ( GEOMETRIC_REPRESENTATION_CONTEXT(2) 
PARAMETRIC_REPRESENTATION_CONTEXT() REPRESENTATION_CONTEXT('2D SPACE',''
  ) );
#283 = ORIENTED_EDGE('',*,*,#284,.F.);
#284 = EDGE_CURVE('',#85,#257,#285,.T.);
#285 = SURFACE_CURVE('',#286,(#291,#298),.PCURVE_S1.);
#286 = CIRCLE('',#287,5.);
#287 = AXIS2_PLACEMENT_3D('',#288,#289,#290);
#288 = CARTESIAN_POINT('',(-11.,33.,-9.));
#289 = DIRECTION('',(0.,0.,-1.));
#290 = DIRECTION('',(-1.,0.,0.));
#291 = PCURVE('',#100,#292);
#292 = DEFINITIONAL_REPRESENTATION('',(#293),#297);
#293 = LINE('',#294,#295);
#294 = CARTESIAN_POINT('',(0.,0.));
#295 = VECTOR('',#296,1.);
#296 = DIRECTION('',(1.,0.));
#297 = ( GEOMETRIC_REPRESENTATION_CONTEXT(2) 
PARAMETRIC_REPRESENTATION_CONTEXT() REPRESENTATION_CONTEXT('2D SPACE',''
  ) );
#298 = PCURVE('',#126,#299);
#299 = DEFINITIONAL_REPRESENTATION('',(#300),#308);
#300 = ( BOUNDED_CURVE() B_SPLINE_CURVE(2,(#301,#302,#303,#304,#305,#306
,#307),.UNSPECIFIED.,.T.,.F.) B_SPLINE_CURVE_WITH_KNOTS((1,2,2,2,2,1),(
    -2.094395102393,0.,2.094395102393,4.188790204786,6.28318530718,
8.377580409573),.UNSPECIFIED.) CURVE() GEOMETRIC_REPRESENTATION_ITEM() 
RATIONAL_B_SPLINE_CURVE((1.,0.5,1.,0.5,1.,0.5,1.)) REPRESENTATION_ITEM(
  '') );
#301 = CARTESIAN_POINT('',(-15.99999998197,33.));
#302 = CARTESIAN_POINT('',(-15.99999998197,41.660254037844));
#303 = CARTESIAN_POINT('',(-8.499999981974,37.330127018922));
#304 = CARTESIAN_POINT('',(-0.999999981974,33.));
#305 = CARTESIAN_POINT('',(-8.499999981974,28.669872981078));
#306 = CARTESIAN_POINT('',(-15.99999998197,24.339745962156));
#307 = CARTESIAN_POINT('',(-15.99999998197,33.));
#308 = ( GEOMETRIC_REPRESENTATION_CONTEXT(2) 
PARAMETRIC_REPRESENTATION_CONTEXT() REPRESENTATION_CONTEXT('2D SPACE',''
  ) );
#309 = ADVANCED_FACE('',(#310),#126,.F.);
#310 = FACE_BOUND('',#311,.F.);
#311 = EDGE_LOOP('',(#312,#313,#314,#337,#370,#398,#431,#452));
#312 = ORIENTED_EDGE('',*,*,#112,.F.);
#313 = ORIENTED_EDGE('',*,*,#198,.F.);
#314 = ORIENTED_EDGE('',*,*,#315,.T.);
#315 = EDGE_CURVE('',#142,#316,#318,.T.);
#316 = VERTEX_POINT('',#317);
#317 = CARTESIAN_POINT('',(10.999999900543,-38.,-9.));
#318 = SURFACE_CURVE('',#319,(#323,#330),.PCURVE_S1.);
#319 = LINE('',#320,#321);
#320 = CARTESIAN_POINT('',(3.552713678801E-14,-38.,-9.));
#321 = VECTOR('',#322,1.);
#322 = DIRECTION('',(1.,0.,0.));
#323 = PCURVE('',#126,#324);
#324 = DEFINITIONAL_REPRESENTATION('',(#325),#329);
#325 = LINE('',#326,#327);
#326 = CARTESIAN_POINT('',(1.802656672955E-08,-38.));
#327 = VECTOR('',#328,1.);
#328 = DIRECTION('',(1.,0.));
#329 = ( GEOMETRIC_REPRESENTATION_CONTEXT(2) 
PARAMETRIC_REPRESENTATION_CONTEXT() REPRESENTATION_CONTEXT('2D SPACE',''
  ) );
#330 = PCURVE('',#159,#331);
#331 = DEFINITIONAL_REPRESENTATION('',(#332),#336);
#332 = LINE('',#333,#334);
#333 = CARTESIAN_POINT('',(11.,0.));
#334 = VECTOR('',#335,1.);
#335 = DIRECTION('',(1.,0.));
#336 = ( GEOMETRIC_REPRESENTATION_CONTEXT(2) 
PARAMETRIC_REPRESENTATION_CONTEXT() REPRESENTATION_CONTEXT('2D SPACE',''
  ) );
#337 = ORIENTED_EDGE('',*,*,#338,.F.);
#338 = EDGE_CURVE('',#339,#316,#341,.T.);
#339 = VERTEX_POINT('',#340);
#340 = CARTESIAN_POINT('',(15.999999950271,-33.,-9.));
#341 = SURFACE_CURVE('',#342,(#347,#358),.PCURVE_S1.);
#342 = CIRCLE('',#343,5.);
#343 = AXIS2_PLACEMENT_3D('',#344,#345,#346);
#344 = CARTESIAN_POINT('',(10.999999900543,-33.,-9.));
#345 = DIRECTION('',(0.,0.,-1.));
#346 = DIRECTION('',(-1.,0.,0.));
#347 = PCURVE('',#126,#348);
#348 = DEFINITIONAL_REPRESENTATION('',(#349),#357);
#349 = ( BOUNDED_CURVE() B_SPLINE_CURVE(2,(#350,#351,#352,#353,#354,#355
,#356),.UNSPECIFIED.,.T.,.F.) B_SPLINE_CURVE_WITH_KNOTS((1,2,2,2,2,1),(
    -2.094395102393,0.,2.094395102393,4.188790204786,6.28318530718,
8.377580409573),.UNSPECIFIED.) CURVE() GEOMETRIC_REPRESENTATION_ITEM() 
RATIONAL_B_SPLINE_CURVE((1.,0.5,1.,0.5,1.,0.5,1.)) REPRESENTATION_ITEM(
  '') );
#350 = CARTESIAN_POINT('',(5.999999918569,-33.));
#351 = CARTESIAN_POINT('',(5.999999918569,-24.33974596215));
#352 = CARTESIAN_POINT('',(13.499999918569,-28.66987298107));
#353 = CARTESIAN_POINT('',(20.999999918569,-33.));
#354 = CARTESIAN_POINT('',(13.499999918569,-37.33012701892));
#355 = CARTESIAN_POINT('',(5.999999918569,-41.66025403784));
#356 = CARTESIAN_POINT('',(5.999999918569,-33.));
#357 = ( GEOMETRIC_REPRESENTATION_CONTEXT(2) 
PARAMETRIC_REPRESENTATION_CONTEXT() REPRESENTATION_CONTEXT('2D SPACE',''
  ) );
#358 = PCURVE('',#359,#364);
#359 = CYLINDRICAL_SURFACE('',#360,5.);
#360 = AXIS2_PLACEMENT_3D('',#361,#362,#363);
#361 = CARTESIAN_POINT('',(10.999999900543,-33.,-9.));
#362 = DIRECTION('',(0.,0.,-1.));
#363 = DIRECTION('',(-1.,0.,0.));
#364 = DEFINITIONAL_REPRESENTATION('',(#365),#369);
#365 = LINE('',#366,#367);
#366 = CARTESIAN_POINT('',(0.,0.));
#367 = VECTOR('',#368,1.);
#368 = DIRECTION('',(1.,0.));
#369 = ( GEOMETRIC_REPRESENTATION_CONTEXT(2) 
PARAMETRIC_REPRESENTATION_CONTEXT() REPRESENTATION_CONTEXT('2D SPACE',''
  ) );
#370 = ORIENTED_EDGE('',*,*,#371,.T.);
#371 = EDGE_CURVE('',#339,#372,#374,.T.);
#372 = VERTEX_POINT('',#373);
#373 = CARTESIAN_POINT('',(15.999999950271,33.,-9.));
#374 = SURFACE_CURVE('',#375,(#379,#386),.PCURVE_S1.);
#375 = LINE('',#376,#377);
#376 = CARTESIAN_POINT('',(16.,0.,-9.));
#377 = VECTOR('',#378,1.);
#378 = DIRECTION('',(0.,1.,0.));
#379 = PCURVE('',#126,#380);
#380 = DEFINITIONAL_REPRESENTATION('',(#381),#385);
#381 = LINE('',#382,#383);
#382 = CARTESIAN_POINT('',(16.000000018027,-1.441275091753E-15));
#383 = VECTOR('',#384,1.);
#384 = DIRECTION('',(0.,1.));
#385 = ( GEOMETRIC_REPRESENTATION_CONTEXT(2) 
PARAMETRIC_REPRESENTATION_CONTEXT() REPRESENTATION_CONTEXT('2D SPACE',''
  ) );
#386 = PCURVE('',#387,#392);
#387 = PLANE('',#388);
#388 = AXIS2_PLACEMENT_3D('',#389,#390,#391);
#389 = CARTESIAN_POINT('',(16.,-33.,-9.));
#390 = DIRECTION('',(-1.,0.,0.));
#391 = DIRECTION('',(0.,1.,0.));
#392 = DEFINITIONAL_REPRESENTATION('',(#393),#397);
#393 = LINE('',#394,#395);
#394 = CARTESIAN_POINT('',(33.,0.));
#395 = VECTOR('',#396,1.);
#396 = DIRECTION('',(1.,0.));
#397 = ( GEOMETRIC_REPRESENTATION_CONTEXT(2) 
PARAMETRIC_REPRESENTATION_CONTEXT() REPRESENTATION_CONTEXT('2D SPACE',''
  ) );
#398 = ORIENTED_EDGE('',*,*,#399,.F.);
#399 = EDGE_CURVE('',#400,#372,#402,.T.);
#400 = VERTEX_POINT('',#401);
#401 = CARTESIAN_POINT('',(10.999999900543,38.,-9.));
#402 = SURFACE_CURVE('',#403,(#408,#419),.PCURVE_S1.);
#403 = CIRCLE('',#404,5.);
#404 = AXIS2_PLACEMENT_3D('',#405,#406,#407);
#405 = CARTESIAN_POINT('',(10.999999900543,33.,-9.));
#406 = DIRECTION('',(0.,0.,-1.));
#407 = DIRECTION('',(-1.,0.,0.));
#408 = PCURVE('',#126,#409);
#409 = DEFINITIONAL_REPRESENTATION('',(#410),#418);
#410 = ( BOUNDED_CURVE() B_SPLINE_CURVE(2,(#411,#412,#413,#414,#415,#416
,#417),.UNSPECIFIED.,.T.,.F.) B_SPLINE_CURVE_WITH_KNOTS((1,2,2,2,2,1),(
    -2.094395102393,0.,2.094395102393,4.188790204786,6.28318530718,
8.377580409573),.UNSPECIFIED.) CURVE() GEOMETRIC_REPRESENTATION_ITEM() 
RATIONAL_B_SPLINE_CURVE((1.,0.5,1.,0.5,1.,0.5,1.)) REPRESENTATION_ITEM(
  '') );
#411 = CARTESIAN_POINT('',(5.999999918569,33.));
#412 = CARTESIAN_POINT('',(5.999999918569,41.660254037844));
#413 = CARTESIAN_POINT('',(13.499999918569,37.330127018922));
#414 = CARTESIAN_POINT('',(20.999999918569,33.));
#415 = CARTESIAN_POINT('',(13.499999918569,28.669872981078));
#416 = CARTESIAN_POINT('',(5.999999918569,24.339745962156));
#417 = CARTESIAN_POINT('',(5.999999918569,33.));
#418 = ( GEOMETRIC_REPRESENTATION_CONTEXT(2) 
PARAMETRIC_REPRESENTATION_CONTEXT() REPRESENTATION_CONTEXT('2D SPACE',''
  ) );
#419 = PCURVE('',#420,#425);
#420 = CYLINDRICAL_SURFACE('',#421,5.);
#421 = AXIS2_PLACEMENT_3D('',#422,#423,#424);
#422 = CARTESIAN_POINT('',(10.999999900543,33.,-9.));
#423 = DIRECTION('',(0.,0.,-1.));
#424 = DIRECTION('',(-1.,0.,0.));
#425 = DEFINITIONAL_REPRESENTATION('',(#426),#430);
#426 = LINE('',#427,#428);
#427 = CARTESIAN_POINT('',(0.,0.));
#428 = VECTOR('',#429,1.);
#429 = DIRECTION('',(1.,0.));
#430 = ( GEOMETRIC_REPRESENTATION_CONTEXT(2) 
PARAMETRIC_REPRESENTATION_CONTEXT() REPRESENTATION_CONTEXT('2D SPACE',''
  ) );
#431 = ORIENTED_EDGE('',*,*,#432,.F.);
#432 = EDGE_CURVE('',#257,#400,#433,.T.);
#433 = SURFACE_CURVE('',#434,(#438,#445),.PCURVE_S1.);
#434 = LINE('',#435,#436);
#435 = CARTESIAN_POINT('',(3.552713678801E-14,38.,-9.));
#436 = VECTOR('',#437,1.);
#437 = DIRECTION('',(1.,0.,0.));
#438 = PCURVE('',#126,#439);
#439 = DEFINITIONAL_REPRESENTATION('',(#440),#444);
#440 = LINE('',#441,#442);
#441 = CARTESIAN_POINT('',(1.802656672955E-08,38.));
#442 = VECTOR('',#443,1.);
#443 = DIRECTION('',(1.,0.));
#444 = ( GEOMETRIC_REPRESENTATION_CONTEXT(2) 
PARAMETRIC_REPRESENTATION_CONTEXT() REPRESENTATION_CONTEXT('2D SPACE',''
  ) );
#445 = PCURVE('',#272,#446);
#446 = DEFINITIONAL_REPRESENTATION('',(#447),#451);
#447 = LINE('',#448,#449);
#448 = CARTESIAN_POINT('',(11.,0.));
#449 = VECTOR('',#450,1.);
#450 = DIRECTION('',(1.,0.));
#451 = ( GEOMETRIC_REPRESENTATION_CONTEXT(2) 
PARAMETRIC_REPRESENTATION_CONTEXT() REPRESENTATION_CONTEXT('2D SPACE',''
  ) );
#452 = ORIENTED_EDGE('',*,*,#284,.F.);
#453 = ADVANCED_FACE('',(#454,#582),#72,.T.);
#454 = FACE_BOUND('',#455,.T.);
#455 = EDGE_LOOP('',(#456,#457,#458,#481,#509,#532,#560,#581));
#456 = ORIENTED_EDGE('',*,*,#56,.F.);
#457 = ORIENTED_EDGE('',*,*,#171,.F.);
#458 = ORIENTED_EDGE('',*,*,#459,.T.);
#459 = EDGE_CURVE('',#144,#460,#462,.T.);
#460 = VERTEX_POINT('',#461);
#461 = CARTESIAN_POINT('',(10.999999900543,-38.,11.5));
#462 = SURFACE_CURVE('',#463,(#467,#474),.PCURVE_S1.);
#463 = LINE('',#464,#465);
#464 = CARTESIAN_POINT('',(3.552713678801E-14,-38.,11.5));
#465 = VECTOR('',#466,1.);
#466 = DIRECTION('',(1.,0.,0.));
#467 = PCURVE('',#72,#468);
#468 = DEFINITIONAL_REPRESENTATION('',(#469),#473);
#469 = LINE('',#470,#471);
#470 = CARTESIAN_POINT('',(1.802656672955E-08,-38.));
#471 = VECTOR('',#472,1.);
#472 = DIRECTION('',(1.,0.));
#473 = ( GEOMETRIC_REPRESENTATION_CONTEXT(2) 
PARAMETRIC_REPRESENTATION_CONTEXT() REPRESENTATION_CONTEXT('2D SPACE',''
  ) );
#474 = PCURVE('',#159,#475);
#475 = DEFINITIONAL_REPRESENTATION('',(#476),#480);
#476 = LINE('',#477,#478);
#477 = CARTESIAN_POINT('',(11.,-20.5));
#478 = VECTOR('',#479,1.);
#479 = DIRECTION('',(1.,0.));
#480 = ( GEOMETRIC_REPRESENTATION_CONTEXT(2) 
PARAMETRIC_REPRESENTATION_CONTEXT() REPRESENTATION_CONTEXT('2D SPACE',''
  ) );
#481 = ORIENTED_EDGE('',*,*,#482,.F.);
#482 = EDGE_CURVE('',#483,#460,#485,.T.);
#483 = VERTEX_POINT('',#484);
#484 = CARTESIAN_POINT('',(15.999999950271,-33.,11.5));
#485 = SURFACE_CURVE('',#486,(#491,#502),.PCURVE_S1.);
#486 = CIRCLE('',#487,5.);
#487 = AXIS2_PLACEMENT_3D('',#488,#489,#490);
#488 = CARTESIAN_POINT('',(10.999999900543,-33.,11.5));
#489 = DIRECTION('',(0.,0.,-1.));
#490 = DIRECTION('',(-1.,0.,0.));
#491 = PCURVE('',#72,#492);
#492 = DEFINITIONAL_REPRESENTATION('',(#493),#501);
#493 = ( BOUNDED_CURVE() B_SPLINE_CURVE(2,(#494,#495,#496,#497,#498,#499
,#500),.UNSPECIFIED.,.T.,.F.) B_SPLINE_CURVE_WITH_KNOTS((1,2,2,2,2,1),(
    -2.094395102393,0.,2.094395102393,4.188790204786,6.28318530718,
8.377580409573),.UNSPECIFIED.) CURVE() GEOMETRIC_REPRESENTATION_ITEM() 
RATIONAL_B_SPLINE_CURVE((1.,0.5,1.,0.5,1.,0.5,1.)) REPRESENTATION_ITEM(
  '') );
#494 = CARTESIAN_POINT('',(5.999999918569,-33.));
#495 = CARTESIAN_POINT('',(5.999999918569,-24.33974596215));
#496 = CARTESIAN_POINT('',(13.499999918569,-28.66987298107));
#497 = CARTESIAN_POINT('',(20.999999918569,-33.));
#498 = CARTESIAN_POINT('',(13.499999918569,-37.33012701892));
#499 = CARTESIAN_POINT('',(5.999999918569,-41.66025403784));
#500 = CARTESIAN_POINT('',(5.999999918569,-33.));
#501 = ( GEOMETRIC_REPRESENTATION_CONTEXT(2) 
PARAMETRIC_REPRESENTATION_CONTEXT() REPRESENTATION_CONTEXT('2D SPACE',''
  ) );
#502 = PCURVE('',#359,#503);
#503 = DEFINITIONAL_REPRESENTATION('',(#504),#508);
#504 = LINE('',#505,#506);
#505 = CARTESIAN_POINT('',(0.,-20.5));
#506 = VECTOR('',#507,1.);
#507 = DIRECTION('',(1.,0.));
#508 = ( GEOMETRIC_REPRESENTATION_CONTEXT(2) 
PARAMETRIC_REPRESENTATION_CONTEXT() REPRESENTATION_CONTEXT('2D SPACE',''
  ) );
#509 = ORIENTED_EDGE('',*,*,#510,.T.);
#510 = EDGE_CURVE('',#483,#511,#513,.T.);
#511 = VERTEX_POINT('',#512);
#512 = CARTESIAN_POINT('',(15.999999950271,33.,11.5));
#513 = SURFACE_CURVE('',#514,(#518,#525),.PCURVE_S1.);
#514 = LINE('',#515,#516);
#515 = CARTESIAN_POINT('',(16.,0.,11.5));
#516 = VECTOR('',#517,1.);
#517 = DIRECTION('',(0.,1.,0.));
#518 = PCURVE('',#72,#519);
#519 = DEFINITIONAL_REPRESENTATION('',(#520),#524);
#520 = LINE('',#521,#522);
#521 = CARTESIAN_POINT('',(16.000000018027,-1.441275091753E-15));
#522 = VECTOR('',#523,1.);
#523 = DIRECTION('',(0.,1.));
#524 = ( GEOMETRIC_REPRESENTATION_CONTEXT(2) 
PARAMETRIC_REPRESENTATION_CONTEXT() REPRESENTATION_CONTEXT('2D SPACE',''
  ) );
#525 = PCURVE('',#387,#526);
#526 = DEFINITIONAL_REPRESENTATION('',(#527),#531);
#527 = LINE('',#528,#529);
#528 = CARTESIAN_POINT('',(33.,-20.5));
#529 = VECTOR('',#530,1.);
#530 = DIRECTION('',(1.,0.));
#531 = ( GEOMETRIC_REPRESENTATION_CONTEXT(2) 
PARAMETRIC_REPRESENTATION_CONTEXT() REPRESENTATION_CONTEXT('2D SPACE',''
  ) );
#532 = ORIENTED_EDGE('',*,*,#533,.F.);
#533 = EDGE_CURVE('',#534,#511,#536,.T.);
#534 = VERTEX_POINT('',#535);
#535 = CARTESIAN_POINT('',(10.999999900543,38.,11.5));
#536 = SURFACE_CURVE('',#537,(#542,#553),.PCURVE_S1.);
#537 = CIRCLE('',#538,5.);
#538 = AXIS2_PLACEMENT_3D('',#539,#540,#541);
#539 = CARTESIAN_POINT('',(10.999999900543,33.,11.5));
#540 = DIRECTION('',(0.,0.,-1.));
#541 = DIRECTION('',(-1.,0.,0.));
#542 = PCURVE('',#72,#543);
#543 = DEFINITIONAL_REPRESENTATION('',(#544),#552);
#544 = ( BOUNDED_CURVE() B_SPLINE_CURVE(2,(#545,#546,#547,#548,#549,#550
,#551),.UNSPECIFIED.,.T.,.F.) B_SPLINE_CURVE_WITH_KNOTS((1,2,2,2,2,1),(
    -2.094395102393,0.,2.094395102393,4.188790204786,6.28318530718,
8.377580409573),.UNSPECIFIED.) CURVE() GEOMETRIC_REPRESENTATION_ITEM() 
RATIONAL_B_SPLINE_CURVE((1.,0.5,1.,0.5,1.,0.5,1.)) REPRESENTATION_ITEM(
  '') );
#545 = CARTESIAN_POINT('',(5.999999918569,33.));
#546 = CARTESIAN_POINT('',(5.999999918569,41.660254037844));
#547 = CARTESIAN_POINT('',(13.499999918569,37.330127018922));
#548 = CARTESIAN_POINT('',(20.999999918569,33.));
#549 = CARTESIAN_POINT('',(13.499999918569,28.669872981078));
#550 = CARTESIAN_POINT('',(5.999999918569,24.339745962156));
#551 = CARTESIAN_POINT('',(5.999999918569,33.));
#552 = ( GEOMETRIC_REPRESENTATION_CONTEXT(2) 
PARAMETRIC_REPRESENTATION_CONTEXT() REPRESENTATION_CONTEXT('2D SPACE',''
  ) );
#553 = PCURVE('',#420,#554);
#554 = DEFINITIONAL_REPRESENTATION('',(#555),#559);
#555 = LINE('',#556,#557);
#556 = CARTESIAN_POINT('',(0.,-20.5));
#557 = VECTOR('',#558,1.);
#558 = DIRECTION('',(1.,0.));
#559 = ( GEOMETRIC_REPRESENTATION_CONTEXT(2) 
PARAMETRIC_REPRESENTATION_CONTEXT() REPRESENTATION_CONTEXT('2D SPACE',''
  ) );
#560 = ORIENTED_EDGE('',*,*,#561,.F.);
#561 = EDGE_CURVE('',#229,#534,#562,.T.);
#562 = SURFACE_CURVE('',#563,(#567,#574),.PCURVE_S1.);
#563 = LINE('',#564,#565);
#564 = CARTESIAN_POINT('',(3.552713678801E-14,38.,11.5));
#565 = VECTOR('',#566,1.);
#566 = DIRECTION('',(1.,0.,0.));
#567 = PCURVE('',#72,#568);
#568 = DEFINITIONAL_REPRESENTATION('',(#569),#573);
#569 = LINE('',#570,#571);
#570 = CARTESIAN_POINT('',(1.802656672955E-08,38.));
#571 = VECTOR('',#572,1.);
#572 = DIRECTION('',(1.,0.));
#573 = ( GEOMETRIC_REPRESENTATION_CONTEXT(2) 
PARAMETRIC_REPRESENTATION_CONTEXT() REPRESENTATION_CONTEXT('2D SPACE',''
  ) );
#574 = PCURVE('',#272,#575);
#575 = DEFINITIONAL_REPRESENTATION('',(#576),#580);
#576 = LINE('',#577,#578);
#577 = CARTESIAN_POINT('',(11.,-20.5));
#578 = VECTOR('',#579,1.);
#579 = DIRECTION('',(1.,0.));
#580 = ( GEOMETRIC_REPRESENTATION_CONTEXT(2) 
PARAMETRIC_REPRESENTATION_CONTEXT() REPRESENTATION_CONTEXT('2D SPACE',''
  ) );
#581 = ORIENTED_EDGE('',*,*,#228,.F.);
#582 = FACE_BOUND('',#583,.T.);
#583 = EDGE_LOOP('',(#584,#612,#645,#671,#704,#730,#763,#789));
#584 = ORIENTED_EDGE('',*,*,#585,.F.);
#585 = EDGE_CURVE('',#586,#588,#590,.T.);
#586 = VERTEX_POINT('',#587);
#587 = CARTESIAN_POINT('',(-14.5,33.,11.5));
#588 = VERTEX_POINT('',#589);
#589 = CARTESIAN_POINT('',(-14.5,-33.,11.5));
#590 = SURFACE_CURVE('',#591,(#595,#601),.PCURVE_S1.);
#591 = LINE('',#592,#593);
#592 = CARTESIAN_POINT('',(-14.5,-16.5,11.5));
#593 = VECTOR('',#594,1.);
#594 = DIRECTION('',(0.,-1.,0.));
#595 = PCURVE('',#72,#596);
#596 = DEFINITIONAL_REPRESENTATION('',(#597),#600);
#597 = B_SPLINE_CURVE_WITH_KNOTS('',1,(#598,#599),.UNSPECIFIED.,.F.,.F.,
  (2,2),(-49.5,16.5),.PIECEWISE_BEZIER_KNOTS.);
#598 = CARTESIAN_POINT('',(-14.49999998197,33.));
#599 = CARTESIAN_POINT('',(-14.49999998197,-33.));
#600 = ( GEOMETRIC_REPRESENTATION_CONTEXT(2) 
PARAMETRIC_REPRESENTATION_CONTEXT() REPRESENTATION_CONTEXT('2D SPACE',''
  ) );
#601 = PCURVE('',#602,#607);
#602 = PLANE('',#603);
#603 = AXIS2_PLACEMENT_3D('',#604,#605,#606);
#604 = CARTESIAN_POINT('',(-14.5,-33.,-7.5));
#605 = DIRECTION('',(-1.,0.,0.));
#606 = DIRECTION('',(0.,1.,0.));
#607 = DEFINITIONAL_REPRESENTATION('',(#608),#611);
#608 = B_SPLINE_CURVE_WITH_KNOTS('',1,(#609,#610),.UNSPECIFIED.,.F.,.F.,
  (2,2),(-49.5,16.5),.PIECEWISE_BEZIER_KNOTS.);
#609 = CARTESIAN_POINT('',(66.,-19.));
#610 = CARTESIAN_POINT('',(0.,-19.));
#611 = ( GEOMETRIC_REPRESENTATION_CONTEXT(2) 
PARAMETRIC_REPRESENTATION_CONTEXT() REPRESENTATION_CONTEXT('2D SPACE',''
  ) );
#612 = ORIENTED_EDGE('',*,*,#613,.T.);
#613 = EDGE_CURVE('',#586,#614,#616,.T.);
#614 = VERTEX_POINT('',#615);
#615 = CARTESIAN_POINT('',(-11.,36.5,11.5));
#616 = SURFACE_CURVE('',#617,(#622,#633),.PCURVE_S1.);
#617 = CIRCLE('',#618,3.5);
#618 = AXIS2_PLACEMENT_3D('',#619,#620,#621);
#619 = CARTESIAN_POINT('',(-11.,33.,11.5));
#620 = DIRECTION('',(0.,0.,-1.));
#621 = DIRECTION('',(-1.,0.,0.));
#622 = PCURVE('',#72,#623);
#623 = DEFINITIONAL_REPRESENTATION('',(#624),#632);
#624 = ( BOUNDED_CURVE() B_SPLINE_CURVE(2,(#625,#626,#627,#628,#629,#630
,#631),.UNSPECIFIED.,.T.,.F.) B_SPLINE_CURVE_WITH_KNOTS((1,2,2,2,2,1),(
    -2.094395102393,0.,2.094395102393,4.188790204786,6.28318530718,
8.377580409573),.UNSPECIFIED.) CURVE() GEOMETRIC_REPRESENTATION_ITEM() 
RATIONAL_B_SPLINE_CURVE((1.,0.5,1.,0.5,1.,0.5,1.)) REPRESENTATION_ITEM(
  '') );
#625 = CARTESIAN_POINT('',(-14.49999998197,33.));
#626 = CARTESIAN_POINT('',(-14.49999998197,39.062177826491));
#627 = CARTESIAN_POINT('',(-9.249999981974,36.031088913246));
#628 = CARTESIAN_POINT('',(-3.999999981974,33.));
#629 = CARTESIAN_POINT('',(-9.249999981974,29.968911086754));
#630 = CARTESIAN_POINT('',(-14.49999998197,26.937822173509));
#631 = CARTESIAN_POINT('',(-14.49999998197,33.));
#632 = ( GEOMETRIC_REPRESENTATION_CONTEXT(2) 
PARAMETRIC_REPRESENTATION_CONTEXT() REPRESENTATION_CONTEXT('2D SPACE',''
  ) );
#633 = PCURVE('',#634,#639);
#634 = CYLINDRICAL_SURFACE('',#635,3.5);
#635 = AXIS2_PLACEMENT_3D('',#636,#637,#638);
#636 = CARTESIAN_POINT('',(-11.,33.,-7.5));
#637 = DIRECTION('',(0.,0.,-1.));
#638 = DIRECTION('',(-1.,0.,0.));
#639 = DEFINITIONAL_REPRESENTATION('',(#640),#644);
#640 = LINE('',#641,#642);
#641 = CARTESIAN_POINT('',(0.,-19.));
#642 = VECTOR('',#643,1.);
#643 = DIRECTION('',(1.,0.));
#644 = ( GEOMETRIC_REPRESENTATION_CONTEXT(2) 
PARAMETRIC_REPRESENTATION_CONTEXT() REPRESENTATION_CONTEXT('2D SPACE',''
  ) );
#645 = ORIENTED_EDGE('',*,*,#646,.F.);
#646 = EDGE_CURVE('',#647,#614,#649,.T.);
#647 = VERTEX_POINT('',#648);
#648 = CARTESIAN_POINT('',(10.999999998645,36.5,11.5));
#649 = SURFACE_CURVE('',#650,(#654,#660),.PCURVE_S1.);
#650 = LINE('',#651,#652);
#651 = CARTESIAN_POINT('',(-5.500000009013,36.5,11.5));
#652 = VECTOR('',#653,1.);
#653 = DIRECTION('',(-1.,0.,0.));
#654 = PCURVE('',#72,#655);
#655 = DEFINITIONAL_REPRESENTATION('',(#656),#659);
#656 = B_SPLINE_CURVE_WITH_KNOTS('',1,(#657,#658),.UNSPECIFIED.,.F.,.F.,
  (2,2),(-16.50000000765,5.499999990987),.PIECEWISE_BEZIER_KNOTS.);
#657 = CARTESIAN_POINT('',(11.000000016672,36.5));
#658 = CARTESIAN_POINT('',(-10.99999998197,36.5));
#659 = ( GEOMETRIC_REPRESENTATION_CONTEXT(2) 
PARAMETRIC_REPRESENTATION_CONTEXT() REPRESENTATION_CONTEXT('2D SPACE',''
  ) );
#660 = PCURVE('',#661,#666);
#661 = PLANE('',#662);
#662 = AXIS2_PLACEMENT_3D('',#663,#664,#665);
#663 = CARTESIAN_POINT('',(-11.,36.5,-7.5));
#664 = DIRECTION('',(0.,1.,0.));
#665 = DIRECTION('',(1.,0.,0.));
#666 = DEFINITIONAL_REPRESENTATION('',(#667),#670);
#667 = B_SPLINE_CURVE_WITH_KNOTS('',1,(#668,#669),.UNSPECIFIED.,.F.,.F.,
  (2,2),(-16.50000000765,5.499999990987),.PIECEWISE_BEZIER_KNOTS.);
#668 = CARTESIAN_POINT('',(21.999999998645,-19.));
#669 = CARTESIAN_POINT('',(-1.7763568394E-15,-19.));
#670 = ( GEOMETRIC_REPRESENTATION_CONTEXT(2) 
PARAMETRIC_REPRESENTATION_CONTEXT() REPRESENTATION_CONTEXT('2D SPACE',''
  ) );
#671 = ORIENTED_EDGE('',*,*,#672,.T.);
#672 = EDGE_CURVE('',#647,#673,#675,.T.);
#673 = VERTEX_POINT('',#674);
#674 = CARTESIAN_POINT('',(14.499999999323,33.,11.5));
#675 = SURFACE_CURVE('',#676,(#681,#692),.PCURVE_S1.);
#676 = CIRCLE('',#677,3.5);
#677 = AXIS2_PLACEMENT_3D('',#678,#679,#680);
#678 = CARTESIAN_POINT('',(10.999999998645,33.,11.5));
#679 = DIRECTION('',(0.,0.,-1.));
#680 = DIRECTION('',(-1.,0.,0.));
#681 = PCURVE('',#72,#682);
#682 = DEFINITIONAL_REPRESENTATION('',(#683),#691);
#683 = ( BOUNDED_CURVE() B_SPLINE_CURVE(2,(#684,#685,#686,#687,#688,#689
,#690),.UNSPECIFIED.,.T.,.F.) B_SPLINE_CURVE_WITH_KNOTS((1,2,2,2,2,1),(
    -2.094395102393,0.,2.094395102393,4.188790204786,6.28318530718,
8.377580409573),.UNSPECIFIED.) CURVE() GEOMETRIC_REPRESENTATION_ITEM() 
RATIONAL_B_SPLINE_CURVE((1.,0.5,1.,0.5,1.,0.5,1.)) REPRESENTATION_ITEM(
  '') );
#684 = CARTESIAN_POINT('',(7.500000016672,33.));
#685 = CARTESIAN_POINT('',(7.500000016672,39.062177826491));
#686 = CARTESIAN_POINT('',(12.750000016672,36.031088913246));
#687 = CARTESIAN_POINT('',(18.000000016672,33.));
#688 = CARTESIAN_POINT('',(12.750000016672,29.968911086754));
#689 = CARTESIAN_POINT('',(7.500000016672,26.937822173509));
#690 = CARTESIAN_POINT('',(7.500000016672,33.));
#691 = ( GEOMETRIC_REPRESENTATION_CONTEXT(2) 
PARAMETRIC_REPRESENTATION_CONTEXT() REPRESENTATION_CONTEXT('2D SPACE',''
  ) );
#692 = PCURVE('',#693,#698);
#693 = CYLINDRICAL_SURFACE('',#694,3.5);
#694 = AXIS2_PLACEMENT_3D('',#695,#696,#697);
#695 = CARTESIAN_POINT('',(10.999999998645,33.,-7.5));
#696 = DIRECTION('',(0.,0.,-1.));
#697 = DIRECTION('',(-1.,0.,0.));
#698 = DEFINITIONAL_REPRESENTATION('',(#699),#703);
#699 = LINE('',#700,#701);
#700 = CARTESIAN_POINT('',(0.,-19.));
#701 = VECTOR('',#702,1.);
#702 = DIRECTION('',(1.,0.));
#703 = ( GEOMETRIC_REPRESENTATION_CONTEXT(2) 
PARAMETRIC_REPRESENTATION_CONTEXT() REPRESENTATION_CONTEXT('2D SPACE',''
  ) );
#704 = ORIENTED_EDGE('',*,*,#705,.T.);
#705 = EDGE_CURVE('',#673,#706,#708,.T.);
#706 = VERTEX_POINT('',#707);
#707 = CARTESIAN_POINT('',(14.499999999323,-33.,11.5));
#708 = SURFACE_CURVE('',#709,(#713,#719),.PCURVE_S1.);
#709 = LINE('',#710,#711);
#710 = CARTESIAN_POINT('',(14.5,-16.5,11.5));
#711 = VECTOR('',#712,1.);
#712 = DIRECTION('',(0.,-1.,0.));
#713 = PCURVE('',#72,#714);
#714 = DEFINITIONAL_REPRESENTATION('',(#715),#718);
#715 = B_SPLINE_CURVE_WITH_KNOTS('',1,(#716,#717),.UNSPECIFIED.,.F.,.F.,
  (2,2),(-49.5,16.5),.PIECEWISE_BEZIER_KNOTS.);
#716 = CARTESIAN_POINT('',(14.500000018027,33.));
#717 = CARTESIAN_POINT('',(14.500000018027,-33.));
#718 = ( GEOMETRIC_REPRESENTATION_CONTEXT(2) 
PARAMETRIC_REPRESENTATION_CONTEXT() REPRESENTATION_CONTEXT('2D SPACE',''
  ) );
#719 = PCURVE('',#720,#725);
#720 = PLANE('',#721);
#721 = AXIS2_PLACEMENT_3D('',#722,#723,#724);
#722 = CARTESIAN_POINT('',(14.5,-33.,-7.5));
#723 = DIRECTION('',(-1.,0.,0.));
#724 = DIRECTION('',(0.,1.,0.));
#725 = DEFINITIONAL_REPRESENTATION('',(#726),#729);
#726 = B_SPLINE_CURVE_WITH_KNOTS('',1,(#727,#728),.UNSPECIFIED.,.F.,.F.,
  (2,2),(-49.5,16.5),.PIECEWISE_BEZIER_KNOTS.);
#727 = CARTESIAN_POINT('',(66.,-19.));
#728 = CARTESIAN_POINT('',(0.,-19.));
#729 = ( GEOMETRIC_REPRESENTATION_CONTEXT(2) 
PARAMETRIC_REPRESENTATION_CONTEXT() REPRESENTATION_CONTEXT('2D SPACE',''
  ) );
#730 = ORIENTED_EDGE('',*,*,#731,.T.);
#731 = EDGE_CURVE('',#706,#732,#734,.T.);
#732 = VERTEX_POINT('',#733);
#733 = CARTESIAN_POINT('',(10.999999998645,-36.5,11.5));
#734 = SURFACE_CURVE('',#735,(#740,#751),.PCURVE_S1.);
#735 = CIRCLE('',#736,3.5);
#736 = AXIS2_PLACEMENT_3D('',#737,#738,#739);
#737 = CARTESIAN_POINT('',(10.999999998645,-33.,11.5));
#738 = DIRECTION('',(0.,0.,-1.));
#739 = DIRECTION('',(-1.,0.,0.));
#740 = PCURVE('',#72,#741);
#741 = DEFINITIONAL_REPRESENTATION('',(#742),#750);
#742 = ( BOUNDED_CURVE() B_SPLINE_CURVE(2,(#743,#744,#745,#746,#747,#748
,#749),.UNSPECIFIED.,.T.,.F.) B_SPLINE_CURVE_WITH_KNOTS((1,2,2,2,2,1),(
    -2.094395102393,0.,2.094395102393,4.188790204786,6.28318530718,
8.377580409573),.UNSPECIFIED.) CURVE() GEOMETRIC_REPRESENTATION_ITEM() 
RATIONAL_B_SPLINE_CURVE((1.,0.5,1.,0.5,1.,0.5,1.)) REPRESENTATION_ITEM(
  '') );
#743 = CARTESIAN_POINT('',(7.500000016672,-33.));
#744 = CARTESIAN_POINT('',(7.500000016672,-26.9378221735));
#745 = CARTESIAN_POINT('',(12.750000016672,-29.96891108675));
#746 = CARTESIAN_POINT('',(18.000000016672,-33.));
#747 = CARTESIAN_POINT('',(12.750000016672,-36.03108891324));
#748 = CARTESIAN_POINT('',(7.500000016672,-39.06217782649));
#749 = CARTESIAN_POINT('',(7.500000016672,-33.));
#750 = ( GEOMETRIC_REPRESENTATION_CONTEXT(2) 
PARAMETRIC_REPRESENTATION_CONTEXT() REPRESENTATION_CONTEXT('2D SPACE',''
  ) );
#751 = PCURVE('',#752,#757);
#752 = CYLINDRICAL_SURFACE('',#753,3.5);
#753 = AXIS2_PLACEMENT_3D('',#754,#755,#756);
#754 = CARTESIAN_POINT('',(10.999999998645,-33.,-7.5));
#755 = DIRECTION('',(0.,0.,-1.));
#756 = DIRECTION('',(-1.,0.,0.));
#757 = DEFINITIONAL_REPRESENTATION('',(#758),#762);
#758 = LINE('',#759,#760);
#759 = CARTESIAN_POINT('',(0.,-19.));
#760 = VECTOR('',#761,1.);
#761 = DIRECTION('',(1.,0.));
#762 = ( GEOMETRIC_REPRESENTATION_CONTEXT(2) 
PARAMETRIC_REPRESENTATION_CONTEXT() REPRESENTATION_CONTEXT('2D SPACE',''
  ) );
#763 = ORIENTED_EDGE('',*,*,#764,.T.);
#764 = EDGE_CURVE('',#732,#765,#767,.T.);
#765 = VERTEX_POINT('',#766);
#766 = CARTESIAN_POINT('',(-11.,-36.5,11.5));
#767 = SURFACE_CURVE('',#768,(#772,#778),.PCURVE_S1.);
#768 = LINE('',#769,#770);
#769 = CARTESIAN_POINT('',(-5.500000009013,-36.5,11.5));
#770 = VECTOR('',#771,1.);
#771 = DIRECTION('',(-1.,0.,0.));
#772 = PCURVE('',#72,#773);
#773 = DEFINITIONAL_REPRESENTATION('',(#774),#777);
#774 = B_SPLINE_CURVE_WITH_KNOTS('',1,(#775,#776),.UNSPECIFIED.,.F.,.F.,
  (2,2),(-16.50000000765,5.499999990987),.PIECEWISE_BEZIER_KNOTS.);
#775 = CARTESIAN_POINT('',(11.000000016672,-36.5));
#776 = CARTESIAN_POINT('',(-10.99999998197,-36.5));
#777 = ( GEOMETRIC_REPRESENTATION_CONTEXT(2) 
PARAMETRIC_REPRESENTATION_CONTEXT() REPRESENTATION_CONTEXT('2D SPACE',''
  ) );
#778 = PCURVE('',#779,#784);
#779 = PLANE('',#780);
#780 = AXIS2_PLACEMENT_3D('',#781,#782,#783);
#781 = CARTESIAN_POINT('',(-11.,-36.5,-7.5));
#782 = DIRECTION('',(0.,1.,0.));
#783 = DIRECTION('',(1.,0.,0.));
#784 = DEFINITIONAL_REPRESENTATION('',(#785),#788);
#785 = B_SPLINE_CURVE_WITH_KNOTS('',1,(#786,#787),.UNSPECIFIED.,.F.,.F.,
  (2,2),(-16.50000000765,5.499999990987),.PIECEWISE_BEZIER_KNOTS.);
#786 = CARTESIAN_POINT('',(21.999999998645,-19.));
#787 = CARTESIAN_POINT('',(-1.7763568394E-15,-19.));
#788 = ( GEOMETRIC_REPRESENTATION_CONTEXT(2) 
PARAMETRIC_REPRESENTATION_CONTEXT() REPRESENTATION_CONTEXT('2D SPACE',''
  ) );
#789 = ORIENTED_EDGE('',*,*,#790,.T.);
#790 = EDGE_CURVE('',#765,#588,#791,.T.);
#791 = SURFACE_CURVE('',#792,(#797,#808),.PCURVE_S1.);
#792 = CIRCLE('',#793,3.5);
#793 = AXIS2_PLACEMENT_3D('',#794,#795,#796);
#794 = CARTESIAN_POINT('',(-11.,-33.,11.5));
#795 = DIRECTION('',(0.,0.,-1.));
#796 = DIRECTION('',(-1.,0.,0.));
#797 = PCURVE('',#72,#798);
#798 = DEFINITIONAL_REPRESENTATION('',(#799),#807);
#799 = ( BOUNDED_CURVE() B_SPLINE_CURVE(2,(#800,#801,#802,#803,#804,#805
,#806),.UNSPECIFIED.,.T.,.F.) B_SPLINE_CURVE_WITH_KNOTS((1,2,2,2,2,1),(
    -2.094395102393,0.,2.094395102393,4.188790204786,6.28318530718,
8.377580409573),.UNSPECIFIED.) CURVE() GEOMETRIC_REPRESENTATION_ITEM() 
RATIONAL_B_SPLINE_CURVE((1.,0.5,1.,0.5,1.,0.5,1.)) REPRESENTATION_ITEM(
  '') );
#800 = CARTESIAN_POINT('',(-14.49999998197,-33.));
#801 = CARTESIAN_POINT('',(-14.49999998197,-26.9378221735));
#802 = CARTESIAN_POINT('',(-9.249999981974,-29.96891108675));
#803 = CARTESIAN_POINT('',(-3.999999981974,-33.));
#804 = CARTESIAN_POINT('',(-9.249999981974,-36.03108891324));
#805 = CARTESIAN_POINT('',(-14.49999998197,-39.06217782649));
#806 = CARTESIAN_POINT('',(-14.49999998197,-33.));
#807 = ( GEOMETRIC_REPRESENTATION_CONTEXT(2) 
PARAMETRIC_REPRESENTATION_CONTEXT() REPRESENTATION_CONTEXT('2D SPACE',''
  ) );
#808 = PCURVE('',#809,#814);
#809 = CYLINDRICAL_SURFACE('',#810,3.5);
#810 = AXIS2_PLACEMENT_3D('',#811,#812,#813);
#811 = CARTESIAN_POINT('',(-11.,-33.,-7.5));
#812 = DIRECTION('',(0.,0.,-1.));
#813 = DIRECTION('',(-1.,0.,0.));
#814 = DEFINITIONAL_REPRESENTATION('',(#815),#819);
#815 = LINE('',#816,#817);
#816 = CARTESIAN_POINT('',(0.,-19.));
#817 = VECTOR('',#818,1.);
#818 = DIRECTION('',(1.,0.));
#819 = ( GEOMETRIC_REPRESENTATION_CONTEXT(2) 
PARAMETRIC_REPRESENTATION_CONTEXT() REPRESENTATION_CONTEXT('2D SPACE',''
  ) );
#820 = ADVANCED_FACE('',(#821),#159,.F.);
#821 = FACE_BOUND('',#822,.F.);
#822 = EDGE_LOOP('',(#823,#824,#825,#846));
#823 = ORIENTED_EDGE('',*,*,#141,.T.);
#824 = ORIENTED_EDGE('',*,*,#459,.T.);
#825 = ORIENTED_EDGE('',*,*,#826,.F.);
#826 = EDGE_CURVE('',#316,#460,#827,.T.);
#827 = SURFACE_CURVE('',#828,(#832,#839),.PCURVE_S1.);
#828 = LINE('',#829,#830);
#829 = CARTESIAN_POINT('',(10.999999900543,-38.,-9.));
#830 = VECTOR('',#831,1.);
#831 = DIRECTION('',(0.,0.,1.));
#832 = PCURVE('',#159,#833);
#833 = DEFINITIONAL_REPRESENTATION('',(#834),#838);
#834 = LINE('',#835,#836);
#835 = CARTESIAN_POINT('',(21.999999900543,0.));
#836 = VECTOR('',#837,1.);
#837 = DIRECTION('',(0.,-1.));
#838 = ( GEOMETRIC_REPRESENTATION_CONTEXT(2) 
PARAMETRIC_REPRESENTATION_CONTEXT() REPRESENTATION_CONTEXT('2D SPACE',''
  ) );
#839 = PCURVE('',#359,#840);
#840 = DEFINITIONAL_REPRESENTATION('',(#841),#845);
#841 = LINE('',#842,#843);
#842 = CARTESIAN_POINT('',(4.712388980385,0.));
#843 = VECTOR('',#844,1.);
#844 = DIRECTION('',(0.,-1.));
#845 = ( GEOMETRIC_REPRESENTATION_CONTEXT(2) 
PARAMETRIC_REPRESENTATION_CONTEXT() REPRESENTATION_CONTEXT('2D SPACE',''
  ) );
#846 = ORIENTED_EDGE('',*,*,#315,.F.);
#847 = ADVANCED_FACE('',(#848,#874),#272,.T.);
#848 = FACE_BOUND('',#849,.T.);
#849 = EDGE_LOOP('',(#850,#851,#852,#873));
#850 = ORIENTED_EDGE('',*,*,#256,.T.);
#851 = ORIENTED_EDGE('',*,*,#561,.T.);
#852 = ORIENTED_EDGE('',*,*,#853,.F.);
#853 = EDGE_CURVE('',#400,#534,#854,.T.);
#854 = SURFACE_CURVE('',#855,(#859,#866),.PCURVE_S1.);
#855 = LINE('',#856,#857);
#856 = CARTESIAN_POINT('',(10.999999900543,38.,-9.));
#857 = VECTOR('',#858,1.);
#858 = DIRECTION('',(0.,0.,1.));
#859 = PCURVE('',#272,#860);
#860 = DEFINITIONAL_REPRESENTATION('',(#861),#865);
#861 = LINE('',#862,#863);
#862 = CARTESIAN_POINT('',(21.999999900543,0.));
#863 = VECTOR('',#864,1.);
#864 = DIRECTION('',(0.,-1.));
#865 = ( GEOMETRIC_REPRESENTATION_CONTEXT(2) 
PARAMETRIC_REPRESENTATION_CONTEXT() REPRESENTATION_CONTEXT('2D SPACE',''
  ) );
#866 = PCURVE('',#420,#867);
#867 = DEFINITIONAL_REPRESENTATION('',(#868),#872);
#868 = LINE('',#869,#870);
#869 = CARTESIAN_POINT('',(1.570796326795,0.));
#870 = VECTOR('',#871,1.);
#871 = DIRECTION('',(0.,-1.));
#872 = ( GEOMETRIC_REPRESENTATION_CONTEXT(2) 
PARAMETRIC_REPRESENTATION_CONTEXT() REPRESENTATION_CONTEXT('2D SPACE',''
  ) );
#873 = ORIENTED_EDGE('',*,*,#432,.F.);
#874 = FACE_BOUND('',#875,.T.);
#875 = EDGE_LOOP('',(#876,#904,#930,#956));
#876 = ORIENTED_EDGE('',*,*,#877,.F.);
#877 = EDGE_CURVE('',#878,#880,#882,.T.);
#878 = VERTEX_POINT('',#879);
#879 = CARTESIAN_POINT('',(-5.,38.,6.5));
#880 = VERTEX_POINT('',#881);
#881 = CARTESIAN_POINT('',(5.,38.,6.5));
#882 = SURFACE_CURVE('',#883,(#887,#893),.PCURVE_S1.);
#883 = LINE('',#884,#885);
#884 = CARTESIAN_POINT('',(-8.,38.,6.5));
#885 = VECTOR('',#886,1.);
#886 = DIRECTION('',(1.,0.,0.));
#887 = PCURVE('',#272,#888);
#888 = DEFINITIONAL_REPRESENTATION('',(#889),#892);
#889 = B_SPLINE_CURVE_WITH_KNOTS('',1,(#890,#891),.UNSPECIFIED.,.F.,.F.,
  (2,2),(3.,13.),.PIECEWISE_BEZIER_KNOTS.);
#890 = CARTESIAN_POINT('',(6.,-15.5));
#891 = CARTESIAN_POINT('',(16.,-15.5));
#892 = ( GEOMETRIC_REPRESENTATION_CONTEXT(2) 
PARAMETRIC_REPRESENTATION_CONTEXT() REPRESENTATION_CONTEXT('2D SPACE',''
  ) );
#893 = PCURVE('',#894,#899);
#894 = PLANE('',#895);
#895 = AXIS2_PLACEMENT_3D('',#896,#897,#898);
#896 = CARTESIAN_POINT('',(-5.,34.5,6.5));
#897 = DIRECTION('',(0.,0.,1.));
#898 = DIRECTION('',(1.,0.,-0.));
#899 = DEFINITIONAL_REPRESENTATION('',(#900),#903);
#900 = B_SPLINE_CURVE_WITH_KNOTS('',1,(#901,#902),.UNSPECIFIED.,.F.,.F.,
  (2,2),(3.,13.),.PIECEWISE_BEZIER_KNOTS.);
#901 = CARTESIAN_POINT('',(0.,3.5));
#902 = CARTESIAN_POINT('',(10.,3.5));
#903 = ( GEOMETRIC_REPRESENTATION_CONTEXT(2) 
PARAMETRIC_REPRESENTATION_CONTEXT() REPRESENTATION_CONTEXT('2D SPACE',''
  ) );
#904 = ORIENTED_EDGE('',*,*,#905,.T.);
#905 = EDGE_CURVE('',#878,#906,#908,.T.);
#906 = VERTEX_POINT('',#907);
#907 = CARTESIAN_POINT('',(-5.,38.,2.));
#908 = SURFACE_CURVE('',#909,(#913,#919),.PCURVE_S1.);
#909 = LINE('',#910,#911);
#910 = CARTESIAN_POINT('',(-5.,38.,-3.5));
#911 = VECTOR('',#912,1.);
#912 = DIRECTION('',(-0.,0.,-1.));
#913 = PCURVE('',#272,#914);
#914 = DEFINITIONAL_REPRESENTATION('',(#915),#918);
#915 = B_SPLINE_CURVE_WITH_KNOTS('',1,(#916,#917),.UNSPECIFIED.,.F.,.F.,
  (2,2),(-10.,-5.5),.PIECEWISE_BEZIER_KNOTS.);
#916 = CARTESIAN_POINT('',(6.,-15.5));
#917 = CARTESIAN_POINT('',(6.,-11.));
#918 = ( GEOMETRIC_REPRESENTATION_CONTEXT(2) 
PARAMETRIC_REPRESENTATION_CONTEXT() REPRESENTATION_CONTEXT('2D SPACE',''
  ) );
#919 = PCURVE('',#920,#925);
#920 = PLANE('',#921);
#921 = AXIS2_PLACEMENT_3D('',#922,#923,#924);
#922 = CARTESIAN_POINT('',(-5.,34.5,2.));
#923 = DIRECTION('',(1.,0.,-0.));
#924 = DIRECTION('',(0.,0.,1.));
#925 = DEFINITIONAL_REPRESENTATION('',(#926),#929);
#926 = B_SPLINE_CURVE_WITH_KNOTS('',1,(#927,#928),.UNSPECIFIED.,.F.,.F.,
  (2,2),(-10.,-5.5),.PIECEWISE_BEZIER_KNOTS.);
#927 = CARTESIAN_POINT('',(4.5,-3.5));
#928 = CARTESIAN_POINT('',(0.,-3.5));
#929 = ( GEOMETRIC_REPRESENTATION_CONTEXT(2) 
PARAMETRIC_REPRESENTATION_CONTEXT() REPRESENTATION_CONTEXT('2D SPACE',''
  ) );
#930 = ORIENTED_EDGE('',*,*,#931,.T.);
#931 = EDGE_CURVE('',#906,#932,#934,.T.);
#932 = VERTEX_POINT('',#933);
#933 = CARTESIAN_POINT('',(5.,38.,2.));
#934 = SURFACE_CURVE('',#935,(#939,#945),.PCURVE_S1.);
#935 = LINE('',#936,#937);
#936 = CARTESIAN_POINT('',(-8.,38.,2.));
#937 = VECTOR('',#938,1.);
#938 = DIRECTION('',(1.,0.,0.));
#939 = PCURVE('',#272,#940);
#940 = DEFINITIONAL_REPRESENTATION('',(#941),#944);
#941 = B_SPLINE_CURVE_WITH_KNOTS('',1,(#942,#943),.UNSPECIFIED.,.F.,.F.,
  (2,2),(3.,13.),.PIECEWISE_BEZIER_KNOTS.);
#942 = CARTESIAN_POINT('',(6.,-11.));
#943 = CARTESIAN_POINT('',(16.,-11.));
#944 = ( GEOMETRIC_REPRESENTATION_CONTEXT(2) 
PARAMETRIC_REPRESENTATION_CONTEXT() REPRESENTATION_CONTEXT('2D SPACE',''
  ) );
#945 = PCURVE('',#946,#951);
#946 = PLANE('',#947);
#947 = AXIS2_PLACEMENT_3D('',#948,#949,#950);
#948 = CARTESIAN_POINT('',(-5.,34.5,2.));
#949 = DIRECTION('',(0.,0.,1.));
#950 = DIRECTION('',(1.,0.,-0.));
#951 = DEFINITIONAL_REPRESENTATION('',(#952),#955);
#952 = B_SPLINE_CURVE_WITH_KNOTS('',1,(#953,#954),.UNSPECIFIED.,.F.,.F.,
  (2,2),(3.,13.),.PIECEWISE_BEZIER_KNOTS.);
#953 = CARTESIAN_POINT('',(0.,3.5));
#954 = CARTESIAN_POINT('',(10.,3.5));
#955 = ( GEOMETRIC_REPRESENTATION_CONTEXT(2) 
PARAMETRIC_REPRESENTATION_CONTEXT() REPRESENTATION_CONTEXT('2D SPACE',''
  ) );
#956 = ORIENTED_EDGE('',*,*,#957,.F.);
#957 = EDGE_CURVE('',#880,#932,#958,.T.);
#958 = SURFACE_CURVE('',#959,(#963,#969),.PCURVE_S1.);
#959 = LINE('',#960,#961);
#960 = CARTESIAN_POINT('',(5.,38.,-3.5));
#961 = VECTOR('',#962,1.);
#962 = DIRECTION('',(-0.,0.,-1.));
#963 = PCURVE('',#272,#964);
#964 = DEFINITIONAL_REPRESENTATION('',(#965),#968);
#965 = B_SPLINE_CURVE_WITH_KNOTS('',1,(#966,#967),.UNSPECIFIED.,.F.,.F.,
  (2,2),(-10.,-5.5),.PIECEWISE_BEZIER_KNOTS.);
#966 = CARTESIAN_POINT('',(16.,-15.5));
#967 = CARTESIAN_POINT('',(16.,-11.));
#968 = ( GEOMETRIC_REPRESENTATION_CONTEXT(2) 
PARAMETRIC_REPRESENTATION_CONTEXT() REPRESENTATION_CONTEXT('2D SPACE',''
  ) );
#969 = PCURVE('',#970,#975);
#970 = PLANE('',#971);
#971 = AXIS2_PLACEMENT_3D('',#972,#973,#974);
#972 = CARTESIAN_POINT('',(5.,34.5,2.));
#973 = DIRECTION('',(1.,0.,-0.));
#974 = DIRECTION('',(0.,0.,1.));
#975 = DEFINITIONAL_REPRESENTATION('',(#976),#979);
#976 = B_SPLINE_CURVE_WITH_KNOTS('',1,(#977,#978),.UNSPECIFIED.,.F.,.F.,
  (2,2),(-10.,-5.5),.PIECEWISE_BEZIER_KNOTS.);
#977 = CARTESIAN_POINT('',(4.5,-3.5));
#978 = CARTESIAN_POINT('',(0.,-3.5));
#979 = ( GEOMETRIC_REPRESENTATION_CONTEXT(2) 
PARAMETRIC_REPRESENTATION_CONTEXT() REPRESENTATION_CONTEXT('2D SPACE',''
  ) );
#980 = ADVANCED_FACE('',(#981),#359,.T.);
#981 = FACE_BOUND('',#982,.T.);
#982 = EDGE_LOOP('',(#983,#1004,#1005,#1006));
#983 = ORIENTED_EDGE('',*,*,#984,.T.);
#984 = EDGE_CURVE('',#339,#483,#985,.T.);
#985 = SURFACE_CURVE('',#986,(#990,#997),.PCURVE_S1.);
#986 = LINE('',#987,#988);
#987 = CARTESIAN_POINT('',(15.999999950271,-33.,-9.));
#988 = VECTOR('',#989,1.);
#989 = DIRECTION('',(0.,0.,1.));
#990 = PCURVE('',#359,#991);
#991 = DEFINITIONAL_REPRESENTATION('',(#992),#996);
#992 = LINE('',#993,#994);
#993 = CARTESIAN_POINT('',(3.14159265359,0.));
#994 = VECTOR('',#995,1.);
#995 = DIRECTION('',(0.,-1.));
#996 = ( GEOMETRIC_REPRESENTATION_CONTEXT(2) 
PARAMETRIC_REPRESENTATION_CONTEXT() REPRESENTATION_CONTEXT('2D SPACE',''
  ) );
#997 = PCURVE('',#387,#998);
#998 = DEFINITIONAL_REPRESENTATION('',(#999),#1003);
#999 = LINE('',#1000,#1001);
#1000 = CARTESIAN_POINT('',(0.,0.));
#1001 = VECTOR('',#1002,1.);
#1002 = DIRECTION('',(0.,-1.));
#1003 = ( GEOMETRIC_REPRESENTATION_CONTEXT(2) 
PARAMETRIC_REPRESENTATION_CONTEXT() REPRESENTATION_CONTEXT('2D SPACE',''
  ) );
#1004 = ORIENTED_EDGE('',*,*,#482,.T.);
#1005 = ORIENTED_EDGE('',*,*,#826,.F.);
#1006 = ORIENTED_EDGE('',*,*,#338,.F.);
#1007 = ADVANCED_FACE('',(#1008,#1034,#1140),#387,.F.);
#1008 = FACE_BOUND('',#1009,.F.);
#1009 = EDGE_LOOP('',(#1010,#1011,#1012,#1033));
#1010 = ORIENTED_EDGE('',*,*,#984,.T.);
#1011 = ORIENTED_EDGE('',*,*,#510,.T.);
#1012 = ORIENTED_EDGE('',*,*,#1013,.F.);
#1013 = EDGE_CURVE('',#372,#511,#1014,.T.);
#1014 = SURFACE_CURVE('',#1015,(#1019,#1026),.PCURVE_S1.);
#1015 = LINE('',#1016,#1017);
#1016 = CARTESIAN_POINT('',(15.999999950271,33.,-9.));
#1017 = VECTOR('',#1018,1.);
#1018 = DIRECTION('',(0.,0.,1.));
#1019 = PCURVE('',#387,#1020);
#1020 = DEFINITIONAL_REPRESENTATION('',(#1021),#1025);
#1021 = LINE('',#1022,#1023);
#1022 = CARTESIAN_POINT('',(66.,0.));
#1023 = VECTOR('',#1024,1.);
#1024 = DIRECTION('',(0.,-1.));
#1025 = ( GEOMETRIC_REPRESENTATION_CONTEXT(2) 
PARAMETRIC_REPRESENTATION_CONTEXT() REPRESENTATION_CONTEXT('2D SPACE',''
  ) );
#1026 = PCURVE('',#420,#1027);
#1027 = DEFINITIONAL_REPRESENTATION('',(#1028),#1032);
#1028 = LINE('',#1029,#1030);
#1029 = CARTESIAN_POINT('',(3.14159265359,0.));
#1030 = VECTOR('',#1031,1.);
#1031 = DIRECTION('',(0.,-1.));
#1032 = ( GEOMETRIC_REPRESENTATION_CONTEXT(2) 
PARAMETRIC_REPRESENTATION_CONTEXT() REPRESENTATION_CONTEXT('2D SPACE',''
  ) );
#1033 = ORIENTED_EDGE('',*,*,#371,.F.);
#1034 = FACE_BOUND('',#1035,.F.);
#1035 = EDGE_LOOP('',(#1036,#1064,#1090,#1116));
#1036 = ORIENTED_EDGE('',*,*,#1037,.F.);
#1037 = EDGE_CURVE('',#1038,#1040,#1042,.T.);
#1038 = VERTEX_POINT('',#1039);
#1039 = CARTESIAN_POINT('',(16.,-10.5,6.));
#1040 = VERTEX_POINT('',#1041);
#1041 = CARTESIAN_POINT('',(16.,-3.5,6.));
#1042 = SURFACE_CURVE('',#1043,(#1047,#1053),.PCURVE_S1.);
#1043 = LINE('',#1044,#1045);
#1044 = CARTESIAN_POINT('',(16.,-21.75,6.));
#1045 = VECTOR('',#1046,1.);
#1046 = DIRECTION('',(0.,1.,-0.));
#1047 = PCURVE('',#387,#1048);
#1048 = DEFINITIONAL_REPRESENTATION('',(#1049),#1052);
#1049 = B_SPLINE_CURVE_WITH_KNOTS('',1,(#1050,#1051),.UNSPECIFIED.,.F.,
  .F.,(2,2),(11.25,18.25),.PIECEWISE_BEZIER_KNOTS.);
#1050 = CARTESIAN_POINT('',(22.5,-15.));
#1051 = CARTESIAN_POINT('',(29.5,-15.));
#1052 = ( GEOMETRIC_REPRESENTATION_CONTEXT(2) 
PARAMETRIC_REPRESENTATION_CONTEXT() REPRESENTATION_CONTEXT('2D SPACE',''
  ) );
#1053 = PCURVE('',#1054,#1059);
#1054 = PLANE('',#1055);
#1055 = AXIS2_PLACEMENT_3D('',#1056,#1057,#1058);
#1056 = CARTESIAN_POINT('',(12.5,-10.5,6.));
#1057 = DIRECTION('',(0.,0.,1.));
#1058 = DIRECTION('',(1.,0.,-0.));
#1059 = DEFINITIONAL_REPRESENTATION('',(#1060),#1063);
#1060 = B_SPLINE_CURVE_WITH_KNOTS('',1,(#1061,#1062),.UNSPECIFIED.,.F.,
  .F.,(2,2),(11.25,18.25),.PIECEWISE_BEZIER_KNOTS.);
#1061 = CARTESIAN_POINT('',(3.5,0.));
#1062 = CARTESIAN_POINT('',(3.5,7.));
#1063 = ( GEOMETRIC_REPRESENTATION_CONTEXT(2) 
PARAMETRIC_REPRESENTATION_CONTEXT() REPRESENTATION_CONTEXT('2D SPACE',''
  ) );
#1064 = ORIENTED_EDGE('',*,*,#1065,.T.);
#1065 = EDGE_CURVE('',#1038,#1066,#1068,.T.);
#1066 = VERTEX_POINT('',#1067);
#1067 = CARTESIAN_POINT('',(16.,-10.5,3.));
#1068 = SURFACE_CURVE('',#1069,(#1073,#1079),.PCURVE_S1.);
#1069 = LINE('',#1070,#1071);
#1070 = CARTESIAN_POINT('',(16.,-10.5,-3.));
#1071 = VECTOR('',#1072,1.);
#1072 = DIRECTION('',(0.,0.,-1.));
#1073 = PCURVE('',#387,#1074);
#1074 = DEFINITIONAL_REPRESENTATION('',(#1075),#1078);
#1075 = B_SPLINE_CURVE_WITH_KNOTS('',1,(#1076,#1077),.UNSPECIFIED.,.F.,
  .F.,(2,2),(-9.,-6.),.PIECEWISE_BEZIER_KNOTS.);
#1076 = CARTESIAN_POINT('',(22.5,-15.));
#1077 = CARTESIAN_POINT('',(22.5,-12.));
#1078 = ( GEOMETRIC_REPRESENTATION_CONTEXT(2) 
PARAMETRIC_REPRESENTATION_CONTEXT() REPRESENTATION_CONTEXT('2D SPACE',''
  ) );
#1079 = PCURVE('',#1080,#1085);
#1080 = PLANE('',#1081);
#1081 = AXIS2_PLACEMENT_3D('',#1082,#1083,#1084);
#1082 = CARTESIAN_POINT('',(12.5,-10.5,3.));
#1083 = DIRECTION('',(-0.,1.,0.));
#1084 = DIRECTION('',(0.,0.,1.));
#1085 = DEFINITIONAL_REPRESENTATION('',(#1086),#1089);
#1086 = B_SPLINE_CURVE_WITH_KNOTS('',1,(#1087,#1088),.UNSPECIFIED.,.F.,
  .F.,(2,2),(-9.,-6.),.PIECEWISE_BEZIER_KNOTS.);
#1087 = CARTESIAN_POINT('',(3.,3.5));
#1088 = CARTESIAN_POINT('',(0.,3.5));
#1089 = ( GEOMETRIC_REPRESENTATION_CONTEXT(2) 
PARAMETRIC_REPRESENTATION_CONTEXT() REPRESENTATION_CONTEXT('2D SPACE',''
  ) );
#1090 = ORIENTED_EDGE('',*,*,#1091,.T.);
#1091 = EDGE_CURVE('',#1066,#1092,#1094,.T.);
#1092 = VERTEX_POINT('',#1093);
#1093 = CARTESIAN_POINT('',(16.,-3.5,3.));
#1094 = SURFACE_CURVE('',#1095,(#1099,#1105),.PCURVE_S1.);
#1095 = LINE('',#1096,#1097);
#1096 = CARTESIAN_POINT('',(16.,-21.75,3.));
#1097 = VECTOR('',#1098,1.);
#1098 = DIRECTION('',(0.,1.,-0.));
#1099 = PCURVE('',#387,#1100);
#1100 = DEFINITIONAL_REPRESENTATION('',(#1101),#1104);
#1101 = B_SPLINE_CURVE_WITH_KNOTS('',1,(#1102,#1103),.UNSPECIFIED.,.F.,
  .F.,(2,2),(11.25,18.25),.PIECEWISE_BEZIER_KNOTS.);
#1102 = CARTESIAN_POINT('',(22.5,-12.));
#1103 = CARTESIAN_POINT('',(29.5,-12.));
#1104 = ( GEOMETRIC_REPRESENTATION_CONTEXT(2) 
PARAMETRIC_REPRESENTATION_CONTEXT() REPRESENTATION_CONTEXT('2D SPACE',''
  ) );
#1105 = PCURVE('',#1106,#1111);
#1106 = PLANE('',#1107);
#1107 = AXIS2_PLACEMENT_3D('',#1108,#1109,#1110);
#1108 = CARTESIAN_POINT('',(12.5,-10.5,3.));
#1109 = DIRECTION('',(0.,0.,1.));
#1110 = DIRECTION('',(1.,0.,-0.));
#1111 = DEFINITIONAL_REPRESENTATION('',(#1112),#1115);
#1112 = B_SPLINE_CURVE_WITH_KNOTS('',1,(#1113,#1114),.UNSPECIFIED.,.F.,
  .F.,(2,2),(11.25,18.25),.PIECEWISE_BEZIER_KNOTS.);
#1113 = CARTESIAN_POINT('',(3.5,0.));
#1114 = CARTESIAN_POINT('',(3.5,7.));
#1115 = ( GEOMETRIC_REPRESENTATION_CONTEXT(2) 
PARAMETRIC_REPRESENTATION_CONTEXT() REPRESENTATION_CONTEXT('2D SPACE',''
  ) );
#1116 = ORIENTED_EDGE('',*,*,#1117,.F.);
#1117 = EDGE_CURVE('',#1040,#1092,#1118,.T.);
#1118 = SURFACE_CURVE('',#1119,(#1123,#1129),.PCURVE_S1.);
#1119 = LINE('',#1120,#1121);
#1120 = CARTESIAN_POINT('',(16.,-3.5,-3.));
#1121 = VECTOR('',#1122,1.);
#1122 = DIRECTION('',(0.,0.,-1.));
#1123 = PCURVE('',#387,#1124);
#1124 = DEFINITIONAL_REPRESENTATION('',(#1125),#1128);
#1125 = B_SPLINE_CURVE_WITH_KNOTS('',1,(#1126,#1127),.UNSPECIFIED.,.F.,
  .F.,(2,2),(-9.,-6.),.PIECEWISE_BEZIER_KNOTS.);
#1126 = CARTESIAN_POINT('',(29.5,-15.));
#1127 = CARTESIAN_POINT('',(29.5,-12.));
#1128 = ( GEOMETRIC_REPRESENTATION_CONTEXT(2) 
PARAMETRIC_REPRESENTATION_CONTEXT() REPRESENTATION_CONTEXT('2D SPACE',''
  ) );
#1129 = PCURVE('',#1130,#1135);
#1130 = PLANE('',#1131);
#1131 = AXIS2_PLACEMENT_3D('',#1132,#1133,#1134);
#1132 = CARTESIAN_POINT('',(12.5,-3.5,3.));
#1133 = DIRECTION('',(-0.,1.,0.));
#1134 = DIRECTION('',(0.,0.,1.));
#1135 = DEFINITIONAL_REPRESENTATION('',(#1136),#1139);
#1136 = B_SPLINE_CURVE_WITH_KNOTS('',1,(#1137,#1138),.UNSPECIFIED.,.F.,
  .F.,(2,2),(-9.,-6.),.PIECEWISE_BEZIER_KNOTS.);
#1137 = CARTESIAN_POINT('',(3.,3.5));
#1138 = CARTESIAN_POINT('',(0.,3.5));
#1139 = ( GEOMETRIC_REPRESENTATION_CONTEXT(2) 
PARAMETRIC_REPRESENTATION_CONTEXT() REPRESENTATION_CONTEXT('2D SPACE',''
  ) );
#1140 = FACE_BOUND('',#1141,.F.);
#1141 = EDGE_LOOP('',(#1142,#1170,#1196,#1222));
#1142 = ORIENTED_EDGE('',*,*,#1143,.F.);
#1143 = EDGE_CURVE('',#1144,#1146,#1148,.T.);
#1144 = VERTEX_POINT('',#1145);
#1145 = CARTESIAN_POINT('',(16.,4.4,4.));
#1146 = VERTEX_POINT('',#1147);
#1147 = CARTESIAN_POINT('',(16.,7.6,4.));
#1148 = SURFACE_CURVE('',#1149,(#1153,#1159),.PCURVE_S1.);
#1149 = LINE('',#1150,#1151);
#1150 = CARTESIAN_POINT('',(16.,-14.3,4.));
#1151 = VECTOR('',#1152,1.);
#1152 = DIRECTION('',(0.,1.,-0.));
#1153 = PCURVE('',#387,#1154);
#1154 = DEFINITIONAL_REPRESENTATION('',(#1155),#1158);
#1155 = B_SPLINE_CURVE_WITH_KNOTS('',1,(#1156,#1157),.UNSPECIFIED.,.F.,
  .F.,(2,2),(18.7,21.9),.PIECEWISE_BEZIER_KNOTS.);
#1156 = CARTESIAN_POINT('',(37.4,-13.));
#1157 = CARTESIAN_POINT('',(40.6,-13.));
#1158 = ( GEOMETRIC_REPRESENTATION_CONTEXT(2) 
PARAMETRIC_REPRESENTATION_CONTEXT() REPRESENTATION_CONTEXT('2D SPACE',''
  ) );
#1159 = PCURVE('',#1160,#1165);
#1160 = PLANE('',#1161);
#1161 = AXIS2_PLACEMENT_3D('',#1162,#1163,#1164);
#1162 = CARTESIAN_POINT('',(12.,4.4,4.));
#1163 = DIRECTION('',(0.,0.,1.));
#1164 = DIRECTION('',(1.,0.,-0.));
#1165 = DEFINITIONAL_REPRESENTATION('',(#1166),#1169);
#1166 = B_SPLINE_CURVE_WITH_KNOTS('',1,(#1167,#1168),.UNSPECIFIED.,.F.,
  .F.,(2,2),(18.7,21.9),.PIECEWISE_BEZIER_KNOTS.);
#1167 = CARTESIAN_POINT('',(4.,0.));
#1168 = CARTESIAN_POINT('',(4.,3.2));
#1169 = ( GEOMETRIC_REPRESENTATION_CONTEXT(2) 
PARAMETRIC_REPRESENTATION_CONTEXT() REPRESENTATION_CONTEXT('2D SPACE',''
  ) );
#1170 = ORIENTED_EDGE('',*,*,#1171,.T.);
#1171 = EDGE_CURVE('',#1144,#1172,#1174,.T.);
#1172 = VERTEX_POINT('',#1173);
#1173 = CARTESIAN_POINT('',(16.,4.4,1.4));
#1174 = SURFACE_CURVE('',#1175,(#1179,#1185),.PCURVE_S1.);
#1175 = LINE('',#1176,#1177);
#1176 = CARTESIAN_POINT('',(16.,4.4,-3.8));
#1177 = VECTOR('',#1178,1.);
#1178 = DIRECTION('',(0.,0.,-1.));
#1179 = PCURVE('',#387,#1180);
#1180 = DEFINITIONAL_REPRESENTATION('',(#1181),#1184);
#1181 = B_SPLINE_CURVE_WITH_KNOTS('',1,(#1182,#1183),.UNSPECIFIED.,.F.,
  .F.,(2,2),(-7.8,-5.2),.PIECEWISE_BEZIER_KNOTS.);
#1182 = CARTESIAN_POINT('',(37.4,-13.));
#1183 = CARTESIAN_POINT('',(37.4,-10.4));
#1184 = ( GEOMETRIC_REPRESENTATION_CONTEXT(2) 
PARAMETRIC_REPRESENTATION_CONTEXT() REPRESENTATION_CONTEXT('2D SPACE',''
  ) );
#1185 = PCURVE('',#1186,#1191);
#1186 = PLANE('',#1187);
#1187 = AXIS2_PLACEMENT_3D('',#1188,#1189,#1190);
#1188 = CARTESIAN_POINT('',(12.,4.4,1.4));
#1189 = DIRECTION('',(-0.,1.,0.));
#1190 = DIRECTION('',(0.,0.,1.));
#1191 = DEFINITIONAL_REPRESENTATION('',(#1192),#1195);
#1192 = B_SPLINE_CURVE_WITH_KNOTS('',1,(#1193,#1194),.UNSPECIFIED.,.F.,
  .F.,(2,2),(-7.8,-5.2),.PIECEWISE_BEZIER_KNOTS.);
#1193 = CARTESIAN_POINT('',(2.6,4.));
#1194 = CARTESIAN_POINT('',(0.,4.));
#1195 = ( GEOMETRIC_REPRESENTATION_CONTEXT(2) 
PARAMETRIC_REPRESENTATION_CONTEXT() REPRESENTATION_CONTEXT('2D SPACE',''
  ) );
#1196 = ORIENTED_EDGE('',*,*,#1197,.T.);
#1197 = EDGE_CURVE('',#1172,#1198,#1200,.T.);
#1198 = VERTEX_POINT('',#1199);
#1199 = CARTESIAN_POINT('',(16.,7.6,1.4));
#1200 = SURFACE_CURVE('',#1201,(#1205,#1211),.PCURVE_S1.);
#1201 = LINE('',#1202,#1203);
#1202 = CARTESIAN_POINT('',(16.,-14.3,1.4));
#1203 = VECTOR('',#1204,1.);
#1204 = DIRECTION('',(0.,1.,-0.));
#1205 = PCURVE('',#387,#1206);
#1206 = DEFINITIONAL_REPRESENTATION('',(#1207),#1210);
#1207 = B_SPLINE_CURVE_WITH_KNOTS('',1,(#1208,#1209),.UNSPECIFIED.,.F.,
  .F.,(2,2),(18.7,21.9),.PIECEWISE_BEZIER_KNOTS.);
#1208 = CARTESIAN_POINT('',(37.4,-10.4));
#1209 = CARTESIAN_POINT('',(40.6,-10.4));
#1210 = ( GEOMETRIC_REPRESENTATION_CONTEXT(2) 
PARAMETRIC_REPRESENTATION_CONTEXT() REPRESENTATION_CONTEXT('2D SPACE',''
  ) );
#1211 = PCURVE('',#1212,#1217);
#1212 = PLANE('',#1213);
#1213 = AXIS2_PLACEMENT_3D('',#1214,#1215,#1216);
#1214 = CARTESIAN_POINT('',(12.,4.4,1.4));
#1215 = DIRECTION('',(0.,0.,1.));
#1216 = DIRECTION('',(1.,0.,-0.));
#1217 = DEFINITIONAL_REPRESENTATION('',(#1218),#1221);
#1218 = B_SPLINE_CURVE_WITH_KNOTS('',1,(#1219,#1220),.UNSPECIFIED.,.F.,
  .F.,(2,2),(18.7,21.9),.PIECEWISE_BEZIER_KNOTS.);
#1219 = CARTESIAN_POINT('',(4.,0.));
#1220 = CARTESIAN_POINT('',(4.,3.2));
#1221 = ( GEOMETRIC_REPRESENTATION_CONTEXT(2) 
PARAMETRIC_REPRESENTATION_CONTEXT() REPRESENTATION_CONTEXT('2D SPACE',''
  ) );
#1222 = ORIENTED_EDGE('',*,*,#1223,.F.);
#1223 = EDGE_CURVE('',#1146,#1198,#1224,.T.);
#1224 = SURFACE_CURVE('',#1225,(#1229,#1235),.PCURVE_S1.);
#1225 = LINE('',#1226,#1227);
#1226 = CARTESIAN_POINT('',(16.,7.6,-3.8));
#1227 = VECTOR('',#1228,1.);
#1228 = DIRECTION('',(0.,0.,-1.));
#1229 = PCURVE('',#387,#1230);
#1230 = DEFINITIONAL_REPRESENTATION('',(#1231),#1234);
#1231 = B_SPLINE_CURVE_WITH_KNOTS('',1,(#1232,#1233),.UNSPECIFIED.,.F.,
  .F.,(2,2),(-7.8,-5.2),.PIECEWISE_BEZIER_KNOTS.);
#1232 = CARTESIAN_POINT('',(40.6,-13.));
#1233 = CARTESIAN_POINT('',(40.6,-10.4));
#1234 = ( GEOMETRIC_REPRESENTATION_CONTEXT(2) 
PARAMETRIC_REPRESENTATION_CONTEXT() REPRESENTATION_CONTEXT('2D SPACE',''
  ) );
#1235 = PCURVE('',#1236,#1241);
#1236 = PLANE('',#1237);
#1237 = AXIS2_PLACEMENT_3D('',#1238,#1239,#1240);
#1238 = CARTESIAN_POINT('',(12.,7.6,1.4));
#1239 = DIRECTION('',(-0.,1.,0.));
#1240 = DIRECTION('',(0.,0.,1.));
#1241 = DEFINITIONAL_REPRESENTATION('',(#1242),#1245);
#1242 = B_SPLINE_CURVE_WITH_KNOTS('',1,(#1243,#1244),.UNSPECIFIED.,.F.,
  .F.,(2,2),(-7.8,-5.2),.PIECEWISE_BEZIER_KNOTS.);
#1243 = CARTESIAN_POINT('',(2.6,4.));
#1244 = CARTESIAN_POINT('',(0.,4.));
#1245 = ( GEOMETRIC_REPRESENTATION_CONTEXT(2) 
PARAMETRIC_REPRESENTATION_CONTEXT() REPRESENTATION_CONTEXT('2D SPACE',''
  ) );
#1246 = ADVANCED_FACE('',(#1247),#420,.T.);
#1247 = FACE_BOUND('',#1248,.T.);
#1248 = EDGE_LOOP('',(#1249,#1250,#1251,#1252));
#1249 = ORIENTED_EDGE('',*,*,#853,.T.);
#1250 = ORIENTED_EDGE('',*,*,#533,.T.);
#1251 = ORIENTED_EDGE('',*,*,#1013,.F.);
#1252 = ORIENTED_EDGE('',*,*,#399,.F.);
#1253 = ADVANCED_FACE('',(#1254),#602,.F.);
#1254 = FACE_BOUND('',#1255,.F.);
#1255 = EDGE_LOOP('',(#1256,#1286,#1307,#1308));
#1256 = ORIENTED_EDGE('',*,*,#1257,.F.);
#1257 = EDGE_CURVE('',#1258,#1260,#1262,.T.);
#1258 = VERTEX_POINT('',#1259);
#1259 = CARTESIAN_POINT('',(-14.5,-33.,-7.5));
#1260 = VERTEX_POINT('',#1261);
#1261 = CARTESIAN_POINT('',(-14.5,33.,-7.5));
#1262 = SURFACE_CURVE('',#1263,(#1267,#1274),.PCURVE_S1.);
#1263 = LINE('',#1264,#1265);
#1264 = CARTESIAN_POINT('',(-14.5,0.,-7.5));
#1265 = VECTOR('',#1266,1.);
#1266 = DIRECTION('',(0.,1.,0.));
#1267 = PCURVE('',#602,#1268);
#1268 = DEFINITIONAL_REPRESENTATION('',(#1269),#1273);
#1269 = LINE('',#1270,#1271);
#1270 = CARTESIAN_POINT('',(33.,0.));
#1271 = VECTOR('',#1272,1.);
#1272 = DIRECTION('',(1.,0.));
#1273 = ( GEOMETRIC_REPRESENTATION_CONTEXT(2) 
PARAMETRIC_REPRESENTATION_CONTEXT() REPRESENTATION_CONTEXT('2D SPACE',''
  ) );
#1274 = PCURVE('',#1275,#1280);
#1275 = PLANE('',#1276);
#1276 = AXIS2_PLACEMENT_3D('',#1277,#1278,#1279);
#1277 = CARTESIAN_POINT('',(-2.251608108905E-10,5.749285824914E-16,-7.5)
  );
#1278 = DIRECTION('',(0.,0.,1.));
#1279 = DIRECTION('',(1.,0.,-0.));
#1280 = DEFINITIONAL_REPRESENTATION('',(#1281),#1285);
#1281 = LINE('',#1282,#1283);
#1282 = CARTESIAN_POINT('',(-14.49999999977,-5.749285824914E-16));
#1283 = VECTOR('',#1284,1.);
#1284 = DIRECTION('',(0.,1.));
#1285 = ( GEOMETRIC_REPRESENTATION_CONTEXT(2) 
PARAMETRIC_REPRESENTATION_CONTEXT() REPRESENTATION_CONTEXT('2D SPACE',''
  ) );
#1286 = ORIENTED_EDGE('',*,*,#1287,.T.);
#1287 = EDGE_CURVE('',#1258,#588,#1288,.T.);
#1288 = SURFACE_CURVE('',#1289,(#1293,#1300),.PCURVE_S1.);
#1289 = LINE('',#1290,#1291);
#1290 = CARTESIAN_POINT('',(-14.5,-33.,-7.5));
#1291 = VECTOR('',#1292,1.);
#1292 = DIRECTION('',(0.,0.,1.));
#1293 = PCURVE('',#602,#1294);
#1294 = DEFINITIONAL_REPRESENTATION('',(#1295),#1299);
#1295 = LINE('',#1296,#1297);
#1296 = CARTESIAN_POINT('',(0.,0.));
#1297 = VECTOR('',#1298,1.);
#1298 = DIRECTION('',(0.,-1.));
#1299 = ( GEOMETRIC_REPRESENTATION_CONTEXT(2) 
PARAMETRIC_REPRESENTATION_CONTEXT() REPRESENTATION_CONTEXT('2D SPACE',''
  ) );
#1300 = PCURVE('',#809,#1301);
#1301 = DEFINITIONAL_REPRESENTATION('',(#1302),#1306);
#1302 = LINE('',#1303,#1304);
#1303 = CARTESIAN_POINT('',(6.28318530718,0.));
#1304 = VECTOR('',#1305,1.);
#1305 = DIRECTION('',(0.,-1.));
#1306 = ( GEOMETRIC_REPRESENTATION_CONTEXT(2) 
PARAMETRIC_REPRESENTATION_CONTEXT() REPRESENTATION_CONTEXT('2D SPACE',''
  ) );
#1307 = ORIENTED_EDGE('',*,*,#585,.F.);
#1308 = ORIENTED_EDGE('',*,*,#1309,.F.);
#1309 = EDGE_CURVE('',#1260,#586,#1310,.T.);
#1310 = SURFACE_CURVE('',#1311,(#1315,#1322),.PCURVE_S1.);
#1311 = LINE('',#1312,#1313);
#1312 = CARTESIAN_POINT('',(-14.5,33.,-7.5));
#1313 = VECTOR('',#1314,1.);
#1314 = DIRECTION('',(0.,0.,1.));
#1315 = PCURVE('',#602,#1316);
#1316 = DEFINITIONAL_REPRESENTATION('',(#1317),#1321);
#1317 = LINE('',#1318,#1319);
#1318 = CARTESIAN_POINT('',(66.,0.));
#1319 = VECTOR('',#1320,1.);
#1320 = DIRECTION('',(0.,-1.));
#1321 = ( GEOMETRIC_REPRESENTATION_CONTEXT(2) 
PARAMETRIC_REPRESENTATION_CONTEXT() REPRESENTATION_CONTEXT('2D SPACE',''
  ) );
#1322 = PCURVE('',#634,#1323);
#1323 = DEFINITIONAL_REPRESENTATION('',(#1324),#1328);
#1324 = LINE('',#1325,#1326);
#1325 = CARTESIAN_POINT('',(0.,0.));
#1326 = VECTOR('',#1327,1.);
#1327 = DIRECTION('',(0.,-1.));
#1328 = ( GEOMETRIC_REPRESENTATION_CONTEXT(2) 
PARAMETRIC_REPRESENTATION_CONTEXT() REPRESENTATION_CONTEXT('2D SPACE',''
  ) );
#1329 = ADVANCED_FACE('',(#1330),#809,.F.);
#1330 = FACE_BOUND('',#1331,.F.);
#1331 = EDGE_LOOP('',(#1332,#1360,#1381,#1382));
#1332 = ORIENTED_EDGE('',*,*,#1333,.F.);
#1333 = EDGE_CURVE('',#1334,#1258,#1336,.T.);
#1334 = VERTEX_POINT('',#1335);
#1335 = CARTESIAN_POINT('',(-11.,-36.5,-7.5));
#1336 = SURFACE_CURVE('',#1337,(#1342,#1349),.PCURVE_S1.);
#1337 = CIRCLE('',#1338,3.5);
#1338 = AXIS2_PLACEMENT_3D('',#1339,#1340,#1341);
#1339 = CARTESIAN_POINT('',(-11.,-33.,-7.5));
#1340 = DIRECTION('',(0.,0.,-1.));
#1341 = DIRECTION('',(-1.,0.,0.));
#1342 = PCURVE('',#809,#1343);
#1343 = DEFINITIONAL_REPRESENTATION('',(#1344),#1348);
#1344 = LINE('',#1345,#1346);
#1345 = CARTESIAN_POINT('',(0.,0.));
#1346 = VECTOR('',#1347,1.);
#1347 = DIRECTION('',(1.,0.));
#1348 = ( GEOMETRIC_REPRESENTATION_CONTEXT(2) 
PARAMETRIC_REPRESENTATION_CONTEXT() REPRESENTATION_CONTEXT('2D SPACE',''
  ) );
#1349 = PCURVE('',#1275,#1350);
#1350 = DEFINITIONAL_REPRESENTATION('',(#1351),#1359);
#1351 = ( BOUNDED_CURVE() B_SPLINE_CURVE(2,(#1352,#1353,#1354,#1355,
#1356,#1357,#1358),.UNSPECIFIED.,.T.,.F.) B_SPLINE_CURVE_WITH_KNOTS((1,2
    ,2,2,2,1),(-2.094395102393,0.,2.094395102393,4.188790204786,
6.28318530718,8.377580409573),.UNSPECIFIED.) CURVE() 
GEOMETRIC_REPRESENTATION_ITEM() RATIONAL_B_SPLINE_CURVE((1.,0.5,1.,0.5,
1.,0.5,1.)) REPRESENTATION_ITEM('') );
#1352 = CARTESIAN_POINT('',(-14.49999999977,-33.));
#1353 = CARTESIAN_POINT('',(-14.49999999977,-26.9378221735));
#1354 = CARTESIAN_POINT('',(-9.249999999775,-29.96891108675));
#1355 = CARTESIAN_POINT('',(-3.999999999775,-33.));
#1356 = CARTESIAN_POINT('',(-9.249999999775,-36.03108891324));
#1357 = CARTESIAN_POINT('',(-14.49999999977,-39.06217782649));
#1358 = CARTESIAN_POINT('',(-14.49999999977,-33.));
#1359 = ( GEOMETRIC_REPRESENTATION_CONTEXT(2) 
PARAMETRIC_REPRESENTATION_CONTEXT() REPRESENTATION_CONTEXT('2D SPACE',''
  ) );
#1360 = ORIENTED_EDGE('',*,*,#1361,.T.);
#1361 = EDGE_CURVE('',#1334,#765,#1362,.T.);
#1362 = SURFACE_CURVE('',#1363,(#1367,#1374),.PCURVE_S1.);
#1363 = LINE('',#1364,#1365);
#1364 = CARTESIAN_POINT('',(-11.,-36.5,-7.5));
#1365 = VECTOR('',#1366,1.);
#1366 = DIRECTION('',(0.,0.,1.));
#1367 = PCURVE('',#809,#1368);
#1368 = DEFINITIONAL_REPRESENTATION('',(#1369),#1373);
#1369 = LINE('',#1370,#1371);
#1370 = CARTESIAN_POINT('',(4.712388980385,0.));
#1371 = VECTOR('',#1372,1.);
#1372 = DIRECTION('',(0.,-1.));
#1373 = ( GEOMETRIC_REPRESENTATION_CONTEXT(2) 
PARAMETRIC_REPRESENTATION_CONTEXT() REPRESENTATION_CONTEXT('2D SPACE',''
  ) );
#1374 = PCURVE('',#779,#1375);
#1375 = DEFINITIONAL_REPRESENTATION('',(#1376),#1380);
#1376 = LINE('',#1377,#1378);
#1377 = CARTESIAN_POINT('',(-1.7763568394E-15,0.));
#1378 = VECTOR('',#1379,1.);
#1379 = DIRECTION('',(0.,-1.));
#1380 = ( GEOMETRIC_REPRESENTATION_CONTEXT(2) 
PARAMETRIC_REPRESENTATION_CONTEXT() REPRESENTATION_CONTEXT('2D SPACE',''
  ) );
#1381 = ORIENTED_EDGE('',*,*,#790,.T.);
#1382 = ORIENTED_EDGE('',*,*,#1287,.F.);
#1383 = ADVANCED_FACE('',(#1384),#779,.T.);
#1384 = FACE_BOUND('',#1385,.T.);
#1385 = EDGE_LOOP('',(#1386,#1409,#1410,#1411));
#1386 = ORIENTED_EDGE('',*,*,#1387,.F.);
#1387 = EDGE_CURVE('',#1334,#1388,#1390,.T.);
#1388 = VERTEX_POINT('',#1389);
#1389 = CARTESIAN_POINT('',(10.999999998645,-36.5,-7.5));
#1390 = SURFACE_CURVE('',#1391,(#1395,#1402),.PCURVE_S1.);
#1391 = LINE('',#1392,#1393);
#1392 = CARTESIAN_POINT('',(6.394884621841E-14,-36.5,-7.5));
#1393 = VECTOR('',#1394,1.);
#1394 = DIRECTION('',(1.,0.,0.));
#1395 = PCURVE('',#779,#1396);
#1396 = DEFINITIONAL_REPRESENTATION('',(#1397),#1401);
#1397 = LINE('',#1398,#1399);
#1398 = CARTESIAN_POINT('',(11.,0.));
#1399 = VECTOR('',#1400,1.);
#1400 = DIRECTION('',(1.,0.));
#1401 = ( GEOMETRIC_REPRESENTATION_CONTEXT(2) 
PARAMETRIC_REPRESENTATION_CONTEXT() REPRESENTATION_CONTEXT('2D SPACE',''
  ) );
#1402 = PCURVE('',#1275,#1403);
#1403 = DEFINITIONAL_REPRESENTATION('',(#1404),#1408);
#1404 = LINE('',#1405,#1406);
#1405 = CARTESIAN_POINT('',(2.252247597367E-10,-36.5));
#1406 = VECTOR('',#1407,1.);
#1407 = DIRECTION('',(1.,0.));
#1408 = ( GEOMETRIC_REPRESENTATION_CONTEXT(2) 
PARAMETRIC_REPRESENTATION_CONTEXT() REPRESENTATION_CONTEXT('2D SPACE',''
  ) );
#1409 = ORIENTED_EDGE('',*,*,#1361,.T.);
#1410 = ORIENTED_EDGE('',*,*,#764,.F.);
#1411 = ORIENTED_EDGE('',*,*,#1412,.F.);
#1412 = EDGE_CURVE('',#1388,#732,#1413,.T.);
#1413 = SURFACE_CURVE('',#1414,(#1418,#1425),.PCURVE_S1.);
#1414 = LINE('',#1415,#1416);
#1415 = CARTESIAN_POINT('',(10.999999998645,-36.5,-7.5));
#1416 = VECTOR('',#1417,1.);
#1417 = DIRECTION('',(0.,0.,1.));
#1418 = PCURVE('',#779,#1419);
#1419 = DEFINITIONAL_REPRESENTATION('',(#1420),#1424);
#1420 = LINE('',#1421,#1422);
#1421 = CARTESIAN_POINT('',(21.999999998645,0.));
#1422 = VECTOR('',#1423,1.);
#1423 = DIRECTION('',(0.,-1.));
#1424 = ( GEOMETRIC_REPRESENTATION_CONTEXT(2) 
PARAMETRIC_REPRESENTATION_CONTEXT() REPRESENTATION_CONTEXT('2D SPACE',''
  ) );
#1425 = PCURVE('',#752,#1426);
#1426 = DEFINITIONAL_REPRESENTATION('',(#1427),#1431);
#1427 = LINE('',#1428,#1429);
#1428 = CARTESIAN_POINT('',(4.712388980385,0.));
#1429 = VECTOR('',#1430,1.);
#1430 = DIRECTION('',(0.,-1.));
#1431 = ( GEOMETRIC_REPRESENTATION_CONTEXT(2) 
PARAMETRIC_REPRESENTATION_CONTEXT() REPRESENTATION_CONTEXT('2D SPACE',''
  ) );
#1432 = ADVANCED_FACE('',(#1433),#752,.F.);
#1433 = FACE_BOUND('',#1434,.F.);
#1434 = EDGE_LOOP('',(#1435,#1463,#1484,#1485));
#1435 = ORIENTED_EDGE('',*,*,#1436,.F.);
#1436 = EDGE_CURVE('',#1437,#1388,#1439,.T.);
#1437 = VERTEX_POINT('',#1438);
#1438 = CARTESIAN_POINT('',(14.499999999323,-33.,-7.5));
#1439 = SURFACE_CURVE('',#1440,(#1445,#1452),.PCURVE_S1.);
#1440 = CIRCLE('',#1441,3.5);
#1441 = AXIS2_PLACEMENT_3D('',#1442,#1443,#1444);
#1442 = CARTESIAN_POINT('',(10.999999998645,-33.,-7.5));
#1443 = DIRECTION('',(0.,0.,-1.));
#1444 = DIRECTION('',(-1.,0.,0.));
#1445 = PCURVE('',#752,#1446);
#1446 = DEFINITIONAL_REPRESENTATION('',(#1447),#1451);
#1447 = LINE('',#1448,#1449);
#1448 = CARTESIAN_POINT('',(0.,0.));
#1449 = VECTOR('',#1450,1.);
#1450 = DIRECTION('',(1.,0.));
#1451 = ( GEOMETRIC_REPRESENTATION_CONTEXT(2) 
PARAMETRIC_REPRESENTATION_CONTEXT() REPRESENTATION_CONTEXT('2D SPACE',''
  ) );
#1452 = PCURVE('',#1275,#1453);
#1453 = DEFINITIONAL_REPRESENTATION('',(#1454),#1462);
#1454 = ( BOUNDED_CURVE() B_SPLINE_CURVE(2,(#1455,#1456,#1457,#1458,
#1459,#1460,#1461),.UNSPECIFIED.,.T.,.F.) B_SPLINE_CURVE_WITH_KNOTS((1,2
    ,2,2,2,1),(-2.094395102393,0.,2.094395102393,4.188790204786,
6.28318530718,8.377580409573),.UNSPECIFIED.) CURVE() 
GEOMETRIC_REPRESENTATION_ITEM() RATIONAL_B_SPLINE_CURVE((1.,0.5,1.,0.5,
1.,0.5,1.)) REPRESENTATION_ITEM('') );
#1455 = CARTESIAN_POINT('',(7.49999999887,-33.));
#1456 = CARTESIAN_POINT('',(7.49999999887,-26.9378221735));
#1457 = CARTESIAN_POINT('',(12.74999999887,-29.96891108675));
#1458 = CARTESIAN_POINT('',(17.99999999887,-33.));
#1459 = CARTESIAN_POINT('',(12.74999999887,-36.03108891324));
#1460 = CARTESIAN_POINT('',(7.49999999887,-39.06217782649));
#1461 = CARTESIAN_POINT('',(7.49999999887,-33.));
#1462 = ( GEOMETRIC_REPRESENTATION_CONTEXT(2) 
PARAMETRIC_REPRESENTATION_CONTEXT() REPRESENTATION_CONTEXT('2D SPACE',''
  ) );
#1463 = ORIENTED_EDGE('',*,*,#1464,.T.);
#1464 = EDGE_CURVE('',#1437,#706,#1465,.T.);
#1465 = SURFACE_CURVE('',#1466,(#1470,#1477),.PCURVE_S1.);
#1466 = LINE('',#1467,#1468);
#1467 = CARTESIAN_POINT('',(14.499999999323,-33.,-7.5));
#1468 = VECTOR('',#1469,1.);
#1469 = DIRECTION('',(0.,0.,1.));
#1470 = PCURVE('',#752,#1471);
#1471 = DEFINITIONAL_REPRESENTATION('',(#1472),#1476);
#1472 = LINE('',#1473,#1474);
#1473 = CARTESIAN_POINT('',(3.14159265359,0.));
#1474 = VECTOR('',#1475,1.);
#1475 = DIRECTION('',(0.,-1.));
#1476 = ( GEOMETRIC_REPRESENTATION_CONTEXT(2) 
PARAMETRIC_REPRESENTATION_CONTEXT() REPRESENTATION_CONTEXT('2D SPACE',''
  ) );
#1477 = PCURVE('',#720,#1478);
#1478 = DEFINITIONAL_REPRESENTATION('',(#1479),#1483);
#1479 = LINE('',#1480,#1481);
#1480 = CARTESIAN_POINT('',(0.,0.));
#1481 = VECTOR('',#1482,1.);
#1482 = DIRECTION('',(0.,-1.));
#1483 = ( GEOMETRIC_REPRESENTATION_CONTEXT(2) 
PARAMETRIC_REPRESENTATION_CONTEXT() REPRESENTATION_CONTEXT('2D SPACE',''
  ) );
#1484 = ORIENTED_EDGE('',*,*,#731,.T.);
#1485 = ORIENTED_EDGE('',*,*,#1412,.F.);
#1486 = ADVANCED_FACE('',(#1487,#1535,#1621),#720,.T.);
#1487 = FACE_BOUND('',#1488,.T.);
#1488 = EDGE_LOOP('',(#1489,#1512,#1513,#1514));
#1489 = ORIENTED_EDGE('',*,*,#1490,.F.);
#1490 = EDGE_CURVE('',#1437,#1491,#1493,.T.);
#1491 = VERTEX_POINT('',#1492);
#1492 = CARTESIAN_POINT('',(14.499999999323,33.,-7.5));
#1493 = SURFACE_CURVE('',#1494,(#1498,#1505),.PCURVE_S1.);
#1494 = LINE('',#1495,#1496);
#1495 = CARTESIAN_POINT('',(14.5,0.,-7.5));
#1496 = VECTOR('',#1497,1.);
#1497 = DIRECTION('',(0.,1.,0.));
#1498 = PCURVE('',#720,#1499);
#1499 = DEFINITIONAL_REPRESENTATION('',(#1500),#1504);
#1500 = LINE('',#1501,#1502);
#1501 = CARTESIAN_POINT('',(33.,0.));
#1502 = VECTOR('',#1503,1.);
#1503 = DIRECTION('',(1.,0.));
#1504 = ( GEOMETRIC_REPRESENTATION_CONTEXT(2) 
PARAMETRIC_REPRESENTATION_CONTEXT() REPRESENTATION_CONTEXT('2D SPACE',''
  ) );
#1505 = PCURVE('',#1275,#1506);
#1506 = DEFINITIONAL_REPRESENTATION('',(#1507),#1511);
#1507 = LINE('',#1508,#1509);
#1508 = CARTESIAN_POINT('',(14.500000000225,-5.749285824914E-16));
#1509 = VECTOR('',#1510,1.);
#1510 = DIRECTION('',(0.,1.));
#1511 = ( GEOMETRIC_REPRESENTATION_CONTEXT(2) 
PARAMETRIC_REPRESENTATION_CONTEXT() REPRESENTATION_CONTEXT('2D SPACE',''
  ) );
#1512 = ORIENTED_EDGE('',*,*,#1464,.T.);
#1513 = ORIENTED_EDGE('',*,*,#705,.F.);
#1514 = ORIENTED_EDGE('',*,*,#1515,.F.);
#1515 = EDGE_CURVE('',#1491,#673,#1516,.T.);
#1516 = SURFACE_CURVE('',#1517,(#1521,#1528),.PCURVE_S1.);
#1517 = LINE('',#1518,#1519);
#1518 = CARTESIAN_POINT('',(14.499999999323,33.,-7.5));
#1519 = VECTOR('',#1520,1.);
#1520 = DIRECTION('',(0.,0.,1.));
#1521 = PCURVE('',#720,#1522);
#1522 = DEFINITIONAL_REPRESENTATION('',(#1523),#1527);
#1523 = LINE('',#1524,#1525);
#1524 = CARTESIAN_POINT('',(66.,0.));
#1525 = VECTOR('',#1526,1.);
#1526 = DIRECTION('',(0.,-1.));
#1527 = ( GEOMETRIC_REPRESENTATION_CONTEXT(2) 
PARAMETRIC_REPRESENTATION_CONTEXT() REPRESENTATION_CONTEXT('2D SPACE',''
  ) );
#1528 = PCURVE('',#693,#1529);
#1529 = DEFINITIONAL_REPRESENTATION('',(#1530),#1534);
#1530 = LINE('',#1531,#1532);
#1531 = CARTESIAN_POINT('',(3.14159265359,0.));
#1532 = VECTOR('',#1533,1.);
#1533 = DIRECTION('',(0.,-1.));
#1534 = ( GEOMETRIC_REPRESENTATION_CONTEXT(2) 
PARAMETRIC_REPRESENTATION_CONTEXT() REPRESENTATION_CONTEXT('2D SPACE',''
  ) );
#1535 = FACE_BOUND('',#1536,.T.);
#1536 = EDGE_LOOP('',(#1537,#1560,#1581,#1602));
#1537 = ORIENTED_EDGE('',*,*,#1538,.F.);
#1538 = EDGE_CURVE('',#1539,#1541,#1543,.T.);
#1539 = VERTEX_POINT('',#1540);
#1540 = CARTESIAN_POINT('',(14.5,-10.5,6.));
#1541 = VERTEX_POINT('',#1542);
#1542 = CARTESIAN_POINT('',(14.5,-3.5,6.));
#1543 = SURFACE_CURVE('',#1544,(#1548,#1554),.PCURVE_S1.);
#1544 = LINE('',#1545,#1546);
#1545 = CARTESIAN_POINT('',(14.5,-21.75,6.));
#1546 = VECTOR('',#1547,1.);
#1547 = DIRECTION('',(0.,1.,-0.));
#1548 = PCURVE('',#720,#1549);
#1549 = DEFINITIONAL_REPRESENTATION('',(#1550),#1553);
#1550 = B_SPLINE_CURVE_WITH_KNOTS('',1,(#1551,#1552),.UNSPECIFIED.,.F.,
  .F.,(2,2),(11.25,18.25),.PIECEWISE_BEZIER_KNOTS.);
#1551 = CARTESIAN_POINT('',(22.5,-13.5));
#1552 = CARTESIAN_POINT('',(29.5,-13.5));
#1553 = ( GEOMETRIC_REPRESENTATION_CONTEXT(2) 
PARAMETRIC_REPRESENTATION_CONTEXT() REPRESENTATION_CONTEXT('2D SPACE',''
  ) );
#1554 = PCURVE('',#1054,#1555);
#1555 = DEFINITIONAL_REPRESENTATION('',(#1556),#1559);
#1556 = B_SPLINE_CURVE_WITH_KNOTS('',1,(#1557,#1558),.UNSPECIFIED.,.F.,
  .F.,(2,2),(11.25,18.25),.PIECEWISE_BEZIER_KNOTS.);
#1557 = CARTESIAN_POINT('',(2.,0.));
#1558 = CARTESIAN_POINT('',(2.,7.));
#1559 = ( GEOMETRIC_REPRESENTATION_CONTEXT(2) 
PARAMETRIC_REPRESENTATION_CONTEXT() REPRESENTATION_CONTEXT('2D SPACE',''
  ) );
#1560 = ORIENTED_EDGE('',*,*,#1561,.T.);
#1561 = EDGE_CURVE('',#1539,#1562,#1564,.T.);
#1562 = VERTEX_POINT('',#1563);
#1563 = CARTESIAN_POINT('',(14.5,-10.5,3.));
#1564 = SURFACE_CURVE('',#1565,(#1569,#1575),.PCURVE_S1.);
#1565 = LINE('',#1566,#1567);
#1566 = CARTESIAN_POINT('',(14.5,-10.5,-2.25));
#1567 = VECTOR('',#1568,1.);
#1568 = DIRECTION('',(0.,0.,-1.));
#1569 = PCURVE('',#720,#1570);
#1570 = DEFINITIONAL_REPRESENTATION('',(#1571),#1574);
#1571 = B_SPLINE_CURVE_WITH_KNOTS('',1,(#1572,#1573),.UNSPECIFIED.,.F.,
  .F.,(2,2),(-8.25,-5.25),.PIECEWISE_BEZIER_KNOTS.);
#1572 = CARTESIAN_POINT('',(22.5,-13.5));
#1573 = CARTESIAN_POINT('',(22.5,-10.5));
#1574 = ( GEOMETRIC_REPRESENTATION_CONTEXT(2) 
PARAMETRIC_REPRESENTATION_CONTEXT() REPRESENTATION_CONTEXT('2D SPACE',''
  ) );
#1575 = PCURVE('',#1080,#1576);
#1576 = DEFINITIONAL_REPRESENTATION('',(#1577),#1580);
#1577 = B_SPLINE_CURVE_WITH_KNOTS('',1,(#1578,#1579),.UNSPECIFIED.,.F.,
  .F.,(2,2),(-8.25,-5.25),.PIECEWISE_BEZIER_KNOTS.);
#1578 = CARTESIAN_POINT('',(3.,2.));
#1579 = CARTESIAN_POINT('',(0.,2.));
#1580 = ( GEOMETRIC_REPRESENTATION_CONTEXT(2) 
PARAMETRIC_REPRESENTATION_CONTEXT() REPRESENTATION_CONTEXT('2D SPACE',''
  ) );
#1581 = ORIENTED_EDGE('',*,*,#1582,.T.);
#1582 = EDGE_CURVE('',#1562,#1583,#1585,.T.);
#1583 = VERTEX_POINT('',#1584);
#1584 = CARTESIAN_POINT('',(14.5,-3.5,3.));
#1585 = SURFACE_CURVE('',#1586,(#1590,#1596),.PCURVE_S1.);
#1586 = LINE('',#1587,#1588);
#1587 = CARTESIAN_POINT('',(14.5,-21.75,3.));
#1588 = VECTOR('',#1589,1.);
#1589 = DIRECTION('',(0.,1.,-0.));
#1590 = PCURVE('',#720,#1591);
#1591 = DEFINITIONAL_REPRESENTATION('',(#1592),#1595);
#1592 = B_SPLINE_CURVE_WITH_KNOTS('',1,(#1593,#1594),.UNSPECIFIED.,.F.,
  .F.,(2,2),(11.25,18.25),.PIECEWISE_BEZIER_KNOTS.);
#1593 = CARTESIAN_POINT('',(22.5,-10.5));
#1594 = CARTESIAN_POINT('',(29.5,-10.5));
#1595 = ( GEOMETRIC_REPRESENTATION_CONTEXT(2) 
PARAMETRIC_REPRESENTATION_CONTEXT() REPRESENTATION_CONTEXT('2D SPACE',''
  ) );
#1596 = PCURVE('',#1106,#1597);
#1597 = DEFINITIONAL_REPRESENTATION('',(#1598),#1601);
#1598 = B_SPLINE_CURVE_WITH_KNOTS('',1,(#1599,#1600),.UNSPECIFIED.,.F.,
  .F.,(2,2),(11.25,18.25),.PIECEWISE_BEZIER_KNOTS.);
#1599 = CARTESIAN_POINT('',(2.,0.));
#1600 = CARTESIAN_POINT('',(2.,7.));
#1601 = ( GEOMETRIC_REPRESENTATION_CONTEXT(2) 
PARAMETRIC_REPRESENTATION_CONTEXT() REPRESENTATION_CONTEXT('2D SPACE',''
  ) );
#1602 = ORIENTED_EDGE('',*,*,#1603,.F.);
#1603 = EDGE_CURVE('',#1541,#1583,#1604,.T.);
#1604 = SURFACE_CURVE('',#1605,(#1609,#1615),.PCURVE_S1.);
#1605 = LINE('',#1606,#1607);
#1606 = CARTESIAN_POINT('',(14.5,-3.5,-2.25));
#1607 = VECTOR('',#1608,1.);
#1608 = DIRECTION('',(0.,0.,-1.));
#1609 = PCURVE('',#720,#1610);
#1610 = DEFINITIONAL_REPRESENTATION('',(#1611),#1614);
#1611 = B_SPLINE_CURVE_WITH_KNOTS('',1,(#1612,#1613),.UNSPECIFIED.,.F.,
  .F.,(2,2),(-8.25,-5.25),.PIECEWISE_BEZIER_KNOTS.);
#1612 = CARTESIAN_POINT('',(29.5,-13.5));
#1613 = CARTESIAN_POINT('',(29.5,-10.5));
#1614 = ( GEOMETRIC_REPRESENTATION_CONTEXT(2) 
PARAMETRIC_REPRESENTATION_CONTEXT() REPRESENTATION_CONTEXT('2D SPACE',''
  ) );
#1615 = PCURVE('',#1130,#1616);
#1616 = DEFINITIONAL_REPRESENTATION('',(#1617),#1620);
#1617 = B_SPLINE_CURVE_WITH_KNOTS('',1,(#1618,#1619),.UNSPECIFIED.,.F.,
  .F.,(2,2),(-8.25,-5.25),.PIECEWISE_BEZIER_KNOTS.);
#1618 = CARTESIAN_POINT('',(3.,2.));
#1619 = CARTESIAN_POINT('',(0.,2.));
#1620 = ( GEOMETRIC_REPRESENTATION_CONTEXT(2) 
PARAMETRIC_REPRESENTATION_CONTEXT() REPRESENTATION_CONTEXT('2D SPACE',''
  ) );
#1621 = FACE_BOUND('',#1622,.T.);
#1622 = EDGE_LOOP('',(#1623,#1646,#1667,#1688));
#1623 = ORIENTED_EDGE('',*,*,#1624,.F.);
#1624 = EDGE_CURVE('',#1625,#1627,#1629,.T.);
#1625 = VERTEX_POINT('',#1626);
#1626 = CARTESIAN_POINT('',(14.5,4.4,4.));
#1627 = VERTEX_POINT('',#1628);
#1628 = CARTESIAN_POINT('',(14.5,7.6,4.));
#1629 = SURFACE_CURVE('',#1630,(#1634,#1640),.PCURVE_S1.);
#1630 = LINE('',#1631,#1632);
#1631 = CARTESIAN_POINT('',(14.5,-14.3,4.));
#1632 = VECTOR('',#1633,1.);
#1633 = DIRECTION('',(0.,1.,-0.));
#1634 = PCURVE('',#720,#1635);
#1635 = DEFINITIONAL_REPRESENTATION('',(#1636),#1639);
#1636 = B_SPLINE_CURVE_WITH_KNOTS('',1,(#1637,#1638),.UNSPECIFIED.,.F.,
  .F.,(2,2),(18.7,21.9),.PIECEWISE_BEZIER_KNOTS.);
#1637 = CARTESIAN_POINT('',(37.4,-11.5));
#1638 = CARTESIAN_POINT('',(40.6,-11.5));
#1639 = ( GEOMETRIC_REPRESENTATION_CONTEXT(2) 
PARAMETRIC_REPRESENTATION_CONTEXT() REPRESENTATION_CONTEXT('2D SPACE',''
  ) );
#1640 = PCURVE('',#1160,#1641);
#1641 = DEFINITIONAL_REPRESENTATION('',(#1642),#1645);
#1642 = B_SPLINE_CURVE_WITH_KNOTS('',1,(#1643,#1644),.UNSPECIFIED.,.F.,
  .F.,(2,2),(18.7,21.9),.PIECEWISE_BEZIER_KNOTS.);
#1643 = CARTESIAN_POINT('',(2.5,0.));
#1644 = CARTESIAN_POINT('',(2.5,3.2));
#1645 = ( GEOMETRIC_REPRESENTATION_CONTEXT(2) 
PARAMETRIC_REPRESENTATION_CONTEXT() REPRESENTATION_CONTEXT('2D SPACE',''
  ) );
#1646 = ORIENTED_EDGE('',*,*,#1647,.T.);
#1647 = EDGE_CURVE('',#1625,#1648,#1650,.T.);
#1648 = VERTEX_POINT('',#1649);
#1649 = CARTESIAN_POINT('',(14.5,4.4,1.4));
#1650 = SURFACE_CURVE('',#1651,(#1655,#1661),.PCURVE_S1.);
#1651 = LINE('',#1652,#1653);
#1652 = CARTESIAN_POINT('',(14.5,4.4,-3.05));
#1653 = VECTOR('',#1654,1.);
#1654 = DIRECTION('',(0.,0.,-1.));
#1655 = PCURVE('',#720,#1656);
#1656 = DEFINITIONAL_REPRESENTATION('',(#1657),#1660);
#1657 = B_SPLINE_CURVE_WITH_KNOTS('',1,(#1658,#1659),.UNSPECIFIED.,.F.,
  .F.,(2,2),(-7.05,-4.45),.PIECEWISE_BEZIER_KNOTS.);
#1658 = CARTESIAN_POINT('',(37.4,-11.5));
#1659 = CARTESIAN_POINT('',(37.4,-8.9));
#1660 = ( GEOMETRIC_REPRESENTATION_CONTEXT(2) 
PARAMETRIC_REPRESENTATION_CONTEXT() REPRESENTATION_CONTEXT('2D SPACE',''
  ) );
#1661 = PCURVE('',#1186,#1662);
#1662 = DEFINITIONAL_REPRESENTATION('',(#1663),#1666);
#1663 = B_SPLINE_CURVE_WITH_KNOTS('',1,(#1664,#1665),.UNSPECIFIED.,.F.,
  .F.,(2,2),(-7.05,-4.45),.PIECEWISE_BEZIER_KNOTS.);
#1664 = CARTESIAN_POINT('',(2.6,2.5));
#1665 = CARTESIAN_POINT('',(0.,2.5));
#1666 = ( GEOMETRIC_REPRESENTATION_CONTEXT(2) 
PARAMETRIC_REPRESENTATION_CONTEXT() REPRESENTATION_CONTEXT('2D SPACE',''
  ) );
#1667 = ORIENTED_EDGE('',*,*,#1668,.T.);
#1668 = EDGE_CURVE('',#1648,#1669,#1671,.T.);
#1669 = VERTEX_POINT('',#1670);
#1670 = CARTESIAN_POINT('',(14.5,7.6,1.4));
#1671 = SURFACE_CURVE('',#1672,(#1676,#1682),.PCURVE_S1.);
#1672 = LINE('',#1673,#1674);
#1673 = CARTESIAN_POINT('',(14.5,-14.3,1.4));
#1674 = VECTOR('',#1675,1.);
#1675 = DIRECTION('',(0.,1.,-0.));
#1676 = PCURVE('',#720,#1677);
#1677 = DEFINITIONAL_REPRESENTATION('',(#1678),#1681);
#1678 = B_SPLINE_CURVE_WITH_KNOTS('',1,(#1679,#1680),.UNSPECIFIED.,.F.,
  .F.,(2,2),(18.7,21.9),.PIECEWISE_BEZIER_KNOTS.);
#1679 = CARTESIAN_POINT('',(37.4,-8.9));
#1680 = CARTESIAN_POINT('',(40.6,-8.9));
#1681 = ( GEOMETRIC_REPRESENTATION_CONTEXT(2) 
PARAMETRIC_REPRESENTATION_CONTEXT() REPRESENTATION_CONTEXT('2D SPACE',''
  ) );
#1682 = PCURVE('',#1212,#1683);
#1683 = DEFINITIONAL_REPRESENTATION('',(#1684),#1687);
#1684 = B_SPLINE_CURVE_WITH_KNOTS('',1,(#1685,#1686),.UNSPECIFIED.,.F.,
  .F.,(2,2),(18.7,21.9),.PIECEWISE_BEZIER_KNOTS.);
#1685 = CARTESIAN_POINT('',(2.5,0.));
#1686 = CARTESIAN_POINT('',(2.5,3.2));
#1687 = ( GEOMETRIC_REPRESENTATION_CONTEXT(2) 
PARAMETRIC_REPRESENTATION_CONTEXT() REPRESENTATION_CONTEXT('2D SPACE',''
  ) );
#1688 = ORIENTED_EDGE('',*,*,#1689,.F.);
#1689 = EDGE_CURVE('',#1627,#1669,#1690,.T.);
#1690 = SURFACE_CURVE('',#1691,(#1695,#1701),.PCURVE_S1.);
#1691 = LINE('',#1692,#1693);
#1692 = CARTESIAN_POINT('',(14.5,7.6,-3.05));
#1693 = VECTOR('',#1694,1.);
#1694 = DIRECTION('',(0.,0.,-1.));
#1695 = PCURVE('',#720,#1696);
#1696 = DEFINITIONAL_REPRESENTATION('',(#1697),#1700);
#1697 = B_SPLINE_CURVE_WITH_KNOTS('',1,(#1698,#1699),.UNSPECIFIED.,.F.,
  .F.,(2,2),(-7.05,-4.45),.PIECEWISE_BEZIER_KNOTS.);
#1698 = CARTESIAN_POINT('',(40.6,-11.5));
#1699 = CARTESIAN_POINT('',(40.6,-8.9));
#1700 = ( GEOMETRIC_REPRESENTATION_CONTEXT(2) 
PARAMETRIC_REPRESENTATION_CONTEXT() REPRESENTATION_CONTEXT('2D SPACE',''
  ) );
#1701 = PCURVE('',#1236,#1702);
#1702 = DEFINITIONAL_REPRESENTATION('',(#1703),#1706);
#1703 = B_SPLINE_CURVE_WITH_KNOTS('',1,(#1704,#1705),.UNSPECIFIED.,.F.,
  .F.,(2,2),(-7.05,-4.45),.PIECEWISE_BEZIER_KNOTS.);
#1704 = CARTESIAN_POINT('',(2.6,2.5));
#1705 = CARTESIAN_POINT('',(0.,2.5));
#1706 = ( GEOMETRIC_REPRESENTATION_CONTEXT(2) 
PARAMETRIC_REPRESENTATION_CONTEXT() REPRESENTATION_CONTEXT('2D SPACE',''
  ) );
#1707 = ADVANCED_FACE('',(#1708),#693,.F.);
#1708 = FACE_BOUND('',#1709,.F.);
#1709 = EDGE_LOOP('',(#1710,#1738,#1759,#1760));
#1710 = ORIENTED_EDGE('',*,*,#1711,.F.);
#1711 = EDGE_CURVE('',#1712,#1491,#1714,.T.);
#1712 = VERTEX_POINT('',#1713);
#1713 = CARTESIAN_POINT('',(10.999999998645,36.5,-7.5));
#1714 = SURFACE_CURVE('',#1715,(#1720,#1727),.PCURVE_S1.);
#1715 = CIRCLE('',#1716,3.5);
#1716 = AXIS2_PLACEMENT_3D('',#1717,#1718,#1719);
#1717 = CARTESIAN_POINT('',(10.999999998645,33.,-7.5));
#1718 = DIRECTION('',(0.,0.,-1.));
#1719 = DIRECTION('',(-1.,0.,0.));
#1720 = PCURVE('',#693,#1721);
#1721 = DEFINITIONAL_REPRESENTATION('',(#1722),#1726);
#1722 = LINE('',#1723,#1724);
#1723 = CARTESIAN_POINT('',(0.,0.));
#1724 = VECTOR('',#1725,1.);
#1725 = DIRECTION('',(1.,0.));
#1726 = ( GEOMETRIC_REPRESENTATION_CONTEXT(2) 
PARAMETRIC_REPRESENTATION_CONTEXT() REPRESENTATION_CONTEXT('2D SPACE',''
  ) );
#1727 = PCURVE('',#1275,#1728);
#1728 = DEFINITIONAL_REPRESENTATION('',(#1729),#1737);
#1729 = ( BOUNDED_CURVE() B_SPLINE_CURVE(2,(#1730,#1731,#1732,#1733,
#1734,#1735,#1736),.UNSPECIFIED.,.T.,.F.) B_SPLINE_CURVE_WITH_KNOTS((1,2
    ,2,2,2,1),(-2.094395102393,0.,2.094395102393,4.188790204786,
6.28318530718,8.377580409573),.UNSPECIFIED.) CURVE() 
GEOMETRIC_REPRESENTATION_ITEM() RATIONAL_B_SPLINE_CURVE((1.,0.5,1.,0.5,
1.,0.5,1.)) REPRESENTATION_ITEM('') );
#1730 = CARTESIAN_POINT('',(7.49999999887,33.));
#1731 = CARTESIAN_POINT('',(7.49999999887,39.062177826491));
#1732 = CARTESIAN_POINT('',(12.74999999887,36.031088913246));
#1733 = CARTESIAN_POINT('',(17.99999999887,33.));
#1734 = CARTESIAN_POINT('',(12.74999999887,29.968911086754));
#1735 = CARTESIAN_POINT('',(7.49999999887,26.937822173509));
#1736 = CARTESIAN_POINT('',(7.49999999887,33.));
#1737 = ( GEOMETRIC_REPRESENTATION_CONTEXT(2) 
PARAMETRIC_REPRESENTATION_CONTEXT() REPRESENTATION_CONTEXT('2D SPACE',''
  ) );
#1738 = ORIENTED_EDGE('',*,*,#1739,.T.);
#1739 = EDGE_CURVE('',#1712,#647,#1740,.T.);
#1740 = SURFACE_CURVE('',#1741,(#1745,#1752),.PCURVE_S1.);
#1741 = LINE('',#1742,#1743);
#1742 = CARTESIAN_POINT('',(10.999999998645,36.5,-7.5));
#1743 = VECTOR('',#1744,1.);
#1744 = DIRECTION('',(0.,0.,1.));
#1745 = PCURVE('',#693,#1746);
#1746 = DEFINITIONAL_REPRESENTATION('',(#1747),#1751);
#1747 = LINE('',#1748,#1749);
#1748 = CARTESIAN_POINT('',(1.570796326795,0.));
#1749 = VECTOR('',#1750,1.);
#1750 = DIRECTION('',(0.,-1.));
#1751 = ( GEOMETRIC_REPRESENTATION_CONTEXT(2) 
PARAMETRIC_REPRESENTATION_CONTEXT() REPRESENTATION_CONTEXT('2D SPACE',''
  ) );
#1752 = PCURVE('',#661,#1753);
#1753 = DEFINITIONAL_REPRESENTATION('',(#1754),#1758);
#1754 = LINE('',#1755,#1756);
#1755 = CARTESIAN_POINT('',(21.999999998645,0.));
#1756 = VECTOR('',#1757,1.);
#1757 = DIRECTION('',(0.,-1.));
#1758 = ( GEOMETRIC_REPRESENTATION_CONTEXT(2) 
PARAMETRIC_REPRESENTATION_CONTEXT() REPRESENTATION_CONTEXT('2D SPACE',''
  ) );
#1759 = ORIENTED_EDGE('',*,*,#672,.T.);
#1760 = ORIENTED_EDGE('',*,*,#1515,.F.);
#1761 = ADVANCED_FACE('',(#1762,#1810),#661,.F.);
#1762 = FACE_BOUND('',#1763,.F.);
#1763 = EDGE_LOOP('',(#1764,#1787,#1808,#1809));
#1764 = ORIENTED_EDGE('',*,*,#1765,.F.);
#1765 = EDGE_CURVE('',#1766,#1712,#1768,.T.);
#1766 = VERTEX_POINT('',#1767);
#1767 = CARTESIAN_POINT('',(-11.,36.5,-7.5));
#1768 = SURFACE_CURVE('',#1769,(#1773,#1780),.PCURVE_S1.);
#1769 = LINE('',#1770,#1771);
#1770 = CARTESIAN_POINT('',(6.394884621841E-14,36.5,-7.5));
#1771 = VECTOR('',#1772,1.);
#1772 = DIRECTION('',(1.,0.,0.));
#1773 = PCURVE('',#661,#1774);
#1774 = DEFINITIONAL_REPRESENTATION('',(#1775),#1779);
#1775 = LINE('',#1776,#1777);
#1776 = CARTESIAN_POINT('',(11.,0.));
#1777 = VECTOR('',#1778,1.);
#1778 = DIRECTION('',(1.,0.));
#1779 = ( GEOMETRIC_REPRESENTATION_CONTEXT(2) 
PARAMETRIC_REPRESENTATION_CONTEXT() REPRESENTATION_CONTEXT('2D SPACE',''
  ) );
#1780 = PCURVE('',#1275,#1781);
#1781 = DEFINITIONAL_REPRESENTATION('',(#1782),#1786);
#1782 = LINE('',#1783,#1784);
#1783 = CARTESIAN_POINT('',(2.252247597367E-10,36.5));
#1784 = VECTOR('',#1785,1.);
#1785 = DIRECTION('',(1.,0.));
#1786 = ( GEOMETRIC_REPRESENTATION_CONTEXT(2) 
PARAMETRIC_REPRESENTATION_CONTEXT() REPRESENTATION_CONTEXT('2D SPACE',''
  ) );
#1787 = ORIENTED_EDGE('',*,*,#1788,.T.);
#1788 = EDGE_CURVE('',#1766,#614,#1789,.T.);
#1789 = SURFACE_CURVE('',#1790,(#1794,#1801),.PCURVE_S1.);
#1790 = LINE('',#1791,#1792);
#1791 = CARTESIAN_POINT('',(-11.,36.5,-7.5));
#1792 = VECTOR('',#1793,1.);
#1793 = DIRECTION('',(0.,0.,1.));
#1794 = PCURVE('',#661,#1795);
#1795 = DEFINITIONAL_REPRESENTATION('',(#1796),#1800);
#1796 = LINE('',#1797,#1798);
#1797 = CARTESIAN_POINT('',(-1.7763568394E-15,0.));
#1798 = VECTOR('',#1799,1.);
#1799 = DIRECTION('',(0.,-1.));
#1800 = ( GEOMETRIC_REPRESENTATION_CONTEXT(2) 
PARAMETRIC_REPRESENTATION_CONTEXT() REPRESENTATION_CONTEXT('2D SPACE',''
  ) );
#1801 = PCURVE('',#634,#1802);
#1802 = DEFINITIONAL_REPRESENTATION('',(#1803),#1807);
#1803 = LINE('',#1804,#1805);
#1804 = CARTESIAN_POINT('',(1.570796326795,0.));
#1805 = VECTOR('',#1806,1.);
#1806 = DIRECTION('',(0.,-1.));
#1807 = ( GEOMETRIC_REPRESENTATION_CONTEXT(2) 
PARAMETRIC_REPRESENTATION_CONTEXT() REPRESENTATION_CONTEXT('2D SPACE',''
  ) );
#1808 = ORIENTED_EDGE('',*,*,#646,.F.);
#1809 = ORIENTED_EDGE('',*,*,#1739,.F.);
#1810 = FACE_BOUND('',#1811,.F.);
#1811 = EDGE_LOOP('',(#1812,#1835,#1856,#1877));
#1812 = ORIENTED_EDGE('',*,*,#1813,.F.);
#1813 = EDGE_CURVE('',#1814,#1816,#1818,.T.);
#1814 = VERTEX_POINT('',#1815);
#1815 = CARTESIAN_POINT('',(-5.,36.5,6.5));
#1816 = VERTEX_POINT('',#1817);
#1817 = CARTESIAN_POINT('',(5.,36.5,6.5));
#1818 = SURFACE_CURVE('',#1819,(#1823,#1829),.PCURVE_S1.);
#1819 = LINE('',#1820,#1821);
#1820 = CARTESIAN_POINT('',(-8.,36.5,6.5));
#1821 = VECTOR('',#1822,1.);
#1822 = DIRECTION('',(1.,0.,0.));
#1823 = PCURVE('',#661,#1824);
#1824 = DEFINITIONAL_REPRESENTATION('',(#1825),#1828);
#1825 = B_SPLINE_CURVE_WITH_KNOTS('',1,(#1826,#1827),.UNSPECIFIED.,.F.,
  .F.,(2,2),(3.,13.),.PIECEWISE_BEZIER_KNOTS.);
#1826 = CARTESIAN_POINT('',(6.,-14.));
#1827 = CARTESIAN_POINT('',(16.,-14.));
#1828 = ( GEOMETRIC_REPRESENTATION_CONTEXT(2) 
PARAMETRIC_REPRESENTATION_CONTEXT() REPRESENTATION_CONTEXT('2D SPACE',''
  ) );
#1829 = PCURVE('',#894,#1830);
#1830 = DEFINITIONAL_REPRESENTATION('',(#1831),#1834);
#1831 = B_SPLINE_CURVE_WITH_KNOTS('',1,(#1832,#1833),.UNSPECIFIED.,.F.,
  .F.,(2,2),(3.,13.),.PIECEWISE_BEZIER_KNOTS.);
#1832 = CARTESIAN_POINT('',(0.,2.));
#1833 = CARTESIAN_POINT('',(10.,2.));
#1834 = ( GEOMETRIC_REPRESENTATION_CONTEXT(2) 
PARAMETRIC_REPRESENTATION_CONTEXT() REPRESENTATION_CONTEXT('2D SPACE',''
  ) );
#1835 = ORIENTED_EDGE('',*,*,#1836,.T.);
#1836 = EDGE_CURVE('',#1814,#1837,#1839,.T.);
#1837 = VERTEX_POINT('',#1838);
#1838 = CARTESIAN_POINT('',(-5.,36.5,2.));
#1839 = SURFACE_CURVE('',#1840,(#1844,#1850),.PCURVE_S1.);
#1840 = LINE('',#1841,#1842);
#1841 = CARTESIAN_POINT('',(-5.,36.5,-2.75));
#1842 = VECTOR('',#1843,1.);
#1843 = DIRECTION('',(-0.,0.,-1.));
#1844 = PCURVE('',#661,#1845);
#1845 = DEFINITIONAL_REPRESENTATION('',(#1846),#1849);
#1846 = B_SPLINE_CURVE_WITH_KNOTS('',1,(#1847,#1848),.UNSPECIFIED.,.F.,
  .F.,(2,2),(-9.25,-4.75),.PIECEWISE_BEZIER_KNOTS.);
#1847 = CARTESIAN_POINT('',(6.,-14.));
#1848 = CARTESIAN_POINT('',(6.,-9.5));
#1849 = ( GEOMETRIC_REPRESENTATION_CONTEXT(2) 
PARAMETRIC_REPRESENTATION_CONTEXT() REPRESENTATION_CONTEXT('2D SPACE',''
  ) );
#1850 = PCURVE('',#920,#1851);
#1851 = DEFINITIONAL_REPRESENTATION('',(#1852),#1855);
#1852 = B_SPLINE_CURVE_WITH_KNOTS('',1,(#1853,#1854),.UNSPECIFIED.,.F.,
  .F.,(2,2),(-9.25,-4.75),.PIECEWISE_BEZIER_KNOTS.);
#1853 = CARTESIAN_POINT('',(4.5,-2.));
#1854 = CARTESIAN_POINT('',(0.,-2.));
#1855 = ( GEOMETRIC_REPRESENTATION_CONTEXT(2) 
PARAMETRIC_REPRESENTATION_CONTEXT() REPRESENTATION_CONTEXT('2D SPACE',''
  ) );
#1856 = ORIENTED_EDGE('',*,*,#1857,.T.);
#1857 = EDGE_CURVE('',#1837,#1858,#1860,.T.);
#1858 = VERTEX_POINT('',#1859);
#1859 = CARTESIAN_POINT('',(5.,36.5,2.));
#1860 = SURFACE_CURVE('',#1861,(#1865,#1871),.PCURVE_S1.);
#1861 = LINE('',#1862,#1863);
#1862 = CARTESIAN_POINT('',(-8.,36.5,2.));
#1863 = VECTOR('',#1864,1.);
#1864 = DIRECTION('',(1.,0.,0.));
#1865 = PCURVE('',#661,#1866);
#1866 = DEFINITIONAL_REPRESENTATION('',(#1867),#1870);
#1867 = B_SPLINE_CURVE_WITH_KNOTS('',1,(#1868,#1869),.UNSPECIFIED.,.F.,
  .F.,(2,2),(3.,13.),.PIECEWISE_BEZIER_KNOTS.);
#1868 = CARTESIAN_POINT('',(6.,-9.5));
#1869 = CARTESIAN_POINT('',(16.,-9.5));
#1870 = ( GEOMETRIC_REPRESENTATION_CONTEXT(2) 
PARAMETRIC_REPRESENTATION_CONTEXT() REPRESENTATION_CONTEXT('2D SPACE',''
  ) );
#1871 = PCURVE('',#946,#1872);
#1872 = DEFINITIONAL_REPRESENTATION('',(#1873),#1876);
#1873 = B_SPLINE_CURVE_WITH_KNOTS('',1,(#1874,#1875),.UNSPECIFIED.,.F.,
  .F.,(2,2),(3.,13.),.PIECEWISE_BEZIER_KNOTS.);
#1874 = CARTESIAN_POINT('',(0.,2.));
#1875 = CARTESIAN_POINT('',(10.,2.));
#1876 = ( GEOMETRIC_REPRESENTATION_CONTEXT(2) 
PARAMETRIC_REPRESENTATION_CONTEXT() REPRESENTATION_CONTEXT('2D SPACE',''
  ) );
#1877 = ORIENTED_EDGE('',*,*,#1878,.F.);
#1878 = EDGE_CURVE('',#1816,#1858,#1879,.T.);
#1879 = SURFACE_CURVE('',#1880,(#1884,#1890),.PCURVE_S1.);
#1880 = LINE('',#1881,#1882);
#1881 = CARTESIAN_POINT('',(5.,36.5,-2.75));
#1882 = VECTOR('',#1883,1.);
#1883 = DIRECTION('',(-0.,0.,-1.));
#1884 = PCURVE('',#661,#1885);
#1885 = DEFINITIONAL_REPRESENTATION('',(#1886),#1889);
#1886 = B_SPLINE_CURVE_WITH_KNOTS('',1,(#1887,#1888),.UNSPECIFIED.,.F.,
  .F.,(2,2),(-9.25,-4.75),.PIECEWISE_BEZIER_KNOTS.);
#1887 = CARTESIAN_POINT('',(16.,-14.));
#1888 = CARTESIAN_POINT('',(16.,-9.5));
#1889 = ( GEOMETRIC_REPRESENTATION_CONTEXT(2) 
PARAMETRIC_REPRESENTATION_CONTEXT() REPRESENTATION_CONTEXT('2D SPACE',''
  ) );
#1890 = PCURVE('',#970,#1891);
#1891 = DEFINITIONAL_REPRESENTATION('',(#1892),#1895);
#1892 = B_SPLINE_CURVE_WITH_KNOTS('',1,(#1893,#1894),.UNSPECIFIED.,.F.,
  .F.,(2,2),(-9.25,-4.75),.PIECEWISE_BEZIER_KNOTS.);
#1893 = CARTESIAN_POINT('',(4.5,-2.));
#1894 = CARTESIAN_POINT('',(0.,-2.));
#1895 = ( GEOMETRIC_REPRESENTATION_CONTEXT(2) 
PARAMETRIC_REPRESENTATION_CONTEXT() REPRESENTATION_CONTEXT('2D SPACE',''
  ) );
#1896 = ADVANCED_FACE('',(#1897),#634,.F.);
#1897 = FACE_BOUND('',#1898,.F.);
#1898 = EDGE_LOOP('',(#1899,#1925,#1926,#1927));
#1899 = ORIENTED_EDGE('',*,*,#1900,.F.);
#1900 = EDGE_CURVE('',#1260,#1766,#1901,.T.);
#1901 = SURFACE_CURVE('',#1902,(#1907,#1914),.PCURVE_S1.);
#1902 = CIRCLE('',#1903,3.5);
#1903 = AXIS2_PLACEMENT_3D('',#1904,#1905,#1906);
#1904 = CARTESIAN_POINT('',(-11.,33.,-7.5));
#1905 = DIRECTION('',(0.,0.,-1.));
#1906 = DIRECTION('',(-1.,0.,0.));
#1907 = PCURVE('',#634,#1908);
#1908 = DEFINITIONAL_REPRESENTATION('',(#1909),#1913);
#1909 = LINE('',#1910,#1911);
#1910 = CARTESIAN_POINT('',(0.,0.));
#1911 = VECTOR('',#1912,1.);
#1912 = DIRECTION('',(1.,0.));
#1913 = ( GEOMETRIC_REPRESENTATION_CONTEXT(2) 
PARAMETRIC_REPRESENTATION_CONTEXT() REPRESENTATION_CONTEXT('2D SPACE',''
  ) );
#1914 = PCURVE('',#1275,#1915);
#1915 = DEFINITIONAL_REPRESENTATION('',(#1916),#1924);
#1916 = ( BOUNDED_CURVE() B_SPLINE_CURVE(2,(#1917,#1918,#1919,#1920,
#1921,#1922,#1923),.UNSPECIFIED.,.T.,.F.) B_SPLINE_CURVE_WITH_KNOTS((1,2
    ,2,2,2,1),(-2.094395102393,0.,2.094395102393,4.188790204786,
6.28318530718,8.377580409573),.UNSPECIFIED.) CURVE() 
GEOMETRIC_REPRESENTATION_ITEM() RATIONAL_B_SPLINE_CURVE((1.,0.5,1.,0.5,
1.,0.5,1.)) REPRESENTATION_ITEM('') );
#1917 = CARTESIAN_POINT('',(-14.49999999977,33.));
#1918 = CARTESIAN_POINT('',(-14.49999999977,39.062177826491));
#1919 = CARTESIAN_POINT('',(-9.249999999775,36.031088913246));
#1920 = CARTESIAN_POINT('',(-3.999999999775,33.));
#1921 = CARTESIAN_POINT('',(-9.249999999775,29.968911086754));
#1922 = CARTESIAN_POINT('',(-14.49999999977,26.937822173509));
#1923 = CARTESIAN_POINT('',(-14.49999999977,33.));
#1924 = ( GEOMETRIC_REPRESENTATION_CONTEXT(2) 
PARAMETRIC_REPRESENTATION_CONTEXT() REPRESENTATION_CONTEXT('2D SPACE',''
  ) );
#1925 = ORIENTED_EDGE('',*,*,#1309,.T.);
#1926 = ORIENTED_EDGE('',*,*,#613,.T.);
#1927 = ORIENTED_EDGE('',*,*,#1788,.F.);
#1928 = ADVANCED_FACE('',(#1929),#894,.F.);
#1929 = FACE_BOUND('',#1930,.F.);
#1930 = EDGE_LOOP('',(#1931,#1952,#1953,#1974));
#1931 = ORIENTED_EDGE('',*,*,#1932,.F.);
#1932 = EDGE_CURVE('',#1814,#878,#1933,.T.);
#1933 = SURFACE_CURVE('',#1934,(#1938,#1945),.PCURVE_S1.);
#1934 = LINE('',#1935,#1936);
#1935 = CARTESIAN_POINT('',(-5.,34.5,6.5));
#1936 = VECTOR('',#1937,1.);
#1937 = DIRECTION('',(-0.,1.,0.));
#1938 = PCURVE('',#894,#1939);
#1939 = DEFINITIONAL_REPRESENTATION('',(#1940),#1944);
#1940 = LINE('',#1941,#1942);
#1941 = CARTESIAN_POINT('',(0.,0.));
#1942 = VECTOR('',#1943,1.);
#1943 = DIRECTION('',(0.,1.));
#1944 = ( GEOMETRIC_REPRESENTATION_CONTEXT(2) 
PARAMETRIC_REPRESENTATION_CONTEXT() REPRESENTATION_CONTEXT('2D SPACE',''
  ) );
#1945 = PCURVE('',#920,#1946);
#1946 = DEFINITIONAL_REPRESENTATION('',(#1947),#1951);
#1947 = LINE('',#1948,#1949);
#1948 = CARTESIAN_POINT('',(4.5,0.));
#1949 = VECTOR('',#1950,1.);
#1950 = DIRECTION('',(0.,-1.));
#1951 = ( GEOMETRIC_REPRESENTATION_CONTEXT(2) 
PARAMETRIC_REPRESENTATION_CONTEXT() REPRESENTATION_CONTEXT('2D SPACE',''
  ) );
#1952 = ORIENTED_EDGE('',*,*,#1813,.T.);
#1953 = ORIENTED_EDGE('',*,*,#1954,.T.);
#1954 = EDGE_CURVE('',#1816,#880,#1955,.T.);
#1955 = SURFACE_CURVE('',#1956,(#1960,#1967),.PCURVE_S1.);
#1956 = LINE('',#1957,#1958);
#1957 = CARTESIAN_POINT('',(5.,34.5,6.5));
#1958 = VECTOR('',#1959,1.);
#1959 = DIRECTION('',(-0.,1.,0.));
#1960 = PCURVE('',#894,#1961);
#1961 = DEFINITIONAL_REPRESENTATION('',(#1962),#1966);
#1962 = LINE('',#1963,#1964);
#1963 = CARTESIAN_POINT('',(10.,0.));
#1964 = VECTOR('',#1965,1.);
#1965 = DIRECTION('',(0.,1.));
#1966 = ( GEOMETRIC_REPRESENTATION_CONTEXT(2) 
PARAMETRIC_REPRESENTATION_CONTEXT() REPRESENTATION_CONTEXT('2D SPACE',''
  ) );
#1967 = PCURVE('',#970,#1968);
#1968 = DEFINITIONAL_REPRESENTATION('',(#1969),#1973);
#1969 = LINE('',#1970,#1971);
#1970 = CARTESIAN_POINT('',(4.5,0.));
#1971 = VECTOR('',#1972,1.);
#1972 = DIRECTION('',(0.,-1.));
#1973 = ( GEOMETRIC_REPRESENTATION_CONTEXT(2) 
PARAMETRIC_REPRESENTATION_CONTEXT() REPRESENTATION_CONTEXT('2D SPACE',''
  ) );
#1974 = ORIENTED_EDGE('',*,*,#877,.F.);
#1975 = ADVANCED_FACE('',(#1976),#970,.F.);
#1976 = FACE_BOUND('',#1977,.F.);
#1977 = EDGE_LOOP('',(#1978,#1979,#1980,#2001));
#1978 = ORIENTED_EDGE('',*,*,#1954,.F.);
#1979 = ORIENTED_EDGE('',*,*,#1878,.T.);
#1980 = ORIENTED_EDGE('',*,*,#1981,.T.);
#1981 = EDGE_CURVE('',#1858,#932,#1982,.T.);
#1982 = SURFACE_CURVE('',#1983,(#1987,#1994),.PCURVE_S1.);
#1983 = LINE('',#1984,#1985);
#1984 = CARTESIAN_POINT('',(5.,34.5,2.));
#1985 = VECTOR('',#1986,1.);
#1986 = DIRECTION('',(-0.,1.,0.));
#1987 = PCURVE('',#970,#1988);
#1988 = DEFINITIONAL_REPRESENTATION('',(#1989),#1993);
#1989 = LINE('',#1990,#1991);
#1990 = CARTESIAN_POINT('',(0.,0.));
#1991 = VECTOR('',#1992,1.);
#1992 = DIRECTION('',(0.,-1.));
#1993 = ( GEOMETRIC_REPRESENTATION_CONTEXT(2) 
PARAMETRIC_REPRESENTATION_CONTEXT() REPRESENTATION_CONTEXT('2D SPACE',''
  ) );
#1994 = PCURVE('',#946,#1995);
#1995 = DEFINITIONAL_REPRESENTATION('',(#1996),#2000);
#1996 = LINE('',#1997,#1998);
#1997 = CARTESIAN_POINT('',(10.,0.));
#1998 = VECTOR('',#1999,1.);
#1999 = DIRECTION('',(0.,1.));
#2000 = ( GEOMETRIC_REPRESENTATION_CONTEXT(2) 
PARAMETRIC_REPRESENTATION_CONTEXT() REPRESENTATION_CONTEXT('2D SPACE',''
  ) );
#2001 = ORIENTED_EDGE('',*,*,#957,.F.);
#2002 = ADVANCED_FACE('',(#2003),#946,.T.);
#2003 = FACE_BOUND('',#2004,.T.);
#2004 = EDGE_LOOP('',(#2005,#2026,#2027,#2028));
#2005 = ORIENTED_EDGE('',*,*,#2006,.F.);
#2006 = EDGE_CURVE('',#1837,#906,#2007,.T.);
#2007 = SURFACE_CURVE('',#2008,(#2012,#2019),.PCURVE_S1.);
#2008 = LINE('',#2009,#2010);
#2009 = CARTESIAN_POINT('',(-5.,34.5,2.));
#2010 = VECTOR('',#2011,1.);
#2011 = DIRECTION('',(-0.,1.,0.));
#2012 = PCURVE('',#946,#2013);
#2013 = DEFINITIONAL_REPRESENTATION('',(#2014),#2018);
#2014 = LINE('',#2015,#2016);
#2015 = CARTESIAN_POINT('',(0.,0.));
#2016 = VECTOR('',#2017,1.);
#2017 = DIRECTION('',(0.,1.));
#2018 = ( GEOMETRIC_REPRESENTATION_CONTEXT(2) 
PARAMETRIC_REPRESENTATION_CONTEXT() REPRESENTATION_CONTEXT('2D SPACE',''
  ) );
#2019 = PCURVE('',#920,#2020);
#2020 = DEFINITIONAL_REPRESENTATION('',(#2021),#2025);
#2021 = LINE('',#2022,#2023);
#2022 = CARTESIAN_POINT('',(0.,0.));
#2023 = VECTOR('',#2024,1.);
#2024 = DIRECTION('',(0.,-1.));
#2025 = ( GEOMETRIC_REPRESENTATION_CONTEXT(2) 
PARAMETRIC_REPRESENTATION_CONTEXT() REPRESENTATION_CONTEXT('2D SPACE',''
  ) );
#2026 = ORIENTED_EDGE('',*,*,#1857,.T.);
#2027 = ORIENTED_EDGE('',*,*,#1981,.T.);
#2028 = ORIENTED_EDGE('',*,*,#931,.F.);
#2029 = ADVANCED_FACE('',(#2030),#920,.T.);
#2030 = FACE_BOUND('',#2031,.T.);
#2031 = EDGE_LOOP('',(#2032,#2033,#2034,#2035));
#2032 = ORIENTED_EDGE('',*,*,#1932,.F.);
#2033 = ORIENTED_EDGE('',*,*,#1836,.T.);
#2034 = ORIENTED_EDGE('',*,*,#2006,.T.);
#2035 = ORIENTED_EDGE('',*,*,#905,.F.);
#2036 = ADVANCED_FACE('',(#2037),#1054,.F.);
#2037 = FACE_BOUND('',#2038,.F.);
#2038 = EDGE_LOOP('',(#2039,#2060,#2061,#2082));
#2039 = ORIENTED_EDGE('',*,*,#2040,.F.);
#2040 = EDGE_CURVE('',#1541,#1040,#2041,.T.);
#2041 = SURFACE_CURVE('',#2042,(#2046,#2053),.PCURVE_S1.);
#2042 = LINE('',#2043,#2044);
#2043 = CARTESIAN_POINT('',(12.5,-3.5,6.));
#2044 = VECTOR('',#2045,1.);
#2045 = DIRECTION('',(1.,0.,-0.));
#2046 = PCURVE('',#1054,#2047);
#2047 = DEFINITIONAL_REPRESENTATION('',(#2048),#2052);
#2048 = LINE('',#2049,#2050);
#2049 = CARTESIAN_POINT('',(0.,7.));
#2050 = VECTOR('',#2051,1.);
#2051 = DIRECTION('',(1.,0.));
#2052 = ( GEOMETRIC_REPRESENTATION_CONTEXT(2) 
PARAMETRIC_REPRESENTATION_CONTEXT() REPRESENTATION_CONTEXT('2D SPACE',''
  ) );
#2053 = PCURVE('',#1130,#2054);
#2054 = DEFINITIONAL_REPRESENTATION('',(#2055),#2059);
#2055 = LINE('',#2056,#2057);
#2056 = CARTESIAN_POINT('',(3.,0.));
#2057 = VECTOR('',#2058,1.);
#2058 = DIRECTION('',(0.,1.));
#2059 = ( GEOMETRIC_REPRESENTATION_CONTEXT(2) 
PARAMETRIC_REPRESENTATION_CONTEXT() REPRESENTATION_CONTEXT('2D SPACE',''
  ) );
#2060 = ORIENTED_EDGE('',*,*,#1538,.F.);
#2061 = ORIENTED_EDGE('',*,*,#2062,.T.);
#2062 = EDGE_CURVE('',#1539,#1038,#2063,.T.);
#2063 = SURFACE_CURVE('',#2064,(#2068,#2075),.PCURVE_S1.);
#2064 = LINE('',#2065,#2066);
#2065 = CARTESIAN_POINT('',(12.5,-10.5,6.));
#2066 = VECTOR('',#2067,1.);
#2067 = DIRECTION('',(1.,0.,-0.));
#2068 = PCURVE('',#1054,#2069);
#2069 = DEFINITIONAL_REPRESENTATION('',(#2070),#2074);
#2070 = LINE('',#2071,#2072);
#2071 = CARTESIAN_POINT('',(0.,0.));
#2072 = VECTOR('',#2073,1.);
#2073 = DIRECTION('',(1.,0.));
#2074 = ( GEOMETRIC_REPRESENTATION_CONTEXT(2) 
PARAMETRIC_REPRESENTATION_CONTEXT() REPRESENTATION_CONTEXT('2D SPACE',''
  ) );
#2075 = PCURVE('',#1080,#2076);
#2076 = DEFINITIONAL_REPRESENTATION('',(#2077),#2081);
#2077 = LINE('',#2078,#2079);
#2078 = CARTESIAN_POINT('',(3.,0.));
#2079 = VECTOR('',#2080,1.);
#2080 = DIRECTION('',(0.,1.));
#2081 = ( GEOMETRIC_REPRESENTATION_CONTEXT(2) 
PARAMETRIC_REPRESENTATION_CONTEXT() REPRESENTATION_CONTEXT('2D SPACE',''
  ) );
#2082 = ORIENTED_EDGE('',*,*,#1037,.T.);
#2083 = ADVANCED_FACE('',(#2084),#1080,.T.);
#2084 = FACE_BOUND('',#2085,.T.);
#2085 = EDGE_LOOP('',(#2086,#2107,#2108,#2109));
#2086 = ORIENTED_EDGE('',*,*,#2087,.F.);
#2087 = EDGE_CURVE('',#1562,#1066,#2088,.T.);
#2088 = SURFACE_CURVE('',#2089,(#2093,#2100),.PCURVE_S1.);
#2089 = LINE('',#2090,#2091);
#2090 = CARTESIAN_POINT('',(12.5,-10.5,3.));
#2091 = VECTOR('',#2092,1.);
#2092 = DIRECTION('',(1.,0.,-0.));
#2093 = PCURVE('',#1080,#2094);
#2094 = DEFINITIONAL_REPRESENTATION('',(#2095),#2099);
#2095 = LINE('',#2096,#2097);
#2096 = CARTESIAN_POINT('',(0.,0.));
#2097 = VECTOR('',#2098,1.);
#2098 = DIRECTION('',(0.,1.));
#2099 = ( GEOMETRIC_REPRESENTATION_CONTEXT(2) 
PARAMETRIC_REPRESENTATION_CONTEXT() REPRESENTATION_CONTEXT('2D SPACE',''
  ) );
#2100 = PCURVE('',#1106,#2101);
#2101 = DEFINITIONAL_REPRESENTATION('',(#2102),#2106);
#2102 = LINE('',#2103,#2104);
#2103 = CARTESIAN_POINT('',(0.,0.));
#2104 = VECTOR('',#2105,1.);
#2105 = DIRECTION('',(1.,0.));
#2106 = ( GEOMETRIC_REPRESENTATION_CONTEXT(2) 
PARAMETRIC_REPRESENTATION_CONTEXT() REPRESENTATION_CONTEXT('2D SPACE',''
  ) );
#2107 = ORIENTED_EDGE('',*,*,#1561,.F.);
#2108 = ORIENTED_EDGE('',*,*,#2062,.T.);
#2109 = ORIENTED_EDGE('',*,*,#1065,.T.);
#2110 = ADVANCED_FACE('',(#2111),#1130,.F.);
#2111 = FACE_BOUND('',#2112,.F.);
#2112 = EDGE_LOOP('',(#2113,#2134,#2135,#2136));
#2113 = ORIENTED_EDGE('',*,*,#2114,.F.);
#2114 = EDGE_CURVE('',#1583,#1092,#2115,.T.);
#2115 = SURFACE_CURVE('',#2116,(#2120,#2127),.PCURVE_S1.);
#2116 = LINE('',#2117,#2118);
#2117 = CARTESIAN_POINT('',(12.5,-3.5,3.));
#2118 = VECTOR('',#2119,1.);
#2119 = DIRECTION('',(1.,0.,-0.));
#2120 = PCURVE('',#1130,#2121);
#2121 = DEFINITIONAL_REPRESENTATION('',(#2122),#2126);
#2122 = LINE('',#2123,#2124);
#2123 = CARTESIAN_POINT('',(0.,0.));
#2124 = VECTOR('',#2125,1.);
#2125 = DIRECTION('',(0.,1.));
#2126 = ( GEOMETRIC_REPRESENTATION_CONTEXT(2) 
PARAMETRIC_REPRESENTATION_CONTEXT() REPRESENTATION_CONTEXT('2D SPACE',''
  ) );
#2127 = PCURVE('',#1106,#2128);
#2128 = DEFINITIONAL_REPRESENTATION('',(#2129),#2133);
#2129 = LINE('',#2130,#2131);
#2130 = CARTESIAN_POINT('',(0.,7.));
#2131 = VECTOR('',#2132,1.);
#2132 = DIRECTION('',(1.,0.));
#2133 = ( GEOMETRIC_REPRESENTATION_CONTEXT(2) 
PARAMETRIC_REPRESENTATION_CONTEXT() REPRESENTATION_CONTEXT('2D SPACE',''
  ) );
#2134 = ORIENTED_EDGE('',*,*,#1603,.F.);
#2135 = ORIENTED_EDGE('',*,*,#2040,.T.);
#2136 = ORIENTED_EDGE('',*,*,#1117,.T.);
#2137 = ADVANCED_FACE('',(#2138),#1106,.T.);
#2138 = FACE_BOUND('',#2139,.T.);
#2139 = EDGE_LOOP('',(#2140,#2141,#2142,#2143));
#2140 = ORIENTED_EDGE('',*,*,#2114,.F.);
#2141 = ORIENTED_EDGE('',*,*,#1582,.F.);
#2142 = ORIENTED_EDGE('',*,*,#2087,.T.);
#2143 = ORIENTED_EDGE('',*,*,#1091,.T.);
#2144 = ADVANCED_FACE('',(#2145),#1160,.F.);
#2145 = FACE_BOUND('',#2146,.F.);
#2146 = EDGE_LOOP('',(#2147,#2168,#2169,#2190));
#2147 = ORIENTED_EDGE('',*,*,#2148,.F.);
#2148 = EDGE_CURVE('',#1627,#1146,#2149,.T.);
#2149 = SURFACE_CURVE('',#2150,(#2154,#2161),.PCURVE_S1.);
#2150 = LINE('',#2151,#2152);
#2151 = CARTESIAN_POINT('',(12.,7.6,4.));
#2152 = VECTOR('',#2153,1.);
#2153 = DIRECTION('',(1.,0.,-0.));
#2154 = PCURVE('',#1160,#2155);
#2155 = DEFINITIONAL_REPRESENTATION('',(#2156),#2160);
#2156 = LINE('',#2157,#2158);
#2157 = CARTESIAN_POINT('',(0.,3.2));
#2158 = VECTOR('',#2159,1.);
#2159 = DIRECTION('',(1.,0.));
#2160 = ( GEOMETRIC_REPRESENTATION_CONTEXT(2) 
PARAMETRIC_REPRESENTATION_CONTEXT() REPRESENTATION_CONTEXT('2D SPACE',''
  ) );
#2161 = PCURVE('',#1236,#2162);
#2162 = DEFINITIONAL_REPRESENTATION('',(#2163),#2167);
#2163 = LINE('',#2164,#2165);
#2164 = CARTESIAN_POINT('',(2.6,0.));
#2165 = VECTOR('',#2166,1.);
#2166 = DIRECTION('',(0.,1.));
#2167 = ( GEOMETRIC_REPRESENTATION_CONTEXT(2) 
PARAMETRIC_REPRESENTATION_CONTEXT() REPRESENTATION_CONTEXT('2D SPACE',''
  ) );
#2168 = ORIENTED_EDGE('',*,*,#1624,.F.);
#2169 = ORIENTED_EDGE('',*,*,#2170,.T.);
#2170 = EDGE_CURVE('',#1625,#1144,#2171,.T.);
#2171 = SURFACE_CURVE('',#2172,(#2176,#2183),.PCURVE_S1.);
#2172 = LINE('',#2173,#2174);
#2173 = CARTESIAN_POINT('',(12.,4.4,4.));
#2174 = VECTOR('',#2175,1.);
#2175 = DIRECTION('',(1.,0.,-0.));
#2176 = PCURVE('',#1160,#2177);
#2177 = DEFINITIONAL_REPRESENTATION('',(#2178),#2182);
#2178 = LINE('',#2179,#2180);
#2179 = CARTESIAN_POINT('',(0.,0.));
#2180 = VECTOR('',#2181,1.);
#2181 = DIRECTION('',(1.,0.));
#2182 = ( GEOMETRIC_REPRESENTATION_CONTEXT(2) 
PARAMETRIC_REPRESENTATION_CONTEXT() REPRESENTATION_CONTEXT('2D SPACE',''
  ) );
#2183 = PCURVE('',#1186,#2184);
#2184 = DEFINITIONAL_REPRESENTATION('',(#2185),#2189);
#2185 = LINE('',#2186,#2187);
#2186 = CARTESIAN_POINT('',(2.6,0.));
#2187 = VECTOR('',#2188,1.);
#2188 = DIRECTION('',(0.,1.));
#2189 = ( GEOMETRIC_REPRESENTATION_CONTEXT(2) 
PARAMETRIC_REPRESENTATION_CONTEXT() REPRESENTATION_CONTEXT('2D SPACE',''
  ) );
#2190 = ORIENTED_EDGE('',*,*,#1143,.T.);
#2191 = ADVANCED_FACE('',(#2192),#1236,.F.);
#2192 = FACE_BOUND('',#2193,.F.);
#2193 = EDGE_LOOP('',(#2194,#2215,#2216,#2217));
#2194 = ORIENTED_EDGE('',*,*,#2195,.F.);
#2195 = EDGE_CURVE('',#1669,#1198,#2196,.T.);
#2196 = SURFACE_CURVE('',#2197,(#2201,#2208),.PCURVE_S1.);
#2197 = LINE('',#2198,#2199);
#2198 = CARTESIAN_POINT('',(12.,7.6,1.4));
#2199 = VECTOR('',#2200,1.);
#2200 = DIRECTION('',(1.,0.,-0.));
#2201 = PCURVE('',#1236,#2202);
#2202 = DEFINITIONAL_REPRESENTATION('',(#2203),#2207);
#2203 = LINE('',#2204,#2205);
#2204 = CARTESIAN_POINT('',(0.,0.));
#2205 = VECTOR('',#2206,1.);
#2206 = DIRECTION('',(0.,1.));
#2207 = ( GEOMETRIC_REPRESENTATION_CONTEXT(2) 
PARAMETRIC_REPRESENTATION_CONTEXT() REPRESENTATION_CONTEXT('2D SPACE',''
  ) );
#2208 = PCURVE('',#1212,#2209);
#2209 = DEFINITIONAL_REPRESENTATION('',(#2210),#2214);
#2210 = LINE('',#2211,#2212);
#2211 = CARTESIAN_POINT('',(0.,3.2));
#2212 = VECTOR('',#2213,1.);
#2213 = DIRECTION('',(1.,0.));
#2214 = ( GEOMETRIC_REPRESENTATION_CONTEXT(2) 
PARAMETRIC_REPRESENTATION_CONTEXT() REPRESENTATION_CONTEXT('2D SPACE',''
  ) );
#2215 = ORIENTED_EDGE('',*,*,#1689,.F.);
#2216 = ORIENTED_EDGE('',*,*,#2148,.T.);
#2217 = ORIENTED_EDGE('',*,*,#1223,.T.);
#2218 = ADVANCED_FACE('',(#2219),#1212,.T.);
#2219 = FACE_BOUND('',#2220,.T.);
#2220 = EDGE_LOOP('',(#2221,#2222,#2223,#2244));
#2221 = ORIENTED_EDGE('',*,*,#2195,.F.);
#2222 = ORIENTED_EDGE('',*,*,#1668,.F.);
#2223 = ORIENTED_EDGE('',*,*,#2224,.T.);
#2224 = EDGE_CURVE('',#1648,#1172,#2225,.T.);
#2225 = SURFACE_CURVE('',#2226,(#2230,#2237),.PCURVE_S1.);
#2226 = LINE('',#2227,#2228);
#2227 = CARTESIAN_POINT('',(12.,4.4,1.4));
#2228 = VECTOR('',#2229,1.);
#2229 = DIRECTION('',(1.,0.,-0.));
#2230 = PCURVE('',#1212,#2231);
#2231 = DEFINITIONAL_REPRESENTATION('',(#2232),#2236);
#2232 = LINE('',#2233,#2234);
#2233 = CARTESIAN_POINT('',(0.,0.));
#2234 = VECTOR('',#2235,1.);
#2235 = DIRECTION('',(1.,0.));
#2236 = ( GEOMETRIC_REPRESENTATION_CONTEXT(2) 
PARAMETRIC_REPRESENTATION_CONTEXT() REPRESENTATION_CONTEXT('2D SPACE',''
  ) );
#2237 = PCURVE('',#1186,#2238);
#2238 = DEFINITIONAL_REPRESENTATION('',(#2239),#2243);
#2239 = LINE('',#2240,#2241);
#2240 = CARTESIAN_POINT('',(0.,0.));
#2241 = VECTOR('',#2242,1.);
#2242 = DIRECTION('',(0.,1.));
#2243 = ( GEOMETRIC_REPRESENTATION_CONTEXT(2) 
PARAMETRIC_REPRESENTATION_CONTEXT() REPRESENTATION_CONTEXT('2D SPACE',''
  ) );
#2244 = ORIENTED_EDGE('',*,*,#1197,.T.);
#2245 = ADVANCED_FACE('',(#2246),#1186,.T.);
#2246 = FACE_BOUND('',#2247,.T.);
#2247 = EDGE_LOOP('',(#2248,#2249,#2250,#2251));
#2248 = ORIENTED_EDGE('',*,*,#2224,.F.);
#2249 = ORIENTED_EDGE('',*,*,#1647,.F.);
#2250 = ORIENTED_EDGE('',*,*,#2170,.T.);
#2251 = ORIENTED_EDGE('',*,*,#1171,.T.);
#2252 = ADVANCED_FACE('',(#2253,#2263,#2294,#2325,#2439,#2470,#2501,
    #2532,#2563,#2677,#2708),#1275,.T.);
#2253 = FACE_BOUND('',#2254,.T.);
#2254 = EDGE_LOOP('',(#2255,#2256,#2257,#2258,#2259,#2260,#2261,#2262));
#2255 = ORIENTED_EDGE('',*,*,#1257,.F.);
#2256 = ORIENTED_EDGE('',*,*,#1333,.F.);
#2257 = ORIENTED_EDGE('',*,*,#1387,.T.);
#2258 = ORIENTED_EDGE('',*,*,#1436,.F.);
#2259 = ORIENTED_EDGE('',*,*,#1490,.T.);
#2260 = ORIENTED_EDGE('',*,*,#1711,.F.);
#2261 = ORIENTED_EDGE('',*,*,#1765,.F.);
#2262 = ORIENTED_EDGE('',*,*,#1900,.F.);
#2263 = FACE_BOUND('',#2264,.T.);
#2264 = EDGE_LOOP('',(#2265));
#2265 = ORIENTED_EDGE('',*,*,#2266,.F.);
#2266 = EDGE_CURVE('',#2267,#2267,#2269,.T.);
#2267 = VERTEX_POINT('',#2268);
#2268 = CARTESIAN_POINT('',(-9.6,-31.5,-7.5));
#2269 = SURFACE_CURVE('',#2270,(#2275,#2282),.PCURVE_S1.);
#2270 = CIRCLE('',#2271,2.2);
#2271 = AXIS2_PLACEMENT_3D('',#2272,#2273,#2274);
#2272 = CARTESIAN_POINT('',(-11.8,-31.5,-7.5));
#2273 = DIRECTION('',(0.,0.,1.));
#2274 = DIRECTION('',(1.,0.,-0.));
#2275 = PCURVE('',#1275,#2276);
#2276 = DEFINITIONAL_REPRESENTATION('',(#2277),#2281);
#2277 = CIRCLE('',#2278,2.2);
#2278 = AXIS2_PLACEMENT_2D('',#2279,#2280);
#2279 = CARTESIAN_POINT('',(-11.79999999977,-31.5));
#2280 = DIRECTION('',(1.,0.));
#2281 = ( GEOMETRIC_REPRESENTATION_CONTEXT(2) 
PARAMETRIC_REPRESENTATION_CONTEXT() REPRESENTATION_CONTEXT('2D SPACE',''
  ) );
#2282 = PCURVE('',#2283,#2288);
#2283 = CYLINDRICAL_SURFACE('',#2284,2.2);
#2284 = AXIS2_PLACEMENT_3D('',#2285,#2286,#2287);
#2285 = CARTESIAN_POINT('',(-11.8,-31.5,-7.5));
#2286 = DIRECTION('',(0.,0.,1.));
#2287 = DIRECTION('',(1.,0.,-0.));
#2288 = DEFINITIONAL_REPRESENTATION('',(#2289),#2293);
#2289 = LINE('',#2290,#2291);
#2290 = CARTESIAN_POINT('',(0.,0.));
#2291 = VECTOR('',#2292,1.);
#2292 = DIRECTION('',(1.,0.));
#2293 = ( GEOMETRIC_REPRESENTATION_CONTEXT(2) 
PARAMETRIC_REPRESENTATION_CONTEXT() REPRESENTATION_CONTEXT('2D SPACE',''
  ) );
#2294 = FACE_BOUND('',#2295,.T.);
#2295 = EDGE_LOOP('',(#2296));
#2296 = ORIENTED_EDGE('',*,*,#2297,.F.);
#2297 = EDGE_CURVE('',#2298,#2298,#2300,.T.);
#2298 = VERTEX_POINT('',#2299);
#2299 = CARTESIAN_POINT('',(-6.85,-25.,-7.5));
#2300 = SURFACE_CURVE('',#2301,(#2306,#2313),.PCURVE_S1.);
#2301 = CIRCLE('',#2302,2.15);
#2302 = AXIS2_PLACEMENT_3D('',#2303,#2304,#2305);
#2303 = CARTESIAN_POINT('',(-9.,-25.,-7.5));
#2304 = DIRECTION('',(0.,0.,1.));
#2305 = DIRECTION('',(1.,0.,-0.));
#2306 = PCURVE('',#1275,#2307);
#2307 = DEFINITIONAL_REPRESENTATION('',(#2308),#2312);
#2308 = CIRCLE('',#2309,2.15);
#2309 = AXIS2_PLACEMENT_2D('',#2310,#2311);
#2310 = CARTESIAN_POINT('',(-8.999999999775,-25.));
#2311 = DIRECTION('',(1.,0.));
#2312 = ( GEOMETRIC_REPRESENTATION_CONTEXT(2) 
PARAMETRIC_REPRESENTATION_CONTEXT() REPRESENTATION_CONTEXT('2D SPACE',''
  ) );
#2313 = PCURVE('',#2314,#2319);
#2314 = CYLINDRICAL_SURFACE('',#2315,2.15);
#2315 = AXIS2_PLACEMENT_3D('',#2316,#2317,#2318);
#2316 = CARTESIAN_POINT('',(-9.,-25.,-8.55));
#2317 = DIRECTION('',(0.,0.,1.));
#2318 = DIRECTION('',(1.,0.,-0.));
#2319 = DEFINITIONAL_REPRESENTATION('',(#2320),#2324);
#2320 = LINE('',#2321,#2322);
#2321 = CARTESIAN_POINT('',(0.,1.05));
#2322 = VECTOR('',#2323,1.);
#2323 = DIRECTION('',(1.,0.));
#2324 = ( GEOMETRIC_REPRESENTATION_CONTEXT(2) 
PARAMETRIC_REPRESENTATION_CONTEXT() REPRESENTATION_CONTEXT('2D SPACE',''
  ) );
#2325 = FACE_BOUND('',#2326,.T.);
#2326 = EDGE_LOOP('',(#2327,#2357,#2385,#2413));
#2327 = ORIENTED_EDGE('',*,*,#2328,.T.);
#2328 = EDGE_CURVE('',#2329,#2331,#2333,.T.);
#2329 = VERTEX_POINT('',#2330);
#2330 = CARTESIAN_POINT('',(-5.,-23.4,-7.5));
#2331 = VERTEX_POINT('',#2332);
#2332 = CARTESIAN_POINT('',(-5.,-22.6,-7.5));
#2333 = SURFACE_CURVE('',#2334,(#2338,#2345),.PCURVE_S1.);
#2334 = LINE('',#2335,#2336);
#2335 = CARTESIAN_POINT('',(-5.,-23.4,-7.5));
#2336 = VECTOR('',#2337,1.);
#2337 = DIRECTION('',(-0.,1.,0.));
#2338 = PCURVE('',#1275,#2339);
#2339 = DEFINITIONAL_REPRESENTATION('',(#2340),#2344);
#2340 = LINE('',#2341,#2342);
#2341 = CARTESIAN_POINT('',(-4.999999999775,-23.4));
#2342 = VECTOR('',#2343,1.);
#2343 = DIRECTION('',(0.,1.));
#2344 = ( GEOMETRIC_REPRESENTATION_CONTEXT(2) 
PARAMETRIC_REPRESENTATION_CONTEXT() REPRESENTATION_CONTEXT('2D SPACE',''
  ) );
#2345 = PCURVE('',#2346,#2351);
#2346 = PLANE('',#2347);
#2347 = AXIS2_PLACEMENT_3D('',#2348,#2349,#2350);
#2348 = CARTESIAN_POINT('',(-5.,-23.4,-7.5));
#2349 = DIRECTION('',(1.,0.,-0.));
#2350 = DIRECTION('',(0.,0.,1.));
#2351 = DEFINITIONAL_REPRESENTATION('',(#2352),#2356);
#2352 = LINE('',#2353,#2354);
#2353 = CARTESIAN_POINT('',(0.,0.));
#2354 = VECTOR('',#2355,1.);
#2355 = DIRECTION('',(0.,-1.));
#2356 = ( GEOMETRIC_REPRESENTATION_CONTEXT(2) 
PARAMETRIC_REPRESENTATION_CONTEXT() REPRESENTATION_CONTEXT('2D SPACE',''
  ) );
#2357 = ORIENTED_EDGE('',*,*,#2358,.T.);
#2358 = EDGE_CURVE('',#2331,#2359,#2361,.T.);
#2359 = VERTEX_POINT('',#2360);
#2360 = CARTESIAN_POINT('',(5.,-22.6,-7.5));
#2361 = SURFACE_CURVE('',#2362,(#2366,#2373),.PCURVE_S1.);
#2362 = LINE('',#2363,#2364);
#2363 = CARTESIAN_POINT('',(-5.,-22.6,-7.5));
#2364 = VECTOR('',#2365,1.);
#2365 = DIRECTION('',(1.,0.,-0.));
#2366 = PCURVE('',#1275,#2367);
#2367 = DEFINITIONAL_REPRESENTATION('',(#2368),#2372);
#2368 = LINE('',#2369,#2370);
#2369 = CARTESIAN_POINT('',(-4.999999999775,-22.6));
#2370 = VECTOR('',#2371,1.);
#2371 = DIRECTION('',(1.,0.));
#2372 = ( GEOMETRIC_REPRESENTATION_CONTEXT(2) 
PARAMETRIC_REPRESENTATION_CONTEXT() REPRESENTATION_CONTEXT('2D SPACE',''
  ) );
#2373 = PCURVE('',#2374,#2379);
#2374 = PLANE('',#2375);
#2375 = AXIS2_PLACEMENT_3D('',#2376,#2377,#2378);
#2376 = CARTESIAN_POINT('',(-5.,-22.6,-7.5));
#2377 = DIRECTION('',(-0.,1.,0.));
#2378 = DIRECTION('',(0.,0.,1.));
#2379 = DEFINITIONAL_REPRESENTATION('',(#2380),#2384);
#2380 = LINE('',#2381,#2382);
#2381 = CARTESIAN_POINT('',(0.,0.));
#2382 = VECTOR('',#2383,1.);
#2383 = DIRECTION('',(0.,1.));
#2384 = ( GEOMETRIC_REPRESENTATION_CONTEXT(2) 
PARAMETRIC_REPRESENTATION_CONTEXT() REPRESENTATION_CONTEXT('2D SPACE',''
  ) );
#2385 = ORIENTED_EDGE('',*,*,#2386,.F.);
#2386 = EDGE_CURVE('',#2387,#2359,#2389,.T.);
#2387 = VERTEX_POINT('',#2388);
#2388 = CARTESIAN_POINT('',(5.,-23.4,-7.5));
#2389 = SURFACE_CURVE('',#2390,(#2394,#2401),.PCURVE_S1.);
#2390 = LINE('',#2391,#2392);
#2391 = CARTESIAN_POINT('',(5.,-23.4,-7.5));
#2392 = VECTOR('',#2393,1.);
#2393 = DIRECTION('',(-0.,1.,0.));
#2394 = PCURVE('',#1275,#2395);
#2395 = DEFINITIONAL_REPRESENTATION('',(#2396),#2400);
#2396 = LINE('',#2397,#2398);
#2397 = CARTESIAN_POINT('',(5.000000000225,-23.4));
#2398 = VECTOR('',#2399,1.);
#2399 = DIRECTION('',(0.,1.));
#2400 = ( GEOMETRIC_REPRESENTATION_CONTEXT(2) 
PARAMETRIC_REPRESENTATION_CONTEXT() REPRESENTATION_CONTEXT('2D SPACE',''
  ) );
#2401 = PCURVE('',#2402,#2407);
#2402 = PLANE('',#2403);
#2403 = AXIS2_PLACEMENT_3D('',#2404,#2405,#2406);
#2404 = CARTESIAN_POINT('',(5.,-23.4,-7.5));
#2405 = DIRECTION('',(1.,0.,-0.));
#2406 = DIRECTION('',(0.,0.,1.));
#2407 = DEFINITIONAL_REPRESENTATION('',(#2408),#2412);
#2408 = LINE('',#2409,#2410);
#2409 = CARTESIAN_POINT('',(0.,0.));
#2410 = VECTOR('',#2411,1.);
#2411 = DIRECTION('',(0.,-1.));
#2412 = ( GEOMETRIC_REPRESENTATION_CONTEXT(2) 
PARAMETRIC_REPRESENTATION_CONTEXT() REPRESENTATION_CONTEXT('2D SPACE',''
  ) );
#2413 = ORIENTED_EDGE('',*,*,#2414,.F.);
#2414 = EDGE_CURVE('',#2329,#2387,#2415,.T.);
#2415 = SURFACE_CURVE('',#2416,(#2420,#2427),.PCURVE_S1.);
#2416 = LINE('',#2417,#2418);
#2417 = CARTESIAN_POINT('',(-5.,-23.4,-7.5));
#2418 = VECTOR('',#2419,1.);
#2419 = DIRECTION('',(1.,0.,-0.));
#2420 = PCURVE('',#1275,#2421);
#2421 = DEFINITIONAL_REPRESENTATION('',(#2422),#2426);
#2422 = LINE('',#2423,#2424);
#2423 = CARTESIAN_POINT('',(-4.999999999775,-23.4));
#2424 = VECTOR('',#2425,1.);
#2425 = DIRECTION('',(1.,0.));
#2426 = ( GEOMETRIC_REPRESENTATION_CONTEXT(2) 
PARAMETRIC_REPRESENTATION_CONTEXT() REPRESENTATION_CONTEXT('2D SPACE',''
  ) );
#2427 = PCURVE('',#2428,#2433);
#2428 = PLANE('',#2429);
#2429 = AXIS2_PLACEMENT_3D('',#2430,#2431,#2432);
#2430 = CARTESIAN_POINT('',(-5.,-23.4,-7.5));
#2431 = DIRECTION('',(-0.,1.,0.));
#2432 = DIRECTION('',(0.,0.,1.));
#2433 = DEFINITIONAL_REPRESENTATION('',(#2434),#2438);
#2434 = LINE('',#2435,#2436);
#2435 = CARTESIAN_POINT('',(0.,0.));
#2436 = VECTOR('',#2437,1.);
#2437 = DIRECTION('',(0.,1.));
#2438 = ( GEOMETRIC_REPRESENTATION_CONTEXT(2) 
PARAMETRIC_REPRESENTATION_CONTEXT() REPRESENTATION_CONTEXT('2D SPACE',''
  ) );
#2439 = FACE_BOUND('',#2440,.T.);
#2440 = EDGE_LOOP('',(#2441));
#2441 = ORIENTED_EDGE('',*,*,#2442,.F.);
#2442 = EDGE_CURVE('',#2443,#2443,#2445,.T.);
#2443 = VERTEX_POINT('',#2444);
#2444 = CARTESIAN_POINT('',(14.,-31.5,-7.5));
#2445 = SURFACE_CURVE('',#2446,(#2451,#2458),.PCURVE_S1.);
#2446 = CIRCLE('',#2447,2.2);
#2447 = AXIS2_PLACEMENT_3D('',#2448,#2449,#2450);
#2448 = CARTESIAN_POINT('',(11.8,-31.5,-7.5));
#2449 = DIRECTION('',(0.,0.,1.));
#2450 = DIRECTION('',(1.,0.,-0.));
#2451 = PCURVE('',#1275,#2452);
#2452 = DEFINITIONAL_REPRESENTATION('',(#2453),#2457);
#2453 = CIRCLE('',#2454,2.2);
#2454 = AXIS2_PLACEMENT_2D('',#2455,#2456);
#2455 = CARTESIAN_POINT('',(11.800000000225,-31.5));
#2456 = DIRECTION('',(1.,0.));
#2457 = ( GEOMETRIC_REPRESENTATION_CONTEXT(2) 
PARAMETRIC_REPRESENTATION_CONTEXT() REPRESENTATION_CONTEXT('2D SPACE',''
  ) );
#2458 = PCURVE('',#2459,#2464);
#2459 = CYLINDRICAL_SURFACE('',#2460,2.2);
#2460 = AXIS2_PLACEMENT_3D('',#2461,#2462,#2463);
#2461 = CARTESIAN_POINT('',(11.8,-31.5,-7.5));
#2462 = DIRECTION('',(0.,0.,1.));
#2463 = DIRECTION('',(1.,0.,-0.));
#2464 = DEFINITIONAL_REPRESENTATION('',(#2465),#2469);
#2465 = LINE('',#2466,#2467);
#2466 = CARTESIAN_POINT('',(0.,0.));
#2467 = VECTOR('',#2468,1.);
#2468 = DIRECTION('',(1.,0.));
#2469 = ( GEOMETRIC_REPRESENTATION_CONTEXT(2) 
PARAMETRIC_REPRESENTATION_CONTEXT() REPRESENTATION_CONTEXT('2D SPACE',''
  ) );
#2470 = FACE_BOUND('',#2471,.T.);
#2471 = EDGE_LOOP('',(#2472));
#2472 = ORIENTED_EDGE('',*,*,#2473,.F.);
#2473 = EDGE_CURVE('',#2474,#2474,#2476,.T.);
#2474 = VERTEX_POINT('',#2475);
#2475 = CARTESIAN_POINT('',(11.15,-25.,-7.5));
#2476 = SURFACE_CURVE('',#2477,(#2482,#2489),.PCURVE_S1.);
#2477 = CIRCLE('',#2478,2.15);
#2478 = AXIS2_PLACEMENT_3D('',#2479,#2480,#2481);
#2479 = CARTESIAN_POINT('',(9.,-25.,-7.5));
#2480 = DIRECTION('',(0.,0.,1.));
#2481 = DIRECTION('',(1.,0.,-0.));
#2482 = PCURVE('',#1275,#2483);
#2483 = DEFINITIONAL_REPRESENTATION('',(#2484),#2488);
#2484 = CIRCLE('',#2485,2.15);
#2485 = AXIS2_PLACEMENT_2D('',#2486,#2487);
#2486 = CARTESIAN_POINT('',(9.000000000225,-25.));
#2487 = DIRECTION('',(1.,0.));
#2488 = ( GEOMETRIC_REPRESENTATION_CONTEXT(2) 
PARAMETRIC_REPRESENTATION_CONTEXT() REPRESENTATION_CONTEXT('2D SPACE',''
  ) );
#2489 = PCURVE('',#2490,#2495);
#2490 = CYLINDRICAL_SURFACE('',#2491,2.15);
#2491 = AXIS2_PLACEMENT_3D('',#2492,#2493,#2494);
#2492 = CARTESIAN_POINT('',(9.,-25.,-8.55));
#2493 = DIRECTION('',(0.,0.,1.));
#2494 = DIRECTION('',(1.,0.,-0.));
#2495 = DEFINITIONAL_REPRESENTATION('',(#2496),#2500);
#2496 = LINE('',#2497,#2498);
#2497 = CARTESIAN_POINT('',(0.,1.05));
#2498 = VECTOR('',#2499,1.);
#2499 = DIRECTION('',(1.,0.));
#2500 = ( GEOMETRIC_REPRESENTATION_CONTEXT(2) 
PARAMETRIC_REPRESENTATION_CONTEXT() REPRESENTATION_CONTEXT('2D SPACE',''
  ) );
#2501 = FACE_BOUND('',#2502,.T.);
#2502 = EDGE_LOOP('',(#2503));
#2503 = ORIENTED_EDGE('',*,*,#2504,.F.);
#2504 = EDGE_CURVE('',#2505,#2505,#2507,.T.);
#2505 = VERTEX_POINT('',#2506);
#2506 = CARTESIAN_POINT('',(-6.85,25.,-7.5));
#2507 = SURFACE_CURVE('',#2508,(#2513,#2520),.PCURVE_S1.);
#2508 = CIRCLE('',#2509,2.15);
#2509 = AXIS2_PLACEMENT_3D('',#2510,#2511,#2512);
#2510 = CARTESIAN_POINT('',(-9.,25.,-7.5));
#2511 = DIRECTION('',(0.,0.,1.));
#2512 = DIRECTION('',(1.,0.,-0.));
#2513 = PCURVE('',#1275,#2514);
#2514 = DEFINITIONAL_REPRESENTATION('',(#2515),#2519);
#2515 = CIRCLE('',#2516,2.15);
#2516 = AXIS2_PLACEMENT_2D('',#2517,#2518);
#2517 = CARTESIAN_POINT('',(-8.999999999775,25.));
#2518 = DIRECTION('',(1.,0.));
#2519 = ( GEOMETRIC_REPRESENTATION_CONTEXT(2) 
PARAMETRIC_REPRESENTATION_CONTEXT() REPRESENTATION_CONTEXT('2D SPACE',''
  ) );
#2520 = PCURVE('',#2521,#2526);
#2521 = CYLINDRICAL_SURFACE('',#2522,2.15);
#2522 = AXIS2_PLACEMENT_3D('',#2523,#2524,#2525);
#2523 = CARTESIAN_POINT('',(-9.,25.,-8.55));
#2524 = DIRECTION('',(0.,0.,1.));
#2525 = DIRECTION('',(1.,0.,-0.));
#2526 = DEFINITIONAL_REPRESENTATION('',(#2527),#2531);
#2527 = LINE('',#2528,#2529);
#2528 = CARTESIAN_POINT('',(0.,1.05));
#2529 = VECTOR('',#2530,1.);
#2530 = DIRECTION('',(1.,0.));
#2531 = ( GEOMETRIC_REPRESENTATION_CONTEXT(2) 
PARAMETRIC_REPRESENTATION_CONTEXT() REPRESENTATION_CONTEXT('2D SPACE',''
  ) );
#2532 = FACE_BOUND('',#2533,.T.);
#2533 = EDGE_LOOP('',(#2534));
#2534 = ORIENTED_EDGE('',*,*,#2535,.F.);
#2535 = EDGE_CURVE('',#2536,#2536,#2538,.T.);
#2536 = VERTEX_POINT('',#2537);
#2537 = CARTESIAN_POINT('',(-9.6,31.5,-7.5));
#2538 = SURFACE_CURVE('',#2539,(#2544,#2551),.PCURVE_S1.);
#2539 = CIRCLE('',#2540,2.2);
#2540 = AXIS2_PLACEMENT_3D('',#2541,#2542,#2543);
#2541 = CARTESIAN_POINT('',(-11.8,31.5,-7.5));
#2542 = DIRECTION('',(0.,0.,1.));
#2543 = DIRECTION('',(1.,0.,-0.));
#2544 = PCURVE('',#1275,#2545);
#2545 = DEFINITIONAL_REPRESENTATION('',(#2546),#2550);
#2546 = CIRCLE('',#2547,2.2);
#2547 = AXIS2_PLACEMENT_2D('',#2548,#2549);
#2548 = CARTESIAN_POINT('',(-11.79999999977,31.5));
#2549 = DIRECTION('',(1.,0.));
#2550 = ( GEOMETRIC_REPRESENTATION_CONTEXT(2) 
PARAMETRIC_REPRESENTATION_CONTEXT() REPRESENTATION_CONTEXT('2D SPACE',''
  ) );
#2551 = PCURVE('',#2552,#2557);
#2552 = CYLINDRICAL_SURFACE('',#2553,2.2);
#2553 = AXIS2_PLACEMENT_3D('',#2554,#2555,#2556);
#2554 = CARTESIAN_POINT('',(-11.8,31.5,-7.5));
#2555 = DIRECTION('',(0.,0.,1.));
#2556 = DIRECTION('',(1.,0.,-0.));
#2557 = DEFINITIONAL_REPRESENTATION('',(#2558),#2562);
#2558 = LINE('',#2559,#2560);
#2559 = CARTESIAN_POINT('',(0.,0.));
#2560 = VECTOR('',#2561,1.);
#2561 = DIRECTION('',(1.,0.));
#2562 = ( GEOMETRIC_REPRESENTATION_CONTEXT(2) 
PARAMETRIC_REPRESENTATION_CONTEXT() REPRESENTATION_CONTEXT('2D SPACE',''
  ) );
#2563 = FACE_BOUND('',#2564,.T.);
#2564 = EDGE_LOOP('',(#2565,#2595,#2623,#2651));
#2565 = ORIENTED_EDGE('',*,*,#2566,.T.);
#2566 = EDGE_CURVE('',#2567,#2569,#2571,.T.);
#2567 = VERTEX_POINT('',#2568);
#2568 = CARTESIAN_POINT('',(-5.,22.6,-7.5));
#2569 = VERTEX_POINT('',#2570);
#2570 = CARTESIAN_POINT('',(-5.,23.4,-7.5));
#2571 = SURFACE_CURVE('',#2572,(#2576,#2583),.PCURVE_S1.);
#2572 = LINE('',#2573,#2574);
#2573 = CARTESIAN_POINT('',(-5.,22.6,-7.5));
#2574 = VECTOR('',#2575,1.);
#2575 = DIRECTION('',(-0.,1.,0.));
#2576 = PCURVE('',#1275,#2577);
#2577 = DEFINITIONAL_REPRESENTATION('',(#2578),#2582);
#2578 = LINE('',#2579,#2580);
#2579 = CARTESIAN_POINT('',(-4.999999999775,22.6));
#2580 = VECTOR('',#2581,1.);
#2581 = DIRECTION('',(0.,1.));
#2582 = ( GEOMETRIC_REPRESENTATION_CONTEXT(2) 
PARAMETRIC_REPRESENTATION_CONTEXT() REPRESENTATION_CONTEXT('2D SPACE',''
  ) );
#2583 = PCURVE('',#2584,#2589);
#2584 = PLANE('',#2585);
#2585 = AXIS2_PLACEMENT_3D('',#2586,#2587,#2588);
#2586 = CARTESIAN_POINT('',(-5.,22.6,-7.5));
#2587 = DIRECTION('',(1.,0.,-0.));
#2588 = DIRECTION('',(0.,0.,1.));
#2589 = DEFINITIONAL_REPRESENTATION('',(#2590),#2594);
#2590 = LINE('',#2591,#2592);
#2591 = CARTESIAN_POINT('',(0.,0.));
#2592 = VECTOR('',#2593,1.);
#2593 = DIRECTION('',(0.,-1.));
#2594 = ( GEOMETRIC_REPRESENTATION_CONTEXT(2) 
PARAMETRIC_REPRESENTATION_CONTEXT() REPRESENTATION_CONTEXT('2D SPACE',''
  ) );
#2595 = ORIENTED_EDGE('',*,*,#2596,.T.);
#2596 = EDGE_CURVE('',#2569,#2597,#2599,.T.);
#2597 = VERTEX_POINT('',#2598);
#2598 = CARTESIAN_POINT('',(5.,23.4,-7.5));
#2599 = SURFACE_CURVE('',#2600,(#2604,#2611),.PCURVE_S1.);
#2600 = LINE('',#2601,#2602);
#2601 = CARTESIAN_POINT('',(-5.,23.4,-7.5));
#2602 = VECTOR('',#2603,1.);
#2603 = DIRECTION('',(1.,0.,-0.));
#2604 = PCURVE('',#1275,#2605);
#2605 = DEFINITIONAL_REPRESENTATION('',(#2606),#2610);
#2606 = LINE('',#2607,#2608);
#2607 = CARTESIAN_POINT('',(-4.999999999775,23.4));
#2608 = VECTOR('',#2609,1.);
#2609 = DIRECTION('',(1.,0.));
#2610 = ( GEOMETRIC_REPRESENTATION_CONTEXT(2) 
PARAMETRIC_REPRESENTATION_CONTEXT() REPRESENTATION_CONTEXT('2D SPACE',''
  ) );
#2611 = PCURVE('',#2612,#2617);
#2612 = PLANE('',#2613);
#2613 = AXIS2_PLACEMENT_3D('',#2614,#2615,#2616);
#2614 = CARTESIAN_POINT('',(-5.,23.4,-7.5));
#2615 = DIRECTION('',(-0.,1.,0.));
#2616 = DIRECTION('',(0.,0.,1.));
#2617 = DEFINITIONAL_REPRESENTATION('',(#2618),#2622);
#2618 = LINE('',#2619,#2620);
#2619 = CARTESIAN_POINT('',(0.,0.));
#2620 = VECTOR('',#2621,1.);
#2621 = DIRECTION('',(0.,1.));
#2622 = ( GEOMETRIC_REPRESENTATION_CONTEXT(2) 
PARAMETRIC_REPRESENTATION_CONTEXT() REPRESENTATION_CONTEXT('2D SPACE',''
  ) );
#2623 = ORIENTED_EDGE('',*,*,#2624,.F.);
#2624 = EDGE_CURVE('',#2625,#2597,#2627,.T.);
#2625 = VERTEX_POINT('',#2626);
#2626 = CARTESIAN_POINT('',(5.,22.6,-7.5));
#2627 = SURFACE_CURVE('',#2628,(#2632,#2639),.PCURVE_S1.);
#2628 = LINE('',#2629,#2630);
#2629 = CARTESIAN_POINT('',(5.,22.6,-7.5));
#2630 = VECTOR('',#2631,1.);
#2631 = DIRECTION('',(-0.,1.,0.));
#2632 = PCURVE('',#1275,#2633);
#2633 = DEFINITIONAL_REPRESENTATION('',(#2634),#2638);
#2634 = LINE('',#2635,#2636);
#2635 = CARTESIAN_POINT('',(5.000000000225,22.6));
#2636 = VECTOR('',#2637,1.);
#2637 = DIRECTION('',(0.,1.));
#2638 = ( GEOMETRIC_REPRESENTATION_CONTEXT(2) 
PARAMETRIC_REPRESENTATION_CONTEXT() REPRESENTATION_CONTEXT('2D SPACE',''
  ) );
#2639 = PCURVE('',#2640,#2645);
#2640 = PLANE('',#2641);
#2641 = AXIS2_PLACEMENT_3D('',#2642,#2643,#2644);
#2642 = CARTESIAN_POINT('',(5.,22.6,-7.5));
#2643 = DIRECTION('',(1.,0.,-0.));
#2644 = DIRECTION('',(0.,0.,1.));
#2645 = DEFINITIONAL_REPRESENTATION('',(#2646),#2650);
#2646 = LINE('',#2647,#2648);
#2647 = CARTESIAN_POINT('',(0.,0.));
#2648 = VECTOR('',#2649,1.);
#2649 = DIRECTION('',(0.,-1.));
#2650 = ( GEOMETRIC_REPRESENTATION_CONTEXT(2) 
PARAMETRIC_REPRESENTATION_CONTEXT() REPRESENTATION_CONTEXT('2D SPACE',''
  ) );
#2651 = ORIENTED_EDGE('',*,*,#2652,.F.);
#2652 = EDGE_CURVE('',#2567,#2625,#2653,.T.);
#2653 = SURFACE_CURVE('',#2654,(#2658,#2665),.PCURVE_S1.);
#2654 = LINE('',#2655,#2656);
#2655 = CARTESIAN_POINT('',(-5.,22.6,-7.5));
#2656 = VECTOR('',#2657,1.);
#2657 = DIRECTION('',(1.,0.,-0.));
#2658 = PCURVE('',#1275,#2659);
#2659 = DEFINITIONAL_REPRESENTATION('',(#2660),#2664);
#2660 = LINE('',#2661,#2662);
#2661 = CARTESIAN_POINT('',(-4.999999999775,22.6));
#2662 = VECTOR('',#2663,1.);
#2663 = DIRECTION('',(1.,0.));
#2664 = ( GEOMETRIC_REPRESENTATION_CONTEXT(2) 
PARAMETRIC_REPRESENTATION_CONTEXT() REPRESENTATION_CONTEXT('2D SPACE',''
  ) );
#2665 = PCURVE('',#2666,#2671);
#2666 = PLANE('',#2667);
#2667 = AXIS2_PLACEMENT_3D('',#2668,#2669,#2670);
#2668 = CARTESIAN_POINT('',(-5.,22.6,-7.5));
#2669 = DIRECTION('',(-0.,1.,0.));
#2670 = DIRECTION('',(0.,0.,1.));
#2671 = DEFINITIONAL_REPRESENTATION('',(#2672),#2676);
#2672 = LINE('',#2673,#2674);
#2673 = CARTESIAN_POINT('',(0.,0.));
#2674 = VECTOR('',#2675,1.);
#2675 = DIRECTION('',(0.,1.));
#2676 = ( GEOMETRIC_REPRESENTATION_CONTEXT(2) 
PARAMETRIC_REPRESENTATION_CONTEXT() REPRESENTATION_CONTEXT('2D SPACE',''
  ) );
#2677 = FACE_BOUND('',#2678,.T.);
#2678 = EDGE_LOOP('',(#2679));
#2679 = ORIENTED_EDGE('',*,*,#2680,.F.);
#2680 = EDGE_CURVE('',#2681,#2681,#2683,.T.);
#2681 = VERTEX_POINT('',#2682);
#2682 = CARTESIAN_POINT('',(11.15,25.,-7.5));
#2683 = SURFACE_CURVE('',#2684,(#2689,#2696),.PCURVE_S1.);
#2684 = CIRCLE('',#2685,2.15);
#2685 = AXIS2_PLACEMENT_3D('',#2686,#2687,#2688);
#2686 = CARTESIAN_POINT('',(9.,25.,-7.5));
#2687 = DIRECTION('',(0.,0.,1.));
#2688 = DIRECTION('',(1.,0.,-0.));
#2689 = PCURVE('',#1275,#2690);
#2690 = DEFINITIONAL_REPRESENTATION('',(#2691),#2695);
#2691 = CIRCLE('',#2692,2.15);
#2692 = AXIS2_PLACEMENT_2D('',#2693,#2694);
#2693 = CARTESIAN_POINT('',(9.000000000225,25.));
#2694 = DIRECTION('',(1.,0.));
#2695 = ( GEOMETRIC_REPRESENTATION_CONTEXT(2) 
PARAMETRIC_REPRESENTATION_CONTEXT() REPRESENTATION_CONTEXT('2D SPACE',''
  ) );
#2696 = PCURVE('',#2697,#2702);
#2697 = CYLINDRICAL_SURFACE('',#2698,2.15);
#2698 = AXIS2_PLACEMENT_3D('',#2699,#2700,#2701);
#2699 = CARTESIAN_POINT('',(9.,25.,-8.55));
#2700 = DIRECTION('',(0.,0.,1.));
#2701 = DIRECTION('',(1.,0.,-0.));
#2702 = DEFINITIONAL_REPRESENTATION('',(#2703),#2707);
#2703 = LINE('',#2704,#2705);
#2704 = CARTESIAN_POINT('',(0.,1.05));
#2705 = VECTOR('',#2706,1.);
#2706 = DIRECTION('',(1.,0.));
#2707 = ( GEOMETRIC_REPRESENTATION_CONTEXT(2) 
PARAMETRIC_REPRESENTATION_CONTEXT() REPRESENTATION_CONTEXT('2D SPACE',''
  ) );
#2708 = FACE_BOUND('',#2709,.T.);
#2709 = EDGE_LOOP('',(#2710));
#2710 = ORIENTED_EDGE('',*,*,#2711,.F.);
#2711 = EDGE_CURVE('',#2712,#2712,#2714,.T.);
#2712 = VERTEX_POINT('',#2713);
#2713 = CARTESIAN_POINT('',(14.,31.5,-7.5));
#2714 = SURFACE_CURVE('',#2715,(#2720,#2727),.PCURVE_S1.);
#2715 = CIRCLE('',#2716,2.2);
#2716 = AXIS2_PLACEMENT_3D('',#2717,#2718,#2719);
#2717 = CARTESIAN_POINT('',(11.8,31.5,-7.5));
#2718 = DIRECTION('',(0.,0.,1.));
#2719 = DIRECTION('',(1.,0.,-0.));
#2720 = PCURVE('',#1275,#2721);
#2721 = DEFINITIONAL_REPRESENTATION('',(#2722),#2726);
#2722 = CIRCLE('',#2723,2.2);
#2723 = AXIS2_PLACEMENT_2D('',#2724,#2725);
#2724 = CARTESIAN_POINT('',(11.800000000225,31.5));
#2725 = DIRECTION('',(1.,0.));
#2726 = ( GEOMETRIC_REPRESENTATION_CONTEXT(2) 
PARAMETRIC_REPRESENTATION_CONTEXT() REPRESENTATION_CONTEXT('2D SPACE',''
  ) );
#2727 = PCURVE('',#2728,#2733);
#2728 = CYLINDRICAL_SURFACE('',#2729,2.2);
#2729 = AXIS2_PLACEMENT_3D('',#2730,#2731,#2732);
#2730 = CARTESIAN_POINT('',(11.8,31.5,-7.5));
#2731 = DIRECTION('',(0.,0.,1.));
#2732 = DIRECTION('',(1.,0.,-0.));
#2733 = DEFINITIONAL_REPRESENTATION('',(#2734),#2738);
#2734 = LINE('',#2735,#2736);
#2735 = CARTESIAN_POINT('',(0.,0.));
#2736 = VECTOR('',#2737,1.);
#2737 = DIRECTION('',(1.,0.));
#2738 = ( GEOMETRIC_REPRESENTATION_CONTEXT(2) 
PARAMETRIC_REPRESENTATION_CONTEXT() REPRESENTATION_CONTEXT('2D SPACE',''
  ) );
#2739 = ADVANCED_FACE('',(#2740),#2283,.T.);
#2740 = FACE_BOUND('',#2741,.T.);
#2741 = EDGE_LOOP('',(#2742,#2771,#2792,#2793));
#2742 = ORIENTED_EDGE('',*,*,#2743,.F.);
#2743 = EDGE_CURVE('',#2744,#2744,#2746,.T.);
#2744 = VERTEX_POINT('',#2745);
#2745 = CARTESIAN_POINT('',(-9.6,-31.5,0.));
#2746 = SURFACE_CURVE('',#2747,(#2752,#2759),.PCURVE_S1.);
#2747 = CIRCLE('',#2748,2.2);
#2748 = AXIS2_PLACEMENT_3D('',#2749,#2750,#2751);
#2749 = CARTESIAN_POINT('',(-11.8,-31.5,0.));
#2750 = DIRECTION('',(0.,0.,1.));
#2751 = DIRECTION('',(1.,0.,-0.));
#2752 = PCURVE('',#2283,#2753);
#2753 = DEFINITIONAL_REPRESENTATION('',(#2754),#2758);
#2754 = LINE('',#2755,#2756);
#2755 = CARTESIAN_POINT('',(0.,7.5));
#2756 = VECTOR('',#2757,1.);
#2757 = DIRECTION('',(1.,0.));
#2758 = ( GEOMETRIC_REPRESENTATION_CONTEXT(2) 
PARAMETRIC_REPRESENTATION_CONTEXT() REPRESENTATION_CONTEXT('2D SPACE',''
  ) );
#2759 = PCURVE('',#2760,#2765);
#2760 = PLANE('',#2761);
#2761 = AXIS2_PLACEMENT_3D('',#2762,#2763,#2764);
#2762 = CARTESIAN_POINT('',(-11.8,-31.5,0.));
#2763 = DIRECTION('',(0.,0.,1.));
#2764 = DIRECTION('',(1.,0.,-0.));
#2765 = DEFINITIONAL_REPRESENTATION('',(#2766),#2770);
#2766 = CIRCLE('',#2767,2.2);
#2767 = AXIS2_PLACEMENT_2D('',#2768,#2769);
#2768 = CARTESIAN_POINT('',(0.,0.));
#2769 = DIRECTION('',(1.,0.));
#2770 = ( GEOMETRIC_REPRESENTATION_CONTEXT(2) 
PARAMETRIC_REPRESENTATION_CONTEXT() REPRESENTATION_CONTEXT('2D SPACE',''
  ) );
#2771 = ORIENTED_EDGE('',*,*,#2772,.F.);
#2772 = EDGE_CURVE('',#2267,#2744,#2773,.T.);
#2773 = SEAM_CURVE('',#2774,(#2778,#2785),.PCURVE_S1.);
#2774 = LINE('',#2775,#2776);
#2775 = CARTESIAN_POINT('',(-9.6,-31.5,-7.5));
#2776 = VECTOR('',#2777,1.);
#2777 = DIRECTION('',(0.,0.,1.));
#2778 = PCURVE('',#2283,#2779);
#2779 = DEFINITIONAL_REPRESENTATION('',(#2780),#2784);
#2780 = LINE('',#2781,#2782);
#2781 = CARTESIAN_POINT('',(6.28318530718,-0.));
#2782 = VECTOR('',#2783,1.);
#2783 = DIRECTION('',(0.,1.));
#2784 = ( GEOMETRIC_REPRESENTATION_CONTEXT(2) 
PARAMETRIC_REPRESENTATION_CONTEXT() REPRESENTATION_CONTEXT('2D SPACE',''
  ) );
#2785 = PCURVE('',#2283,#2786);
#2786 = DEFINITIONAL_REPRESENTATION('',(#2787),#2791);
#2787 = LINE('',#2788,#2789);
#2788 = CARTESIAN_POINT('',(0.,-0.));
#2789 = VECTOR('',#2790,1.);
#2790 = DIRECTION('',(0.,1.));
#2791 = ( GEOMETRIC_REPRESENTATION_CONTEXT(2) 
PARAMETRIC_REPRESENTATION_CONTEXT() REPRESENTATION_CONTEXT('2D SPACE',''
  ) );
#2792 = ORIENTED_EDGE('',*,*,#2266,.T.);
#2793 = ORIENTED_EDGE('',*,*,#2772,.T.);
#2794 = ADVANCED_FACE('',(#2795),#2314,.F.);
#2795 = FACE_BOUND('',#2796,.F.);
#2796 = EDGE_LOOP('',(#2797,#2798,#2821,#2848));
#2797 = ORIENTED_EDGE('',*,*,#2297,.F.);
#2798 = ORIENTED_EDGE('',*,*,#2799,.F.);
#2799 = EDGE_CURVE('',#2800,#2298,#2802,.T.);
#2800 = VERTEX_POINT('',#2801);
#2801 = CARTESIAN_POINT('',(-6.85,-25.,-8.55));
#2802 = SEAM_CURVE('',#2803,(#2807,#2814),.PCURVE_S1.);
#2803 = LINE('',#2804,#2805);
#2804 = CARTESIAN_POINT('',(-6.85,-25.,-8.55));
#2805 = VECTOR('',#2806,1.);
#2806 = DIRECTION('',(0.,0.,1.));
#2807 = PCURVE('',#2314,#2808);
#2808 = DEFINITIONAL_REPRESENTATION('',(#2809),#2813);
#2809 = LINE('',#2810,#2811);
#2810 = CARTESIAN_POINT('',(6.28318530718,-0.));
#2811 = VECTOR('',#2812,1.);
#2812 = DIRECTION('',(0.,1.));
#2813 = ( GEOMETRIC_REPRESENTATION_CONTEXT(2) 
PARAMETRIC_REPRESENTATION_CONTEXT() REPRESENTATION_CONTEXT('2D SPACE',''
  ) );
#2814 = PCURVE('',#2314,#2815);
#2815 = DEFINITIONAL_REPRESENTATION('',(#2816),#2820);
#2816 = LINE('',#2817,#2818);
#2817 = CARTESIAN_POINT('',(0.,-0.));
#2818 = VECTOR('',#2819,1.);
#2819 = DIRECTION('',(0.,1.));
#2820 = ( GEOMETRIC_REPRESENTATION_CONTEXT(2) 
PARAMETRIC_REPRESENTATION_CONTEXT() REPRESENTATION_CONTEXT('2D SPACE',''
  ) );
#2821 = ORIENTED_EDGE('',*,*,#2822,.T.);
#2822 = EDGE_CURVE('',#2800,#2800,#2823,.T.);
#2823 = SURFACE_CURVE('',#2824,(#2829,#2836),.PCURVE_S1.);
#2824 = CIRCLE('',#2825,2.15);
#2825 = AXIS2_PLACEMENT_3D('',#2826,#2827,#2828);
#2826 = CARTESIAN_POINT('',(-9.,-25.,-8.55));
#2827 = DIRECTION('',(0.,0.,1.));
#2828 = DIRECTION('',(1.,0.,-0.));
#2829 = PCURVE('',#2314,#2830);
#2830 = DEFINITIONAL_REPRESENTATION('',(#2831),#2835);
#2831 = LINE('',#2832,#2833);
#2832 = CARTESIAN_POINT('',(0.,0.));
#2833 = VECTOR('',#2834,1.);
#2834 = DIRECTION('',(1.,0.));
#2835 = ( GEOMETRIC_REPRESENTATION_CONTEXT(2) 
PARAMETRIC_REPRESENTATION_CONTEXT() REPRESENTATION_CONTEXT('2D SPACE',''
  ) );
#2836 = PCURVE('',#2837,#2842);
#2837 = PLANE('',#2838);
#2838 = AXIS2_PLACEMENT_3D('',#2839,#2840,#2841);
#2839 = CARTESIAN_POINT('',(-9.,-25.,-8.55));
#2840 = DIRECTION('',(0.,0.,1.));
#2841 = DIRECTION('',(1.,0.,-0.));
#2842 = DEFINITIONAL_REPRESENTATION('',(#2843),#2847);
#2843 = CIRCLE('',#2844,2.15);
#2844 = AXIS2_PLACEMENT_2D('',#2845,#2846);
#2845 = CARTESIAN_POINT('',(0.,0.));
#2846 = DIRECTION('',(1.,0.));
#2847 = ( GEOMETRIC_REPRESENTATION_CONTEXT(2) 
PARAMETRIC_REPRESENTATION_CONTEXT() REPRESENTATION_CONTEXT('2D SPACE',''
  ) );
#2848 = ORIENTED_EDGE('',*,*,#2799,.T.);
#2849 = ADVANCED_FACE('',(#2850),#2346,.F.);
#2850 = FACE_BOUND('',#2851,.F.);
#2851 = EDGE_LOOP('',(#2852,#2875,#2876,#2899));
#2852 = ORIENTED_EDGE('',*,*,#2853,.F.);
#2853 = EDGE_CURVE('',#2329,#2854,#2856,.T.);
#2854 = VERTEX_POINT('',#2855);
#2855 = CARTESIAN_POINT('',(-5.,-23.4,-6.2));
#2856 = SURFACE_CURVE('',#2857,(#2861,#2868),.PCURVE_S1.);
#2857 = LINE('',#2858,#2859);
#2858 = CARTESIAN_POINT('',(-5.,-23.4,-7.5));
#2859 = VECTOR('',#2860,1.);
#2860 = DIRECTION('',(0.,0.,1.));
#2861 = PCURVE('',#2346,#2862);
#2862 = DEFINITIONAL_REPRESENTATION('',(#2863),#2867);
#2863 = LINE('',#2864,#2865);
#2864 = CARTESIAN_POINT('',(0.,0.));
#2865 = VECTOR('',#2866,1.);
#2866 = DIRECTION('',(1.,0.));
#2867 = ( GEOMETRIC_REPRESENTATION_CONTEXT(2) 
PARAMETRIC_REPRESENTATION_CONTEXT() REPRESENTATION_CONTEXT('2D SPACE',''
  ) );
#2868 = PCURVE('',#2428,#2869);
#2869 = DEFINITIONAL_REPRESENTATION('',(#2870),#2874);
#2870 = LINE('',#2871,#2872);
#2871 = CARTESIAN_POINT('',(0.,0.));
#2872 = VECTOR('',#2873,1.);
#2873 = DIRECTION('',(1.,0.));
#2874 = ( GEOMETRIC_REPRESENTATION_CONTEXT(2) 
PARAMETRIC_REPRESENTATION_CONTEXT() REPRESENTATION_CONTEXT('2D SPACE',''
  ) );
#2875 = ORIENTED_EDGE('',*,*,#2328,.T.);
#2876 = ORIENTED_EDGE('',*,*,#2877,.T.);
#2877 = EDGE_CURVE('',#2331,#2878,#2880,.T.);
#2878 = VERTEX_POINT('',#2879);
#2879 = CARTESIAN_POINT('',(-5.,-22.6,-6.2));
#2880 = SURFACE_CURVE('',#2881,(#2885,#2892),.PCURVE_S1.);
#2881 = LINE('',#2882,#2883);
#2882 = CARTESIAN_POINT('',(-5.,-22.6,-7.5));
#2883 = VECTOR('',#2884,1.);
#2884 = DIRECTION('',(0.,0.,1.));
#2885 = PCURVE('',#2346,#2886);
#2886 = DEFINITIONAL_REPRESENTATION('',(#2887),#2891);
#2887 = LINE('',#2888,#2889);
#2888 = CARTESIAN_POINT('',(0.,-0.8));
#2889 = VECTOR('',#2890,1.);
#2890 = DIRECTION('',(1.,0.));
#2891 = ( GEOMETRIC_REPRESENTATION_CONTEXT(2) 
PARAMETRIC_REPRESENTATION_CONTEXT() REPRESENTATION_CONTEXT('2D SPACE',''
  ) );
#2892 = PCURVE('',#2374,#2893);
#2893 = DEFINITIONAL_REPRESENTATION('',(#2894),#2898);
#2894 = LINE('',#2895,#2896);
#2895 = CARTESIAN_POINT('',(0.,0.));
#2896 = VECTOR('',#2897,1.);
#2897 = DIRECTION('',(1.,0.));
#2898 = ( GEOMETRIC_REPRESENTATION_CONTEXT(2) 
PARAMETRIC_REPRESENTATION_CONTEXT() REPRESENTATION_CONTEXT('2D SPACE',''
  ) );
#2899 = ORIENTED_EDGE('',*,*,#2900,.F.);
#2900 = EDGE_CURVE('',#2854,#2878,#2901,.T.);
#2901 = SURFACE_CURVE('',#2902,(#2906,#2913),.PCURVE_S1.);
#2902 = LINE('',#2903,#2904);
#2903 = CARTESIAN_POINT('',(-5.,-23.4,-6.2));
#2904 = VECTOR('',#2905,1.);
#2905 = DIRECTION('',(-0.,1.,0.));
#2906 = PCURVE('',#2346,#2907);
#2907 = DEFINITIONAL_REPRESENTATION('',(#2908),#2912);
#2908 = LINE('',#2909,#2910);
#2909 = CARTESIAN_POINT('',(1.3,0.));
#2910 = VECTOR('',#2911,1.);
#2911 = DIRECTION('',(0.,-1.));
#2912 = ( GEOMETRIC_REPRESENTATION_CONTEXT(2) 
PARAMETRIC_REPRESENTATION_CONTEXT() REPRESENTATION_CONTEXT('2D SPACE',''
  ) );
#2913 = PCURVE('',#2914,#2919);
#2914 = PLANE('',#2915);
#2915 = AXIS2_PLACEMENT_3D('',#2916,#2917,#2918);
#2916 = CARTESIAN_POINT('',(-5.,-23.4,-6.2));
#2917 = DIRECTION('',(0.,0.,1.));
#2918 = DIRECTION('',(1.,0.,-0.));
#2919 = DEFINITIONAL_REPRESENTATION('',(#2920),#2924);
#2920 = LINE('',#2921,#2922);
#2921 = CARTESIAN_POINT('',(0.,0.));
#2922 = VECTOR('',#2923,1.);
#2923 = DIRECTION('',(0.,1.));
#2924 = ( GEOMETRIC_REPRESENTATION_CONTEXT(2) 
PARAMETRIC_REPRESENTATION_CONTEXT() REPRESENTATION_CONTEXT('2D SPACE',''
  ) );
#2925 = ADVANCED_FACE('',(#2926),#2374,.T.);
#2926 = FACE_BOUND('',#2927,.T.);
#2927 = EDGE_LOOP('',(#2928,#2929,#2930,#2953));
#2928 = ORIENTED_EDGE('',*,*,#2358,.F.);
#2929 = ORIENTED_EDGE('',*,*,#2877,.T.);
#2930 = ORIENTED_EDGE('',*,*,#2931,.T.);
#2931 = EDGE_CURVE('',#2878,#2932,#2934,.T.);
#2932 = VERTEX_POINT('',#2933);
#2933 = CARTESIAN_POINT('',(5.,-22.6,-6.2));
#2934 = SURFACE_CURVE('',#2935,(#2939,#2946),.PCURVE_S1.);
#2935 = LINE('',#2936,#2937);
#2936 = CARTESIAN_POINT('',(-5.,-22.6,-6.2));
#2937 = VECTOR('',#2938,1.);
#2938 = DIRECTION('',(1.,0.,-0.));
#2939 = PCURVE('',#2374,#2940);
#2940 = DEFINITIONAL_REPRESENTATION('',(#2941),#2945);
#2941 = LINE('',#2942,#2943);
#2942 = CARTESIAN_POINT('',(1.3,0.));
#2943 = VECTOR('',#2944,1.);
#2944 = DIRECTION('',(0.,1.));
#2945 = ( GEOMETRIC_REPRESENTATION_CONTEXT(2) 
PARAMETRIC_REPRESENTATION_CONTEXT() REPRESENTATION_CONTEXT('2D SPACE',''
  ) );
#2946 = PCURVE('',#2914,#2947);
#2947 = DEFINITIONAL_REPRESENTATION('',(#2948),#2952);
#2948 = LINE('',#2949,#2950);
#2949 = CARTESIAN_POINT('',(0.,0.8));
#2950 = VECTOR('',#2951,1.);
#2951 = DIRECTION('',(1.,0.));
#2952 = ( GEOMETRIC_REPRESENTATION_CONTEXT(2) 
PARAMETRIC_REPRESENTATION_CONTEXT() REPRESENTATION_CONTEXT('2D SPACE',''
  ) );
#2953 = ORIENTED_EDGE('',*,*,#2954,.F.);
#2954 = EDGE_CURVE('',#2359,#2932,#2955,.T.);
#2955 = SURFACE_CURVE('',#2956,(#2960,#2967),.PCURVE_S1.);
#2956 = LINE('',#2957,#2958);
#2957 = CARTESIAN_POINT('',(5.,-22.6,-7.5));
#2958 = VECTOR('',#2959,1.);
#2959 = DIRECTION('',(0.,0.,1.));
#2960 = PCURVE('',#2374,#2961);
#2961 = DEFINITIONAL_REPRESENTATION('',(#2962),#2966);
#2962 = LINE('',#2963,#2964);
#2963 = CARTESIAN_POINT('',(0.,10.));
#2964 = VECTOR('',#2965,1.);
#2965 = DIRECTION('',(1.,0.));
#2966 = ( GEOMETRIC_REPRESENTATION_CONTEXT(2) 
PARAMETRIC_REPRESENTATION_CONTEXT() REPRESENTATION_CONTEXT('2D SPACE',''
  ) );
#2967 = PCURVE('',#2402,#2968);
#2968 = DEFINITIONAL_REPRESENTATION('',(#2969),#2973);
#2969 = LINE('',#2970,#2971);
#2970 = CARTESIAN_POINT('',(0.,-0.8));
#2971 = VECTOR('',#2972,1.);
#2972 = DIRECTION('',(1.,0.));
#2973 = ( GEOMETRIC_REPRESENTATION_CONTEXT(2) 
PARAMETRIC_REPRESENTATION_CONTEXT() REPRESENTATION_CONTEXT('2D SPACE',''
  ) );
#2974 = ADVANCED_FACE('',(#2975),#2428,.F.);
#2975 = FACE_BOUND('',#2976,.F.);
#2976 = EDGE_LOOP('',(#2977,#2978,#2979,#3002));
#2977 = ORIENTED_EDGE('',*,*,#2414,.F.);
#2978 = ORIENTED_EDGE('',*,*,#2853,.T.);
#2979 = ORIENTED_EDGE('',*,*,#2980,.T.);
#2980 = EDGE_CURVE('',#2854,#2981,#2983,.T.);
#2981 = VERTEX_POINT('',#2982);
#2982 = CARTESIAN_POINT('',(5.,-23.4,-6.2));
#2983 = SURFACE_CURVE('',#2984,(#2988,#2995),.PCURVE_S1.);
#2984 = LINE('',#2985,#2986);
#2985 = CARTESIAN_POINT('',(-5.,-23.4,-6.2));
#2986 = VECTOR('',#2987,1.);
#2987 = DIRECTION('',(1.,0.,-0.));
#2988 = PCURVE('',#2428,#2989);
#2989 = DEFINITIONAL_REPRESENTATION('',(#2990),#2994);
#2990 = LINE('',#2991,#2992);
#2991 = CARTESIAN_POINT('',(1.3,0.));
#2992 = VECTOR('',#2993,1.);
#2993 = DIRECTION('',(0.,1.));
#2994 = ( GEOMETRIC_REPRESENTATION_CONTEXT(2) 
PARAMETRIC_REPRESENTATION_CONTEXT() REPRESENTATION_CONTEXT('2D SPACE',''
  ) );
#2995 = PCURVE('',#2914,#2996);
#2996 = DEFINITIONAL_REPRESENTATION('',(#2997),#3001);
#2997 = LINE('',#2998,#2999);
#2998 = CARTESIAN_POINT('',(0.,0.));
#2999 = VECTOR('',#3000,1.);
#3000 = DIRECTION('',(1.,0.));
#3001 = ( GEOMETRIC_REPRESENTATION_CONTEXT(2) 
PARAMETRIC_REPRESENTATION_CONTEXT() REPRESENTATION_CONTEXT('2D SPACE',''
  ) );
#3002 = ORIENTED_EDGE('',*,*,#3003,.F.);
#3003 = EDGE_CURVE('',#2387,#2981,#3004,.T.);
#3004 = SURFACE_CURVE('',#3005,(#3009,#3016),.PCURVE_S1.);
#3005 = LINE('',#3006,#3007);
#3006 = CARTESIAN_POINT('',(5.,-23.4,-7.5));
#3007 = VECTOR('',#3008,1.);
#3008 = DIRECTION('',(0.,0.,1.));
#3009 = PCURVE('',#2428,#3010);
#3010 = DEFINITIONAL_REPRESENTATION('',(#3011),#3015);
#3011 = LINE('',#3012,#3013);
#3012 = CARTESIAN_POINT('',(0.,10.));
#3013 = VECTOR('',#3014,1.);
#3014 = DIRECTION('',(1.,0.));
#3015 = ( GEOMETRIC_REPRESENTATION_CONTEXT(2) 
PARAMETRIC_REPRESENTATION_CONTEXT() REPRESENTATION_CONTEXT('2D SPACE',''
  ) );
#3016 = PCURVE('',#2402,#3017);
#3017 = DEFINITIONAL_REPRESENTATION('',(#3018),#3022);
#3018 = LINE('',#3019,#3020);
#3019 = CARTESIAN_POINT('',(0.,0.));
#3020 = VECTOR('',#3021,1.);
#3021 = DIRECTION('',(1.,0.));
#3022 = ( GEOMETRIC_REPRESENTATION_CONTEXT(2) 
PARAMETRIC_REPRESENTATION_CONTEXT() REPRESENTATION_CONTEXT('2D SPACE',''
  ) );
#3023 = ADVANCED_FACE('',(#3024),#2402,.T.);
#3024 = FACE_BOUND('',#3025,.T.);
#3025 = EDGE_LOOP('',(#3026,#3027,#3028,#3029));
#3026 = ORIENTED_EDGE('',*,*,#3003,.F.);
#3027 = ORIENTED_EDGE('',*,*,#2386,.T.);
#3028 = ORIENTED_EDGE('',*,*,#2954,.T.);
#3029 = ORIENTED_EDGE('',*,*,#3030,.F.);
#3030 = EDGE_CURVE('',#2981,#2932,#3031,.T.);
#3031 = SURFACE_CURVE('',#3032,(#3036,#3043),.PCURVE_S1.);
#3032 = LINE('',#3033,#3034);
#3033 = CARTESIAN_POINT('',(5.,-23.4,-6.2));
#3034 = VECTOR('',#3035,1.);
#3035 = DIRECTION('',(-0.,1.,0.));
#3036 = PCURVE('',#2402,#3037);
#3037 = DEFINITIONAL_REPRESENTATION('',(#3038),#3042);
#3038 = LINE('',#3039,#3040);
#3039 = CARTESIAN_POINT('',(1.3,0.));
#3040 = VECTOR('',#3041,1.);
#3041 = DIRECTION('',(0.,-1.));
#3042 = ( GEOMETRIC_REPRESENTATION_CONTEXT(2) 
PARAMETRIC_REPRESENTATION_CONTEXT() REPRESENTATION_CONTEXT('2D SPACE',''
  ) );
#3043 = PCURVE('',#2914,#3044);
#3044 = DEFINITIONAL_REPRESENTATION('',(#3045),#3049);
#3045 = LINE('',#3046,#3047);
#3046 = CARTESIAN_POINT('',(10.,0.));
#3047 = VECTOR('',#3048,1.);
#3048 = DIRECTION('',(0.,1.));
#3049 = ( GEOMETRIC_REPRESENTATION_CONTEXT(2) 
PARAMETRIC_REPRESENTATION_CONTEXT() REPRESENTATION_CONTEXT('2D SPACE',''
  ) );
#3050 = ADVANCED_FACE('',(#3051),#2459,.T.);
#3051 = FACE_BOUND('',#3052,.T.);
#3052 = EDGE_LOOP('',(#3053,#3082,#3103,#3104));
#3053 = ORIENTED_EDGE('',*,*,#3054,.F.);
#3054 = EDGE_CURVE('',#3055,#3055,#3057,.T.);
#3055 = VERTEX_POINT('',#3056);
#3056 = CARTESIAN_POINT('',(14.,-31.5,0.));
#3057 = SURFACE_CURVE('',#3058,(#3063,#3070),.PCURVE_S1.);
#3058 = CIRCLE('',#3059,2.2);
#3059 = AXIS2_PLACEMENT_3D('',#3060,#3061,#3062);
#3060 = CARTESIAN_POINT('',(11.8,-31.5,0.));
#3061 = DIRECTION('',(0.,0.,1.));
#3062 = DIRECTION('',(1.,0.,-0.));
#3063 = PCURVE('',#2459,#3064);
#3064 = DEFINITIONAL_REPRESENTATION('',(#3065),#3069);
#3065 = LINE('',#3066,#3067);
#3066 = CARTESIAN_POINT('',(0.,7.5));
#3067 = VECTOR('',#3068,1.);
#3068 = DIRECTION('',(1.,0.));
#3069 = ( GEOMETRIC_REPRESENTATION_CONTEXT(2) 
PARAMETRIC_REPRESENTATION_CONTEXT() REPRESENTATION_CONTEXT('2D SPACE',''
  ) );
#3070 = PCURVE('',#3071,#3076);
#3071 = PLANE('',#3072);
#3072 = AXIS2_PLACEMENT_3D('',#3073,#3074,#3075);
#3073 = CARTESIAN_POINT('',(11.8,-31.5,0.));
#3074 = DIRECTION('',(0.,0.,1.));
#3075 = DIRECTION('',(1.,0.,-0.));
#3076 = DEFINITIONAL_REPRESENTATION('',(#3077),#3081);
#3077 = CIRCLE('',#3078,2.2);
#3078 = AXIS2_PLACEMENT_2D('',#3079,#3080);
#3079 = CARTESIAN_POINT('',(0.,0.));
#3080 = DIRECTION('',(1.,0.));
#3081 = ( GEOMETRIC_REPRESENTATION_CONTEXT(2) 
PARAMETRIC_REPRESENTATION_CONTEXT() REPRESENTATION_CONTEXT('2D SPACE',''
  ) );
#3082 = ORIENTED_EDGE('',*,*,#3083,.F.);
#3083 = EDGE_CURVE('',#2443,#3055,#3084,.T.);
#3084 = SEAM_CURVE('',#3085,(#3089,#3096),.PCURVE_S1.);
#3085 = LINE('',#3086,#3087);
#3086 = CARTESIAN_POINT('',(14.,-31.5,-7.5));
#3087 = VECTOR('',#3088,1.);
#3088 = DIRECTION('',(0.,0.,1.));
#3089 = PCURVE('',#2459,#3090);
#3090 = DEFINITIONAL_REPRESENTATION('',(#3091),#3095);
#3091 = LINE('',#3092,#3093);
#3092 = CARTESIAN_POINT('',(6.28318530718,-0.));
#3093 = VECTOR('',#3094,1.);
#3094 = DIRECTION('',(0.,1.));
#3095 = ( GEOMETRIC_REPRESENTATION_CONTEXT(2) 
PARAMETRIC_REPRESENTATION_CONTEXT() REPRESENTATION_CONTEXT('2D SPACE',''
  ) );
#3096 = PCURVE('',#2459,#3097);
#3097 = DEFINITIONAL_REPRESENTATION('',(#3098),#3102);
#3098 = LINE('',#3099,#3100);
#3099 = CARTESIAN_POINT('',(0.,-0.));
#3100 = VECTOR('',#3101,1.);
#3101 = DIRECTION('',(0.,1.));
#3102 = ( GEOMETRIC_REPRESENTATION_CONTEXT(2) 
PARAMETRIC_REPRESENTATION_CONTEXT() REPRESENTATION_CONTEXT('2D SPACE',''
  ) );
#3103 = ORIENTED_EDGE('',*,*,#2442,.T.);
#3104 = ORIENTED_EDGE('',*,*,#3083,.T.);
#3105 = ADVANCED_FACE('',(#3106),#2490,.F.);
#3106 = FACE_BOUND('',#3107,.F.);
#3107 = EDGE_LOOP('',(#3108,#3109,#3132,#3159));
#3108 = ORIENTED_EDGE('',*,*,#2473,.F.);
#3109 = ORIENTED_EDGE('',*,*,#3110,.F.);
#3110 = EDGE_CURVE('',#3111,#2474,#3113,.T.);
#3111 = VERTEX_POINT('',#3112);
#3112 = CARTESIAN_POINT('',(11.15,-25.,-8.55));
#3113 = SEAM_CURVE('',#3114,(#3118,#3125),.PCURVE_S1.);
#3114 = LINE('',#3115,#3116);
#3115 = CARTESIAN_POINT('',(11.15,-25.,-8.55));
#3116 = VECTOR('',#3117,1.);
#3117 = DIRECTION('',(0.,0.,1.));
#3118 = PCURVE('',#2490,#3119);
#3119 = DEFINITIONAL_REPRESENTATION('',(#3120),#3124);
#3120 = LINE('',#3121,#3122);
#3121 = CARTESIAN_POINT('',(6.28318530718,-0.));
#3122 = VECTOR('',#3123,1.);
#3123 = DIRECTION('',(0.,1.));
#3124 = ( GEOMETRIC_REPRESENTATION_CONTEXT(2) 
PARAMETRIC_REPRESENTATION_CONTEXT() REPRESENTATION_CONTEXT('2D SPACE',''
  ) );
#3125 = PCURVE('',#2490,#3126);
#3126 = DEFINITIONAL_REPRESENTATION('',(#3127),#3131);
#3127 = LINE('',#3128,#3129);
#3128 = CARTESIAN_POINT('',(0.,-0.));
#3129 = VECTOR('',#3130,1.);
#3130 = DIRECTION('',(0.,1.));
#3131 = ( GEOMETRIC_REPRESENTATION_CONTEXT(2) 
PARAMETRIC_REPRESENTATION_CONTEXT() REPRESENTATION_CONTEXT('2D SPACE',''
  ) );
#3132 = ORIENTED_EDGE('',*,*,#3133,.T.);
#3133 = EDGE_CURVE('',#3111,#3111,#3134,.T.);
#3134 = SURFACE_CURVE('',#3135,(#3140,#3147),.PCURVE_S1.);
#3135 = CIRCLE('',#3136,2.15);
#3136 = AXIS2_PLACEMENT_3D('',#3137,#3138,#3139);
#3137 = CARTESIAN_POINT('',(9.,-25.,-8.55));
#3138 = DIRECTION('',(0.,0.,1.));
#3139 = DIRECTION('',(1.,0.,-0.));
#3140 = PCURVE('',#2490,#3141);
#3141 = DEFINITIONAL_REPRESENTATION('',(#3142),#3146);
#3142 = LINE('',#3143,#3144);
#3143 = CARTESIAN_POINT('',(0.,0.));
#3144 = VECTOR('',#3145,1.);
#3145 = DIRECTION('',(1.,0.));
#3146 = ( GEOMETRIC_REPRESENTATION_CONTEXT(2) 
PARAMETRIC_REPRESENTATION_CONTEXT() REPRESENTATION_CONTEXT('2D SPACE',''
  ) );
#3147 = PCURVE('',#3148,#3153);
#3148 = PLANE('',#3149);
#3149 = AXIS2_PLACEMENT_3D('',#3150,#3151,#3152);
#3150 = CARTESIAN_POINT('',(9.,-25.,-8.55));
#3151 = DIRECTION('',(0.,0.,1.));
#3152 = DIRECTION('',(1.,0.,-0.));
#3153 = DEFINITIONAL_REPRESENTATION('',(#3154),#3158);
#3154 = CIRCLE('',#3155,2.15);
#3155 = AXIS2_PLACEMENT_2D('',#3156,#3157);
#3156 = CARTESIAN_POINT('',(0.,0.));
#3157 = DIRECTION('',(1.,0.));
#3158 = ( GEOMETRIC_REPRESENTATION_CONTEXT(2) 
PARAMETRIC_REPRESENTATION_CONTEXT() REPRESENTATION_CONTEXT('2D SPACE',''
  ) );
#3159 = ORIENTED_EDGE('',*,*,#3110,.T.);
#3160 = ADVANCED_FACE('',(#3161),#2521,.F.);
#3161 = FACE_BOUND('',#3162,.F.);
#3162 = EDGE_LOOP('',(#3163,#3164,#3187,#3214));
#3163 = ORIENTED_EDGE('',*,*,#2504,.F.);
#3164 = ORIENTED_EDGE('',*,*,#3165,.F.);
#3165 = EDGE_CURVE('',#3166,#2505,#3168,.T.);
#3166 = VERTEX_POINT('',#3167);
#3167 = CARTESIAN_POINT('',(-6.85,25.,-8.55));
#3168 = SEAM_CURVE('',#3169,(#3173,#3180),.PCURVE_S1.);
#3169 = LINE('',#3170,#3171);
#3170 = CARTESIAN_POINT('',(-6.85,25.,-8.55));
#3171 = VECTOR('',#3172,1.);
#3172 = DIRECTION('',(0.,0.,1.));
#3173 = PCURVE('',#2521,#3174);
#3174 = DEFINITIONAL_REPRESENTATION('',(#3175),#3179);
#3175 = LINE('',#3176,#3177);
#3176 = CARTESIAN_POINT('',(6.28318530718,-0.));
#3177 = VECTOR('',#3178,1.);
#3178 = DIRECTION('',(0.,1.));
#3179 = ( GEOMETRIC_REPRESENTATION_CONTEXT(2) 
PARAMETRIC_REPRESENTATION_CONTEXT() REPRESENTATION_CONTEXT('2D SPACE',''
  ) );
#3180 = PCURVE('',#2521,#3181);
#3181 = DEFINITIONAL_REPRESENTATION('',(#3182),#3186);
#3182 = LINE('',#3183,#3184);
#3183 = CARTESIAN_POINT('',(0.,-0.));
#3184 = VECTOR('',#3185,1.);
#3185 = DIRECTION('',(0.,1.));
#3186 = ( GEOMETRIC_REPRESENTATION_CONTEXT(2) 
PARAMETRIC_REPRESENTATION_CONTEXT() REPRESENTATION_CONTEXT('2D SPACE',''
  ) );
#3187 = ORIENTED_EDGE('',*,*,#3188,.T.);
#3188 = EDGE_CURVE('',#3166,#3166,#3189,.T.);
#3189 = SURFACE_CURVE('',#3190,(#3195,#3202),.PCURVE_S1.);
#3190 = CIRCLE('',#3191,2.15);
#3191 = AXIS2_PLACEMENT_3D('',#3192,#3193,#3194);
#3192 = CARTESIAN_POINT('',(-9.,25.,-8.55));
#3193 = DIRECTION('',(0.,0.,1.));
#3194 = DIRECTION('',(1.,0.,-0.));
#3195 = PCURVE('',#2521,#3196);
#3196 = DEFINITIONAL_REPRESENTATION('',(#3197),#3201);
#3197 = LINE('',#3198,#3199);
#3198 = CARTESIAN_POINT('',(0.,0.));
#3199 = VECTOR('',#3200,1.);
#3200 = DIRECTION('',(1.,0.));
#3201 = ( GEOMETRIC_REPRESENTATION_CONTEXT(2) 
PARAMETRIC_REPRESENTATION_CONTEXT() REPRESENTATION_CONTEXT('2D SPACE',''
  ) );
#3202 = PCURVE('',#3203,#3208);
#3203 = PLANE('',#3204);
#3204 = AXIS2_PLACEMENT_3D('',#3205,#3206,#3207);
#3205 = CARTESIAN_POINT('',(-9.,25.,-8.55));
#3206 = DIRECTION('',(0.,0.,1.));
#3207 = DIRECTION('',(1.,0.,-0.));
#3208 = DEFINITIONAL_REPRESENTATION('',(#3209),#3213);
#3209 = CIRCLE('',#3210,2.15);
#3210 = AXIS2_PLACEMENT_2D('',#3211,#3212);
#3211 = CARTESIAN_POINT('',(0.,0.));
#3212 = DIRECTION('',(1.,0.));
#3213 = ( GEOMETRIC_REPRESENTATION_CONTEXT(2) 
PARAMETRIC_REPRESENTATION_CONTEXT() REPRESENTATION_CONTEXT('2D SPACE',''
  ) );
#3214 = ORIENTED_EDGE('',*,*,#3165,.T.);
#3215 = ADVANCED_FACE('',(#3216),#2552,.T.);
#3216 = FACE_BOUND('',#3217,.T.);
#3217 = EDGE_LOOP('',(#3218,#3247,#3268,#3269));
#3218 = ORIENTED_EDGE('',*,*,#3219,.F.);
#3219 = EDGE_CURVE('',#3220,#3220,#3222,.T.);
#3220 = VERTEX_POINT('',#3221);
#3221 = CARTESIAN_POINT('',(-9.6,31.5,0.));
#3222 = SURFACE_CURVE('',#3223,(#3228,#3235),.PCURVE_S1.);
#3223 = CIRCLE('',#3224,2.2);
#3224 = AXIS2_PLACEMENT_3D('',#3225,#3226,#3227);
#3225 = CARTESIAN_POINT('',(-11.8,31.5,0.));
#3226 = DIRECTION('',(0.,0.,1.));
#3227 = DIRECTION('',(1.,0.,-0.));
#3228 = PCURVE('',#2552,#3229);
#3229 = DEFINITIONAL_REPRESENTATION('',(#3230),#3234);
#3230 = LINE('',#3231,#3232);
#3231 = CARTESIAN_POINT('',(0.,7.5));
#3232 = VECTOR('',#3233,1.);
#3233 = DIRECTION('',(1.,0.));
#3234 = ( GEOMETRIC_REPRESENTATION_CONTEXT(2) 
PARAMETRIC_REPRESENTATION_CONTEXT() REPRESENTATION_CONTEXT('2D SPACE',''
  ) );
#3235 = PCURVE('',#3236,#3241);
#3236 = PLANE('',#3237);
#3237 = AXIS2_PLACEMENT_3D('',#3238,#3239,#3240);
#3238 = CARTESIAN_POINT('',(-11.8,31.5,0.));
#3239 = DIRECTION('',(0.,0.,1.));
#3240 = DIRECTION('',(1.,0.,-0.));
#3241 = DEFINITIONAL_REPRESENTATION('',(#3242),#3246);
#3242 = CIRCLE('',#3243,2.2);
#3243 = AXIS2_PLACEMENT_2D('',#3244,#3245);
#3244 = CARTESIAN_POINT('',(0.,0.));
#3245 = DIRECTION('',(1.,0.));
#3246 = ( GEOMETRIC_REPRESENTATION_CONTEXT(2) 
PARAMETRIC_REPRESENTATION_CONTEXT() REPRESENTATION_CONTEXT('2D SPACE',''
  ) );
#3247 = ORIENTED_EDGE('',*,*,#3248,.F.);
#3248 = EDGE_CURVE('',#2536,#3220,#3249,.T.);
#3249 = SEAM_CURVE('',#3250,(#3254,#3261),.PCURVE_S1.);
#3250 = LINE('',#3251,#3252);
#3251 = CARTESIAN_POINT('',(-9.6,31.5,-7.5));
#3252 = VECTOR('',#3253,1.);
#3253 = DIRECTION('',(0.,0.,1.));
#3254 = PCURVE('',#2552,#3255);
#3255 = DEFINITIONAL_REPRESENTATION('',(#3256),#3260);
#3256 = LINE('',#3257,#3258);
#3257 = CARTESIAN_POINT('',(6.28318530718,-0.));
#3258 = VECTOR('',#3259,1.);
#3259 = DIRECTION('',(0.,1.));
#3260 = ( GEOMETRIC_REPRESENTATION_CONTEXT(2) 
PARAMETRIC_REPRESENTATION_CONTEXT() REPRESENTATION_CONTEXT('2D SPACE',''
  ) );
#3261 = PCURVE('',#2552,#3262);
#3262 = DEFINITIONAL_REPRESENTATION('',(#3263),#3267);
#3263 = LINE('',#3264,#3265);
#3264 = CARTESIAN_POINT('',(0.,-0.));
#3265 = VECTOR('',#3266,1.);
#3266 = DIRECTION('',(0.,1.));
#3267 = ( GEOMETRIC_REPRESENTATION_CONTEXT(2) 
PARAMETRIC_REPRESENTATION_CONTEXT() REPRESENTATION_CONTEXT('2D SPACE',''
  ) );
#3268 = ORIENTED_EDGE('',*,*,#2535,.T.);
#3269 = ORIENTED_EDGE('',*,*,#3248,.T.);
#3270 = ADVANCED_FACE('',(#3271),#2584,.F.);
#3271 = FACE_BOUND('',#3272,.F.);
#3272 = EDGE_LOOP('',(#3273,#3296,#3297,#3320));
#3273 = ORIENTED_EDGE('',*,*,#3274,.F.);
#3274 = EDGE_CURVE('',#2567,#3275,#3277,.T.);
#3275 = VERTEX_POINT('',#3276);
#3276 = CARTESIAN_POINT('',(-5.,22.6,-6.2));
#3277 = SURFACE_CURVE('',#3278,(#3282,#3289),.PCURVE_S1.);
#3278 = LINE('',#3279,#3280);
#3279 = CARTESIAN_POINT('',(-5.,22.6,-7.5));
#3280 = VECTOR('',#3281,1.);
#3281 = DIRECTION('',(0.,0.,1.));
#3282 = PCURVE('',#2584,#3283);
#3283 = DEFINITIONAL_REPRESENTATION('',(#3284),#3288);
#3284 = LINE('',#3285,#3286);
#3285 = CARTESIAN_POINT('',(0.,0.));
#3286 = VECTOR('',#3287,1.);
#3287 = DIRECTION('',(1.,0.));
#3288 = ( GEOMETRIC_REPRESENTATION_CONTEXT(2) 
PARAMETRIC_REPRESENTATION_CONTEXT() REPRESENTATION_CONTEXT('2D SPACE',''
  ) );
#3289 = PCURVE('',#2666,#3290);
#3290 = DEFINITIONAL_REPRESENTATION('',(#3291),#3295);
#3291 = LINE('',#3292,#3293);
#3292 = CARTESIAN_POINT('',(0.,0.));
#3293 = VECTOR('',#3294,1.);
#3294 = DIRECTION('',(1.,0.));
#3295 = ( GEOMETRIC_REPRESENTATION_CONTEXT(2) 
PARAMETRIC_REPRESENTATION_CONTEXT() REPRESENTATION_CONTEXT('2D SPACE',''
  ) );
#3296 = ORIENTED_EDGE('',*,*,#2566,.T.);
#3297 = ORIENTED_EDGE('',*,*,#3298,.T.);
#3298 = EDGE_CURVE('',#2569,#3299,#3301,.T.);
#3299 = VERTEX_POINT('',#3300);
#3300 = CARTESIAN_POINT('',(-5.,23.4,-6.2));
#3301 = SURFACE_CURVE('',#3302,(#3306,#3313),.PCURVE_S1.);
#3302 = LINE('',#3303,#3304);
#3303 = CARTESIAN_POINT('',(-5.,23.4,-7.5));
#3304 = VECTOR('',#3305,1.);
#3305 = DIRECTION('',(0.,0.,1.));
#3306 = PCURVE('',#2584,#3307);
#3307 = DEFINITIONAL_REPRESENTATION('',(#3308),#3312);
#3308 = LINE('',#3309,#3310);
#3309 = CARTESIAN_POINT('',(0.,-0.8));
#3310 = VECTOR('',#3311,1.);
#3311 = DIRECTION('',(1.,0.));
#3312 = ( GEOMETRIC_REPRESENTATION_CONTEXT(2) 
PARAMETRIC_REPRESENTATION_CONTEXT() REPRESENTATION_CONTEXT('2D SPACE',''
  ) );
#3313 = PCURVE('',#2612,#3314);
#3314 = DEFINITIONAL_REPRESENTATION('',(#3315),#3319);
#3315 = LINE('',#3316,#3317);
#3316 = CARTESIAN_POINT('',(0.,0.));
#3317 = VECTOR('',#3318,1.);
#3318 = DIRECTION('',(1.,0.));
#3319 = ( GEOMETRIC_REPRESENTATION_CONTEXT(2) 
PARAMETRIC_REPRESENTATION_CONTEXT() REPRESENTATION_CONTEXT('2D SPACE',''
  ) );
#3320 = ORIENTED_EDGE('',*,*,#3321,.F.);
#3321 = EDGE_CURVE('',#3275,#3299,#3322,.T.);
#3322 = SURFACE_CURVE('',#3323,(#3327,#3334),.PCURVE_S1.);
#3323 = LINE('',#3324,#3325);
#3324 = CARTESIAN_POINT('',(-5.,22.6,-6.2));
#3325 = VECTOR('',#3326,1.);
#3326 = DIRECTION('',(-0.,1.,0.));
#3327 = PCURVE('',#2584,#3328);
#3328 = DEFINITIONAL_REPRESENTATION('',(#3329),#3333);
#3329 = LINE('',#3330,#3331);
#3330 = CARTESIAN_POINT('',(1.3,0.));
#3331 = VECTOR('',#3332,1.);
#3332 = DIRECTION('',(0.,-1.));
#3333 = ( GEOMETRIC_REPRESENTATION_CONTEXT(2) 
PARAMETRIC_REPRESENTATION_CONTEXT() REPRESENTATION_CONTEXT('2D SPACE',''
  ) );
#3334 = PCURVE('',#3335,#3340);
#3335 = PLANE('',#3336);
#3336 = AXIS2_PLACEMENT_3D('',#3337,#3338,#3339);
#3337 = CARTESIAN_POINT('',(-5.,22.6,-6.2));
#3338 = DIRECTION('',(0.,0.,1.));
#3339 = DIRECTION('',(1.,0.,-0.));
#3340 = DEFINITIONAL_REPRESENTATION('',(#3341),#3345);
#3341 = LINE('',#3342,#3343);
#3342 = CARTESIAN_POINT('',(0.,0.));
#3343 = VECTOR('',#3344,1.);
#3344 = DIRECTION('',(0.,1.));
#3345 = ( GEOMETRIC_REPRESENTATION_CONTEXT(2) 
PARAMETRIC_REPRESENTATION_CONTEXT() REPRESENTATION_CONTEXT('2D SPACE',''
  ) );
#3346 = ADVANCED_FACE('',(#3347),#2612,.T.);
#3347 = FACE_BOUND('',#3348,.T.);
#3348 = EDGE_LOOP('',(#3349,#3350,#3351,#3374));
#3349 = ORIENTED_EDGE('',*,*,#2596,.F.);
#3350 = ORIENTED_EDGE('',*,*,#3298,.T.);
#3351 = ORIENTED_EDGE('',*,*,#3352,.T.);
#3352 = EDGE_CURVE('',#3299,#3353,#3355,.T.);
#3353 = VERTEX_POINT('',#3354);
#3354 = CARTESIAN_POINT('',(5.,23.4,-6.2));
#3355 = SURFACE_CURVE('',#3356,(#3360,#3367),.PCURVE_S1.);
#3356 = LINE('',#3357,#3358);
#3357 = CARTESIAN_POINT('',(-5.,23.4,-6.2));
#3358 = VECTOR('',#3359,1.);
#3359 = DIRECTION('',(1.,0.,-0.));
#3360 = PCURVE('',#2612,#3361);
#3361 = DEFINITIONAL_REPRESENTATION('',(#3362),#3366);
#3362 = LINE('',#3363,#3364);
#3363 = CARTESIAN_POINT('',(1.3,0.));
#3364 = VECTOR('',#3365,1.);
#3365 = DIRECTION('',(0.,1.));
#3366 = ( GEOMETRIC_REPRESENTATION_CONTEXT(2) 
PARAMETRIC_REPRESENTATION_CONTEXT() REPRESENTATION_CONTEXT('2D SPACE',''
  ) );
#3367 = PCURVE('',#3335,#3368);
#3368 = DEFINITIONAL_REPRESENTATION('',(#3369),#3373);
#3369 = LINE('',#3370,#3371);
#3370 = CARTESIAN_POINT('',(0.,0.8));
#3371 = VECTOR('',#3372,1.);
#3372 = DIRECTION('',(1.,0.));
#3373 = ( GEOMETRIC_REPRESENTATION_CONTEXT(2) 
PARAMETRIC_REPRESENTATION_CONTEXT() REPRESENTATION_CONTEXT('2D SPACE',''
  ) );
#3374 = ORIENTED_EDGE('',*,*,#3375,.F.);
#3375 = EDGE_CURVE('',#2597,#3353,#3376,.T.);
#3376 = SURFACE_CURVE('',#3377,(#3381,#3388),.PCURVE_S1.);
#3377 = LINE('',#3378,#3379);
#3378 = CARTESIAN_POINT('',(5.,23.4,-7.5));
#3379 = VECTOR('',#3380,1.);
#3380 = DIRECTION('',(0.,0.,1.));
#3381 = PCURVE('',#2612,#3382);
#3382 = DEFINITIONAL_REPRESENTATION('',(#3383),#3387);
#3383 = LINE('',#3384,#3385);
#3384 = CARTESIAN_POINT('',(0.,10.));
#3385 = VECTOR('',#3386,1.);
#3386 = DIRECTION('',(1.,0.));
#3387 = ( GEOMETRIC_REPRESENTATION_CONTEXT(2) 
PARAMETRIC_REPRESENTATION_CONTEXT() REPRESENTATION_CONTEXT('2D SPACE',''
  ) );
#3388 = PCURVE('',#2640,#3389);
#3389 = DEFINITIONAL_REPRESENTATION('',(#3390),#3394);
#3390 = LINE('',#3391,#3392);
#3391 = CARTESIAN_POINT('',(0.,-0.8));
#3392 = VECTOR('',#3393,1.);
#3393 = DIRECTION('',(1.,0.));
#3394 = ( GEOMETRIC_REPRESENTATION_CONTEXT(2) 
PARAMETRIC_REPRESENTATION_CONTEXT() REPRESENTATION_CONTEXT('2D SPACE',''
  ) );
#3395 = ADVANCED_FACE('',(#3396),#2666,.F.);
#3396 = FACE_BOUND('',#3397,.F.);
#3397 = EDGE_LOOP('',(#3398,#3399,#3400,#3423));
#3398 = ORIENTED_EDGE('',*,*,#2652,.F.);
#3399 = ORIENTED_EDGE('',*,*,#3274,.T.);
#3400 = ORIENTED_EDGE('',*,*,#3401,.T.);
#3401 = EDGE_CURVE('',#3275,#3402,#3404,.T.);
#3402 = VERTEX_POINT('',#3403);
#3403 = CARTESIAN_POINT('',(5.,22.6,-6.2));
#3404 = SURFACE_CURVE('',#3405,(#3409,#3416),.PCURVE_S1.);
#3405 = LINE('',#3406,#3407);
#3406 = CARTESIAN_POINT('',(-5.,22.6,-6.2));
#3407 = VECTOR('',#3408,1.);
#3408 = DIRECTION('',(1.,0.,-0.));
#3409 = PCURVE('',#2666,#3410);
#3410 = DEFINITIONAL_REPRESENTATION('',(#3411),#3415);
#3411 = LINE('',#3412,#3413);
#3412 = CARTESIAN_POINT('',(1.3,0.));
#3413 = VECTOR('',#3414,1.);
#3414 = DIRECTION('',(0.,1.));
#3415 = ( GEOMETRIC_REPRESENTATION_CONTEXT(2) 
PARAMETRIC_REPRESENTATION_CONTEXT() REPRESENTATION_CONTEXT('2D SPACE',''
  ) );
#3416 = PCURVE('',#3335,#3417);
#3417 = DEFINITIONAL_REPRESENTATION('',(#3418),#3422);
#3418 = LINE('',#3419,#3420);
#3419 = CARTESIAN_POINT('',(0.,0.));
#3420 = VECTOR('',#3421,1.);
#3421 = DIRECTION('',(1.,0.));
#3422 = ( GEOMETRIC_REPRESENTATION_CONTEXT(2) 
PARAMETRIC_REPRESENTATION_CONTEXT() REPRESENTATION_CONTEXT('2D SPACE',''
  ) );
#3423 = ORIENTED_EDGE('',*,*,#3424,.F.);
#3424 = EDGE_CURVE('',#2625,#3402,#3425,.T.);
#3425 = SURFACE_CURVE('',#3426,(#3430,#3437),.PCURVE_S1.);
#3426 = LINE('',#3427,#3428);
#3427 = CARTESIAN_POINT('',(5.,22.6,-7.5));
#3428 = VECTOR('',#3429,1.);
#3429 = DIRECTION('',(0.,0.,1.));
#3430 = PCURVE('',#2666,#3431);
#3431 = DEFINITIONAL_REPRESENTATION('',(#3432),#3436);
#3432 = LINE('',#3433,#3434);
#3433 = CARTESIAN_POINT('',(0.,10.));
#3434 = VECTOR('',#3435,1.);
#3435 = DIRECTION('',(1.,0.));
#3436 = ( GEOMETRIC_REPRESENTATION_CONTEXT(2) 
PARAMETRIC_REPRESENTATION_CONTEXT() REPRESENTATION_CONTEXT('2D SPACE',''
  ) );
#3437 = PCURVE('',#2640,#3438);
#3438 = DEFINITIONAL_REPRESENTATION('',(#3439),#3443);
#3439 = LINE('',#3440,#3441);
#3440 = CARTESIAN_POINT('',(0.,0.));
#3441 = VECTOR('',#3442,1.);
#3442 = DIRECTION('',(1.,0.));
#3443 = ( GEOMETRIC_REPRESENTATION_CONTEXT(2) 
PARAMETRIC_REPRESENTATION_CONTEXT() REPRESENTATION_CONTEXT('2D SPACE',''
  ) );
#3444 = ADVANCED_FACE('',(#3445),#2640,.T.);
#3445 = FACE_BOUND('',#3446,.T.);
#3446 = EDGE_LOOP('',(#3447,#3448,#3449,#3450));
#3447 = ORIENTED_EDGE('',*,*,#3424,.F.);
#3448 = ORIENTED_EDGE('',*,*,#2624,.T.);
#3449 = ORIENTED_EDGE('',*,*,#3375,.T.);
#3450 = ORIENTED_EDGE('',*,*,#3451,.F.);
#3451 = EDGE_CURVE('',#3402,#3353,#3452,.T.);
#3452 = SURFACE_CURVE('',#3453,(#3457,#3464),.PCURVE_S1.);
#3453 = LINE('',#3454,#3455);
#3454 = CARTESIAN_POINT('',(5.,22.6,-6.2));
#3455 = VECTOR('',#3456,1.);
#3456 = DIRECTION('',(-0.,1.,0.));
#3457 = PCURVE('',#2640,#3458);
#3458 = DEFINITIONAL_REPRESENTATION('',(#3459),#3463);
#3459 = LINE('',#3460,#3461);
#3460 = CARTESIAN_POINT('',(1.3,0.));
#3461 = VECTOR('',#3462,1.);
#3462 = DIRECTION('',(0.,-1.));
#3463 = ( GEOMETRIC_REPRESENTATION_CONTEXT(2) 
PARAMETRIC_REPRESENTATION_CONTEXT() REPRESENTATION_CONTEXT('2D SPACE',''
  ) );
#3464 = PCURVE('',#3335,#3465);
#3465 = DEFINITIONAL_REPRESENTATION('',(#3466),#3470);
#3466 = LINE('',#3467,#3468);
#3467 = CARTESIAN_POINT('',(10.,0.));
#3468 = VECTOR('',#3469,1.);
#3469 = DIRECTION('',(0.,1.));
#3470 = ( GEOMETRIC_REPRESENTATION_CONTEXT(2) 
PARAMETRIC_REPRESENTATION_CONTEXT() REPRESENTATION_CONTEXT('2D SPACE',''
  ) );
#3471 = ADVANCED_FACE('',(#3472),#2697,.F.);
#3472 = FACE_BOUND('',#3473,.F.);
#3473 = EDGE_LOOP('',(#3474,#3475,#3498,#3525));
#3474 = ORIENTED_EDGE('',*,*,#2680,.F.);
#3475 = ORIENTED_EDGE('',*,*,#3476,.F.);
#3476 = EDGE_CURVE('',#3477,#2681,#3479,.T.);
#3477 = VERTEX_POINT('',#3478);
#3478 = CARTESIAN_POINT('',(11.15,25.,-8.55));
#3479 = SEAM_CURVE('',#3480,(#3484,#3491),.PCURVE_S1.);
#3480 = LINE('',#3481,#3482);
#3481 = CARTESIAN_POINT('',(11.15,25.,-8.55));
#3482 = VECTOR('',#3483,1.);
#3483 = DIRECTION('',(0.,0.,1.));
#3484 = PCURVE('',#2697,#3485);
#3485 = DEFINITIONAL_REPRESENTATION('',(#3486),#3490);
#3486 = LINE('',#3487,#3488);
#3487 = CARTESIAN_POINT('',(6.28318530718,-0.));
#3488 = VECTOR('',#3489,1.);
#3489 = DIRECTION('',(0.,1.));
#3490 = ( GEOMETRIC_REPRESENTATION_CONTEXT(2) 
PARAMETRIC_REPRESENTATION_CONTEXT() REPRESENTATION_CONTEXT('2D SPACE',''
  ) );
#3491 = PCURVE('',#2697,#3492);
#3492 = DEFINITIONAL_REPRESENTATION('',(#3493),#3497);
#3493 = LINE('',#3494,#3495);
#3494 = CARTESIAN_POINT('',(0.,-0.));
#3495 = VECTOR('',#3496,1.);
#3496 = DIRECTION('',(0.,1.));
#3497 = ( GEOMETRIC_REPRESENTATION_CONTEXT(2) 
PARAMETRIC_REPRESENTATION_CONTEXT() REPRESENTATION_CONTEXT('2D SPACE',''
  ) );
#3498 = ORIENTED_EDGE('',*,*,#3499,.T.);
#3499 = EDGE_CURVE('',#3477,#3477,#3500,.T.);
#3500 = SURFACE_CURVE('',#3501,(#3506,#3513),.PCURVE_S1.);
#3501 = CIRCLE('',#3502,2.15);
#3502 = AXIS2_PLACEMENT_3D('',#3503,#3504,#3505);
#3503 = CARTESIAN_POINT('',(9.,25.,-8.55));
#3504 = DIRECTION('',(0.,0.,1.));
#3505 = DIRECTION('',(1.,0.,-0.));
#3506 = PCURVE('',#2697,#3507);
#3507 = DEFINITIONAL_REPRESENTATION('',(#3508),#3512);
#3508 = LINE('',#3509,#3510);
#3509 = CARTESIAN_POINT('',(0.,0.));
#3510 = VECTOR('',#3511,1.);
#3511 = DIRECTION('',(1.,0.));
#3512 = ( GEOMETRIC_REPRESENTATION_CONTEXT(2) 
PARAMETRIC_REPRESENTATION_CONTEXT() REPRESENTATION_CONTEXT('2D SPACE',''
  ) );
#3513 = PCURVE('',#3514,#3519);
#3514 = PLANE('',#3515);
#3515 = AXIS2_PLACEMENT_3D('',#3516,#3517,#3518);
#3516 = CARTESIAN_POINT('',(9.,25.,-8.55));
#3517 = DIRECTION('',(0.,0.,1.));
#3518 = DIRECTION('',(1.,0.,-0.));
#3519 = DEFINITIONAL_REPRESENTATION('',(#3520),#3524);
#3520 = CIRCLE('',#3521,2.15);
#3521 = AXIS2_PLACEMENT_2D('',#3522,#3523);
#3522 = CARTESIAN_POINT('',(0.,0.));
#3523 = DIRECTION('',(1.,0.));
#3524 = ( GEOMETRIC_REPRESENTATION_CONTEXT(2) 
PARAMETRIC_REPRESENTATION_CONTEXT() REPRESENTATION_CONTEXT('2D SPACE',''
  ) );
#3525 = ORIENTED_EDGE('',*,*,#3476,.T.);
#3526 = ADVANCED_FACE('',(#3527),#2728,.T.);
#3527 = FACE_BOUND('',#3528,.T.);
#3528 = EDGE_LOOP('',(#3529,#3558,#3579,#3580));
#3529 = ORIENTED_EDGE('',*,*,#3530,.F.);
#3530 = EDGE_CURVE('',#3531,#3531,#3533,.T.);
#3531 = VERTEX_POINT('',#3532);
#3532 = CARTESIAN_POINT('',(14.,31.5,0.));
#3533 = SURFACE_CURVE('',#3534,(#3539,#3546),.PCURVE_S1.);
#3534 = CIRCLE('',#3535,2.2);
#3535 = AXIS2_PLACEMENT_3D('',#3536,#3537,#3538);
#3536 = CARTESIAN_POINT('',(11.8,31.5,0.));
#3537 = DIRECTION('',(0.,0.,1.));
#3538 = DIRECTION('',(1.,0.,-0.));
#3539 = PCURVE('',#2728,#3540);
#3540 = DEFINITIONAL_REPRESENTATION('',(#3541),#3545);
#3541 = LINE('',#3542,#3543);
#3542 = CARTESIAN_POINT('',(0.,7.5));
#3543 = VECTOR('',#3544,1.);
#3544 = DIRECTION('',(1.,0.));
#3545 = ( GEOMETRIC_REPRESENTATION_CONTEXT(2) 
PARAMETRIC_REPRESENTATION_CONTEXT() REPRESENTATION_CONTEXT('2D SPACE',''
  ) );
#3546 = PCURVE('',#3547,#3552);
#3547 = PLANE('',#3548);
#3548 = AXIS2_PLACEMENT_3D('',#3549,#3550,#3551);
#3549 = CARTESIAN_POINT('',(11.8,31.5,0.));
#3550 = DIRECTION('',(0.,0.,1.));
#3551 = DIRECTION('',(1.,0.,-0.));
#3552 = DEFINITIONAL_REPRESENTATION('',(#3553),#3557);
#3553 = CIRCLE('',#3554,2.2);
#3554 = AXIS2_PLACEMENT_2D('',#3555,#3556);
#3555 = CARTESIAN_POINT('',(0.,0.));
#3556 = DIRECTION('',(1.,0.));
#3557 = ( GEOMETRIC_REPRESENTATION_CONTEXT(2) 
PARAMETRIC_REPRESENTATION_CONTEXT() REPRESENTATION_CONTEXT('2D SPACE',''
  ) );
#3558 = ORIENTED_EDGE('',*,*,#3559,.F.);
#3559 = EDGE_CURVE('',#2712,#3531,#3560,.T.);
#3560 = SEAM_CURVE('',#3561,(#3565,#3572),.PCURVE_S1.);
#3561 = LINE('',#3562,#3563);
#3562 = CARTESIAN_POINT('',(14.,31.5,-7.5));
#3563 = VECTOR('',#3564,1.);
#3564 = DIRECTION('',(0.,0.,1.));
#3565 = PCURVE('',#2728,#3566);
#3566 = DEFINITIONAL_REPRESENTATION('',(#3567),#3571);
#3567 = LINE('',#3568,#3569);
#3568 = CARTESIAN_POINT('',(6.28318530718,-0.));
#3569 = VECTOR('',#3570,1.);
#3570 = DIRECTION('',(0.,1.));
#3571 = ( GEOMETRIC_REPRESENTATION_CONTEXT(2) 
PARAMETRIC_REPRESENTATION_CONTEXT() REPRESENTATION_CONTEXT('2D SPACE',''
  ) );
#3572 = PCURVE('',#2728,#3573);
#3573 = DEFINITIONAL_REPRESENTATION('',(#3574),#3578);
#3574 = LINE('',#3575,#3576);
#3575 = CARTESIAN_POINT('',(0.,-0.));
#3576 = VECTOR('',#3577,1.);
#3577 = DIRECTION('',(0.,1.));
#3578 = ( GEOMETRIC_REPRESENTATION_CONTEXT(2) 
PARAMETRIC_REPRESENTATION_CONTEXT() REPRESENTATION_CONTEXT('2D SPACE',''
  ) );
#3579 = ORIENTED_EDGE('',*,*,#2711,.T.);
#3580 = ORIENTED_EDGE('',*,*,#3559,.T.);
#3581 = ADVANCED_FACE('',(#3582,#3585),#2760,.T.);
#3582 = FACE_BOUND('',#3583,.T.);
#3583 = EDGE_LOOP('',(#3584));
#3584 = ORIENTED_EDGE('',*,*,#2743,.T.);
#3585 = FACE_BOUND('',#3586,.T.);
#3586 = EDGE_LOOP('',(#3587));
#3587 = ORIENTED_EDGE('',*,*,#3588,.F.);
#3588 = EDGE_CURVE('',#3589,#3589,#3591,.T.);
#3589 = VERTEX_POINT('',#3590);
#3590 = CARTESIAN_POINT('',(-11.05,-31.5,0.));
#3591 = SURFACE_CURVE('',#3592,(#3597,#3604),.PCURVE_S1.);
#3592 = CIRCLE('',#3593,0.75);
#3593 = AXIS2_PLACEMENT_3D('',#3594,#3595,#3596);
#3594 = CARTESIAN_POINT('',(-11.8,-31.5,0.));
#3595 = DIRECTION('',(0.,0.,1.));
#3596 = DIRECTION('',(1.,0.,-0.));
#3597 = PCURVE('',#2760,#3598);
#3598 = DEFINITIONAL_REPRESENTATION('',(#3599),#3603);
#3599 = CIRCLE('',#3600,0.75);
#3600 = AXIS2_PLACEMENT_2D('',#3601,#3602);
#3601 = CARTESIAN_POINT('',(0.,0.));
#3602 = DIRECTION('',(1.,0.));
#3603 = ( GEOMETRIC_REPRESENTATION_CONTEXT(2) 
PARAMETRIC_REPRESENTATION_CONTEXT() REPRESENTATION_CONTEXT('2D SPACE',''
  ) );
#3604 = PCURVE('',#3605,#3610);
#3605 = CYLINDRICAL_SURFACE('',#3606,0.75);
#3606 = AXIS2_PLACEMENT_3D('',#3607,#3608,#3609);
#3607 = CARTESIAN_POINT('',(-11.8,-31.5,-7.));
#3608 = DIRECTION('',(0.,0.,1.));
#3609 = DIRECTION('',(1.,0.,-0.));
#3610 = DEFINITIONAL_REPRESENTATION('',(#3611),#3615);
#3611 = LINE('',#3612,#3613);
#3612 = CARTESIAN_POINT('',(0.,7.));
#3613 = VECTOR('',#3614,1.);
#3614 = DIRECTION('',(1.,0.));
#3615 = ( GEOMETRIC_REPRESENTATION_CONTEXT(2) 
PARAMETRIC_REPRESENTATION_CONTEXT() REPRESENTATION_CONTEXT('2D SPACE',''
  ) );
#3616 = ADVANCED_FACE('',(#3617),#2837,.T.);
#3617 = FACE_BOUND('',#3618,.F.);
#3618 = EDGE_LOOP('',(#3619));
#3619 = ORIENTED_EDGE('',*,*,#2822,.F.);
#3620 = ADVANCED_FACE('',(#3621),#2914,.T.);
#3621 = FACE_BOUND('',#3622,.T.);
#3622 = EDGE_LOOP('',(#3623,#3624,#3625,#3626));
#3623 = ORIENTED_EDGE('',*,*,#2900,.F.);
#3624 = ORIENTED_EDGE('',*,*,#2980,.T.);
#3625 = ORIENTED_EDGE('',*,*,#3030,.T.);
#3626 = ORIENTED_EDGE('',*,*,#2931,.F.);
#3627 = ADVANCED_FACE('',(#3628,#3631),#3071,.T.);
#3628 = FACE_BOUND('',#3629,.T.);
#3629 = EDGE_LOOP('',(#3630));
#3630 = ORIENTED_EDGE('',*,*,#3054,.T.);
#3631 = FACE_BOUND('',#3632,.T.);
#3632 = EDGE_LOOP('',(#3633));
#3633 = ORIENTED_EDGE('',*,*,#3634,.F.);
#3634 = EDGE_CURVE('',#3635,#3635,#3637,.T.);
#3635 = VERTEX_POINT('',#3636);
#3636 = CARTESIAN_POINT('',(12.55,-31.5,0.));
#3637 = SURFACE_CURVE('',#3638,(#3643,#3650),.PCURVE_S1.);
#3638 = CIRCLE('',#3639,0.75);
#3639 = AXIS2_PLACEMENT_3D('',#3640,#3641,#3642);
#3640 = CARTESIAN_POINT('',(11.8,-31.5,0.));
#3641 = DIRECTION('',(0.,0.,1.));
#3642 = DIRECTION('',(1.,0.,-0.));
#3643 = PCURVE('',#3071,#3644);
#3644 = DEFINITIONAL_REPRESENTATION('',(#3645),#3649);
#3645 = CIRCLE('',#3646,0.75);
#3646 = AXIS2_PLACEMENT_2D('',#3647,#3648);
#3647 = CARTESIAN_POINT('',(0.,0.));
#3648 = DIRECTION('',(1.,0.));
#3649 = ( GEOMETRIC_REPRESENTATION_CONTEXT(2) 
PARAMETRIC_REPRESENTATION_CONTEXT() REPRESENTATION_CONTEXT('2D SPACE',''
  ) );
#3650 = PCURVE('',#3651,#3656);
#3651 = CYLINDRICAL_SURFACE('',#3652,0.75);
#3652 = AXIS2_PLACEMENT_3D('',#3653,#3654,#3655);
#3653 = CARTESIAN_POINT('',(11.8,-31.5,-7.));
#3654 = DIRECTION('',(0.,0.,1.));
#3655 = DIRECTION('',(1.,0.,-0.));
#3656 = DEFINITIONAL_REPRESENTATION('',(#3657),#3661);
#3657 = LINE('',#3658,#3659);
#3658 = CARTESIAN_POINT('',(0.,7.));
#3659 = VECTOR('',#3660,1.);
#3660 = DIRECTION('',(1.,0.));
#3661 = ( GEOMETRIC_REPRESENTATION_CONTEXT(2) 
PARAMETRIC_REPRESENTATION_CONTEXT() REPRESENTATION_CONTEXT('2D SPACE',''
  ) );
#3662 = ADVANCED_FACE('',(#3663),#3148,.T.);
#3663 = FACE_BOUND('',#3664,.F.);
#3664 = EDGE_LOOP('',(#3665));
#3665 = ORIENTED_EDGE('',*,*,#3133,.F.);
#3666 = ADVANCED_FACE('',(#3667),#3203,.T.);
#3667 = FACE_BOUND('',#3668,.F.);
#3668 = EDGE_LOOP('',(#3669));
#3669 = ORIENTED_EDGE('',*,*,#3188,.F.);
#3670 = ADVANCED_FACE('',(#3671,#3674),#3236,.T.);
#3671 = FACE_BOUND('',#3672,.T.);
#3672 = EDGE_LOOP('',(#3673));
#3673 = ORIENTED_EDGE('',*,*,#3219,.T.);
#3674 = FACE_BOUND('',#3675,.T.);
#3675 = EDGE_LOOP('',(#3676));
#3676 = ORIENTED_EDGE('',*,*,#3677,.F.);
#3677 = EDGE_CURVE('',#3678,#3678,#3680,.T.);
#3678 = VERTEX_POINT('',#3679);
#3679 = CARTESIAN_POINT('',(-11.05,31.5,0.));
#3680 = SURFACE_CURVE('',#3681,(#3686,#3693),.PCURVE_S1.);
#3681 = CIRCLE('',#3682,0.75);
#3682 = AXIS2_PLACEMENT_3D('',#3683,#3684,#3685);
#3683 = CARTESIAN_POINT('',(-11.8,31.5,0.));
#3684 = DIRECTION('',(0.,0.,1.));
#3685 = DIRECTION('',(1.,0.,-0.));
#3686 = PCURVE('',#3236,#3687);
#3687 = DEFINITIONAL_REPRESENTATION('',(#3688),#3692);
#3688 = CIRCLE('',#3689,0.75);
#3689 = AXIS2_PLACEMENT_2D('',#3690,#3691);
#3690 = CARTESIAN_POINT('',(0.,0.));
#3691 = DIRECTION('',(1.,0.));
#3692 = ( GEOMETRIC_REPRESENTATION_CONTEXT(2) 
PARAMETRIC_REPRESENTATION_CONTEXT() REPRESENTATION_CONTEXT('2D SPACE',''
  ) );
#3693 = PCURVE('',#3694,#3699);
#3694 = CYLINDRICAL_SURFACE('',#3695,0.75);
#3695 = AXIS2_PLACEMENT_3D('',#3696,#3697,#3698);
#3696 = CARTESIAN_POINT('',(-11.8,31.5,-7.));
#3697 = DIRECTION('',(0.,0.,1.));
#3698 = DIRECTION('',(1.,0.,-0.));
#3699 = DEFINITIONAL_REPRESENTATION('',(#3700),#3704);
#3700 = LINE('',#3701,#3702);
#3701 = CARTESIAN_POINT('',(0.,7.));
#3702 = VECTOR('',#3703,1.);
#3703 = DIRECTION('',(1.,0.));
#3704 = ( GEOMETRIC_REPRESENTATION_CONTEXT(2) 
PARAMETRIC_REPRESENTATION_CONTEXT() REPRESENTATION_CONTEXT('2D SPACE',''
  ) );
#3705 = ADVANCED_FACE('',(#3706),#3335,.T.);
#3706 = FACE_BOUND('',#3707,.T.);
#3707 = EDGE_LOOP('',(#3708,#3709,#3710,#3711));
#3708 = ORIENTED_EDGE('',*,*,#3321,.F.);
#3709 = ORIENTED_EDGE('',*,*,#3401,.T.);
#3710 = ORIENTED_EDGE('',*,*,#3451,.T.);
#3711 = ORIENTED_EDGE('',*,*,#3352,.F.);
#3712 = ADVANCED_FACE('',(#3713),#3514,.T.);
#3713 = FACE_BOUND('',#3714,.F.);
#3714 = EDGE_LOOP('',(#3715));
#3715 = ORIENTED_EDGE('',*,*,#3499,.F.);
#3716 = ADVANCED_FACE('',(#3717,#3720),#3547,.T.);
#3717 = FACE_BOUND('',#3718,.T.);
#3718 = EDGE_LOOP('',(#3719));
#3719 = ORIENTED_EDGE('',*,*,#3530,.T.);
#3720 = FACE_BOUND('',#3721,.T.);
#3721 = EDGE_LOOP('',(#3722));
#3722 = ORIENTED_EDGE('',*,*,#3723,.F.);
#3723 = EDGE_CURVE('',#3724,#3724,#3726,.T.);
#3724 = VERTEX_POINT('',#3725);
#3725 = CARTESIAN_POINT('',(12.55,31.5,0.));
#3726 = SURFACE_CURVE('',#3727,(#3732,#3739),.PCURVE_S1.);
#3727 = CIRCLE('',#3728,0.75);
#3728 = AXIS2_PLACEMENT_3D('',#3729,#3730,#3731);
#3729 = CARTESIAN_POINT('',(11.8,31.5,0.));
#3730 = DIRECTION('',(0.,0.,1.));
#3731 = DIRECTION('',(1.,0.,-0.));
#3732 = PCURVE('',#3547,#3733);
#3733 = DEFINITIONAL_REPRESENTATION('',(#3734),#3738);
#3734 = CIRCLE('',#3735,0.75);
#3735 = AXIS2_PLACEMENT_2D('',#3736,#3737);
#3736 = CARTESIAN_POINT('',(0.,0.));
#3737 = DIRECTION('',(1.,0.));
#3738 = ( GEOMETRIC_REPRESENTATION_CONTEXT(2) 
PARAMETRIC_REPRESENTATION_CONTEXT() REPRESENTATION_CONTEXT('2D SPACE',''
  ) );
#3739 = PCURVE('',#3740,#3745);
#3740 = CYLINDRICAL_SURFACE('',#3741,0.75);
#3741 = AXIS2_PLACEMENT_3D('',#3742,#3743,#3744);
#3742 = CARTESIAN_POINT('',(11.8,31.5,-7.));
#3743 = DIRECTION('',(0.,0.,1.));
#3744 = DIRECTION('',(1.,0.,-0.));
#3745 = DEFINITIONAL_REPRESENTATION('',(#3746),#3750);
#3746 = LINE('',#3747,#3748);
#3747 = CARTESIAN_POINT('',(0.,7.));
#3748 = VECTOR('',#3749,1.);
#3749 = DIRECTION('',(1.,0.));
#3750 = ( GEOMETRIC_REPRESENTATION_CONTEXT(2) 
PARAMETRIC_REPRESENTATION_CONTEXT() REPRESENTATION_CONTEXT('2D SPACE',''
  ) );
#3751 = ADVANCED_FACE('',(#3752),#3605,.F.);
#3752 = FACE_BOUND('',#3753,.F.);
#3753 = EDGE_LOOP('',(#3754,#3755,#3778,#3805));
#3754 = ORIENTED_EDGE('',*,*,#3588,.F.);
#3755 = ORIENTED_EDGE('',*,*,#3756,.F.);
#3756 = EDGE_CURVE('',#3757,#3589,#3759,.T.);
#3757 = VERTEX_POINT('',#3758);
#3758 = CARTESIAN_POINT('',(-11.05,-31.5,-7.));
#3759 = SEAM_CURVE('',#3760,(#3764,#3771),.PCURVE_S1.);
#3760 = LINE('',#3761,#3762);
#3761 = CARTESIAN_POINT('',(-11.05,-31.5,-7.));
#3762 = VECTOR('',#3763,1.);
#3763 = DIRECTION('',(0.,0.,1.));
#3764 = PCURVE('',#3605,#3765);
#3765 = DEFINITIONAL_REPRESENTATION('',(#3766),#3770);
#3766 = LINE('',#3767,#3768);
#3767 = CARTESIAN_POINT('',(6.28318530718,-0.));
#3768 = VECTOR('',#3769,1.);
#3769 = DIRECTION('',(0.,1.));
#3770 = ( GEOMETRIC_REPRESENTATION_CONTEXT(2) 
PARAMETRIC_REPRESENTATION_CONTEXT() REPRESENTATION_CONTEXT('2D SPACE',''
  ) );
#3771 = PCURVE('',#3605,#3772);
#3772 = DEFINITIONAL_REPRESENTATION('',(#3773),#3777);
#3773 = LINE('',#3774,#3775);
#3774 = CARTESIAN_POINT('',(0.,-0.));
#3775 = VECTOR('',#3776,1.);
#3776 = DIRECTION('',(0.,1.));
#3777 = ( GEOMETRIC_REPRESENTATION_CONTEXT(2) 
PARAMETRIC_REPRESENTATION_CONTEXT() REPRESENTATION_CONTEXT('2D SPACE',''
  ) );
#3778 = ORIENTED_EDGE('',*,*,#3779,.T.);
#3779 = EDGE_CURVE('',#3757,#3757,#3780,.T.);
#3780 = SURFACE_CURVE('',#3781,(#3786,#3793),.PCURVE_S1.);
#3781 = CIRCLE('',#3782,0.75);
#3782 = AXIS2_PLACEMENT_3D('',#3783,#3784,#3785);
#3783 = CARTESIAN_POINT('',(-11.8,-31.5,-7.));
#3784 = DIRECTION('',(0.,0.,1.));
#3785 = DIRECTION('',(1.,0.,-0.));
#3786 = PCURVE('',#3605,#3787);
#3787 = DEFINITIONAL_REPRESENTATION('',(#3788),#3792);
#3788 = LINE('',#3789,#3790);
#3789 = CARTESIAN_POINT('',(0.,0.));
#3790 = VECTOR('',#3791,1.);
#3791 = DIRECTION('',(1.,0.));
#3792 = ( GEOMETRIC_REPRESENTATION_CONTEXT(2) 
PARAMETRIC_REPRESENTATION_CONTEXT() REPRESENTATION_CONTEXT('2D SPACE',''
  ) );
#3793 = PCURVE('',#3794,#3799);
#3794 = PLANE('',#3795);
#3795 = AXIS2_PLACEMENT_3D('',#3796,#3797,#3798);
#3796 = CARTESIAN_POINT('',(-11.8,-31.5,-7.));
#3797 = DIRECTION('',(0.,0.,1.));
#3798 = DIRECTION('',(1.,0.,-0.));
#3799 = DEFINITIONAL_REPRESENTATION('',(#3800),#3804);
#3800 = CIRCLE('',#3801,0.75);
#3801 = AXIS2_PLACEMENT_2D('',#3802,#3803);
#3802 = CARTESIAN_POINT('',(0.,0.));
#3803 = DIRECTION('',(1.,0.));
#3804 = ( GEOMETRIC_REPRESENTATION_CONTEXT(2) 
PARAMETRIC_REPRESENTATION_CONTEXT() REPRESENTATION_CONTEXT('2D SPACE',''
  ) );
#3805 = ORIENTED_EDGE('',*,*,#3756,.T.);
#3806 = ADVANCED_FACE('',(#3807),#3651,.F.);
#3807 = FACE_BOUND('',#3808,.F.);
#3808 = EDGE_LOOP('',(#3809,#3810,#3833,#3860));
#3809 = ORIENTED_EDGE('',*,*,#3634,.F.);
#3810 = ORIENTED_EDGE('',*,*,#3811,.F.);
#3811 = EDGE_CURVE('',#3812,#3635,#3814,.T.);
#3812 = VERTEX_POINT('',#3813);
#3813 = CARTESIAN_POINT('',(12.55,-31.5,-7.));
#3814 = SEAM_CURVE('',#3815,(#3819,#3826),.PCURVE_S1.);
#3815 = LINE('',#3816,#3817);
#3816 = CARTESIAN_POINT('',(12.55,-31.5,-7.));
#3817 = VECTOR('',#3818,1.);
#3818 = DIRECTION('',(0.,0.,1.));
#3819 = PCURVE('',#3651,#3820);
#3820 = DEFINITIONAL_REPRESENTATION('',(#3821),#3825);
#3821 = LINE('',#3822,#3823);
#3822 = CARTESIAN_POINT('',(6.28318530718,-0.));
#3823 = VECTOR('',#3824,1.);
#3824 = DIRECTION('',(0.,1.));
#3825 = ( GEOMETRIC_REPRESENTATION_CONTEXT(2) 
PARAMETRIC_REPRESENTATION_CONTEXT() REPRESENTATION_CONTEXT('2D SPACE',''
  ) );
#3826 = PCURVE('',#3651,#3827);
#3827 = DEFINITIONAL_REPRESENTATION('',(#3828),#3832);
#3828 = LINE('',#3829,#3830);
#3829 = CARTESIAN_POINT('',(0.,-0.));
#3830 = VECTOR('',#3831,1.);
#3831 = DIRECTION('',(0.,1.));
#3832 = ( GEOMETRIC_REPRESENTATION_CONTEXT(2) 
PARAMETRIC_REPRESENTATION_CONTEXT() REPRESENTATION_CONTEXT('2D SPACE',''
  ) );
#3833 = ORIENTED_EDGE('',*,*,#3834,.T.);
#3834 = EDGE_CURVE('',#3812,#3812,#3835,.T.);
#3835 = SURFACE_CURVE('',#3836,(#3841,#3848),.PCURVE_S1.);
#3836 = CIRCLE('',#3837,0.75);
#3837 = AXIS2_PLACEMENT_3D('',#3838,#3839,#3840);
#3838 = CARTESIAN_POINT('',(11.8,-31.5,-7.));
#3839 = DIRECTION('',(0.,0.,1.));
#3840 = DIRECTION('',(1.,0.,-0.));
#3841 = PCURVE('',#3651,#3842);
#3842 = DEFINITIONAL_REPRESENTATION('',(#3843),#3847);
#3843 = LINE('',#3844,#3845);
#3844 = CARTESIAN_POINT('',(0.,0.));
#3845 = VECTOR('',#3846,1.);
#3846 = DIRECTION('',(1.,0.));
#3847 = ( GEOMETRIC_REPRESENTATION_CONTEXT(2) 
PARAMETRIC_REPRESENTATION_CONTEXT() REPRESENTATION_CONTEXT('2D SPACE',''
  ) );
#3848 = PCURVE('',#3849,#3854);
#3849 = PLANE('',#3850);
#3850 = AXIS2_PLACEMENT_3D('',#3851,#3852,#3853);
#3851 = CARTESIAN_POINT('',(11.8,-31.5,-7.));
#3852 = DIRECTION('',(0.,0.,1.));
#3853 = DIRECTION('',(1.,0.,-0.));
#3854 = DEFINITIONAL_REPRESENTATION('',(#3855),#3859);
#3855 = CIRCLE('',#3856,0.75);
#3856 = AXIS2_PLACEMENT_2D('',#3857,#3858);
#3857 = CARTESIAN_POINT('',(0.,0.));
#3858 = DIRECTION('',(1.,0.));
#3859 = ( GEOMETRIC_REPRESENTATION_CONTEXT(2) 
PARAMETRIC_REPRESENTATION_CONTEXT() REPRESENTATION_CONTEXT('2D SPACE',''
  ) );
#3860 = ORIENTED_EDGE('',*,*,#3811,.T.);
#3861 = ADVANCED_FACE('',(#3862),#3694,.F.);
#3862 = FACE_BOUND('',#3863,.F.);
#3863 = EDGE_LOOP('',(#3864,#3865,#3888,#3915));
#3864 = ORIENTED_EDGE('',*,*,#3677,.F.);
#3865 = ORIENTED_EDGE('',*,*,#3866,.F.);
#3866 = EDGE_CURVE('',#3867,#3678,#3869,.T.);
#3867 = VERTEX_POINT('',#3868);
#3868 = CARTESIAN_POINT('',(-11.05,31.5,-7.));
#3869 = SEAM_CURVE('',#3870,(#3874,#3881),.PCURVE_S1.);
#3870 = LINE('',#3871,#3872);
#3871 = CARTESIAN_POINT('',(-11.05,31.5,-7.));
#3872 = VECTOR('',#3873,1.);
#3873 = DIRECTION('',(0.,0.,1.));
#3874 = PCURVE('',#3694,#3875);
#3875 = DEFINITIONAL_REPRESENTATION('',(#3876),#3880);
#3876 = LINE('',#3877,#3878);
#3877 = CARTESIAN_POINT('',(6.28318530718,-0.));
#3878 = VECTOR('',#3879,1.);
#3879 = DIRECTION('',(0.,1.));
#3880 = ( GEOMETRIC_REPRESENTATION_CONTEXT(2) 
PARAMETRIC_REPRESENTATION_CONTEXT() REPRESENTATION_CONTEXT('2D SPACE',''
  ) );
#3881 = PCURVE('',#3694,#3882);
#3882 = DEFINITIONAL_REPRESENTATION('',(#3883),#3887);
#3883 = LINE('',#3884,#3885);
#3884 = CARTESIAN_POINT('',(0.,-0.));
#3885 = VECTOR('',#3886,1.);
#3886 = DIRECTION('',(0.,1.));
#3887 = ( GEOMETRIC_REPRESENTATION_CONTEXT(2) 
PARAMETRIC_REPRESENTATION_CONTEXT() REPRESENTATION_CONTEXT('2D SPACE',''
  ) );
#3888 = ORIENTED_EDGE('',*,*,#3889,.T.);
#3889 = EDGE_CURVE('',#3867,#3867,#3890,.T.);
#3890 = SURFACE_CURVE('',#3891,(#3896,#3903),.PCURVE_S1.);
#3891 = CIRCLE('',#3892,0.75);
#3892 = AXIS2_PLACEMENT_3D('',#3893,#3894,#3895);
#3893 = CARTESIAN_POINT('',(-11.8,31.5,-7.));
#3894 = DIRECTION('',(0.,0.,1.));
#3895 = DIRECTION('',(1.,0.,-0.));
#3896 = PCURVE('',#3694,#3897);
#3897 = DEFINITIONAL_REPRESENTATION('',(#3898),#3902);
#3898 = LINE('',#3899,#3900);
#3899 = CARTESIAN_POINT('',(0.,0.));
#3900 = VECTOR('',#3901,1.);
#3901 = DIRECTION('',(1.,0.));
#3902 = ( GEOMETRIC_REPRESENTATION_CONTEXT(2) 
PARAMETRIC_REPRESENTATION_CONTEXT() REPRESENTATION_CONTEXT('2D SPACE',''
  ) );
#3903 = PCURVE('',#3904,#3909);
#3904 = PLANE('',#3905);
#3905 = AXIS2_PLACEMENT_3D('',#3906,#3907,#3908);
#3906 = CARTESIAN_POINT('',(-11.8,31.5,-7.));
#3907 = DIRECTION('',(0.,0.,1.));
#3908 = DIRECTION('',(1.,0.,-0.));
#3909 = DEFINITIONAL_REPRESENTATION('',(#3910),#3914);
#3910 = CIRCLE('',#3911,0.75);
#3911 = AXIS2_PLACEMENT_2D('',#3912,#3913);
#3912 = CARTESIAN_POINT('',(0.,0.));
#3913 = DIRECTION('',(1.,0.));
#3914 = ( GEOMETRIC_REPRESENTATION_CONTEXT(2) 
PARAMETRIC_REPRESENTATION_CONTEXT() REPRESENTATION_CONTEXT('2D SPACE',''
  ) );
#3915 = ORIENTED_EDGE('',*,*,#3866,.T.);
#3916 = ADVANCED_FACE('',(#3917),#3740,.F.);
#3917 = FACE_BOUND('',#3918,.F.);
#3918 = EDGE_LOOP('',(#3919,#3920,#3943,#3970));
#3919 = ORIENTED_EDGE('',*,*,#3723,.F.);
#3920 = ORIENTED_EDGE('',*,*,#3921,.F.);
#3921 = EDGE_CURVE('',#3922,#3724,#3924,.T.);
#3922 = VERTEX_POINT('',#3923);
#3923 = CARTESIAN_POINT('',(12.55,31.5,-7.));
#3924 = SEAM_CURVE('',#3925,(#3929,#3936),.PCURVE_S1.);
#3925 = LINE('',#3926,#3927);
#3926 = CARTESIAN_POINT('',(12.55,31.5,-7.));
#3927 = VECTOR('',#3928,1.);
#3928 = DIRECTION('',(0.,0.,1.));
#3929 = PCURVE('',#3740,#3930);
#3930 = DEFINITIONAL_REPRESENTATION('',(#3931),#3935);
#3931 = LINE('',#3932,#3933);
#3932 = CARTESIAN_POINT('',(6.28318530718,-0.));
#3933 = VECTOR('',#3934,1.);
#3934 = DIRECTION('',(0.,1.));
#3935 = ( GEOMETRIC_REPRESENTATION_CONTEXT(2) 
PARAMETRIC_REPRESENTATION_CONTEXT() REPRESENTATION_CONTEXT('2D SPACE',''
  ) );
#3936 = PCURVE('',#3740,#3937);
#3937 = DEFINITIONAL_REPRESENTATION('',(#3938),#3942);
#3938 = LINE('',#3939,#3940);
#3939 = CARTESIAN_POINT('',(0.,-0.));
#3940 = VECTOR('',#3941,1.);
#3941 = DIRECTION('',(0.,1.));
#3942 = ( GEOMETRIC_REPRESENTATION_CONTEXT(2) 
PARAMETRIC_REPRESENTATION_CONTEXT() REPRESENTATION_CONTEXT('2D SPACE',''
  ) );
#3943 = ORIENTED_EDGE('',*,*,#3944,.T.);
#3944 = EDGE_CURVE('',#3922,#3922,#3945,.T.);
#3945 = SURFACE_CURVE('',#3946,(#3951,#3958),.PCURVE_S1.);
#3946 = CIRCLE('',#3947,0.75);
#3947 = AXIS2_PLACEMENT_3D('',#3948,#3949,#3950);
#3948 = CARTESIAN_POINT('',(11.8,31.5,-7.));
#3949 = DIRECTION('',(0.,0.,1.));
#3950 = DIRECTION('',(1.,0.,-0.));
#3951 = PCURVE('',#3740,#3952);
#3952 = DEFINITIONAL_REPRESENTATION('',(#3953),#3957);
#3953 = LINE('',#3954,#3955);
#3954 = CARTESIAN_POINT('',(0.,0.));
#3955 = VECTOR('',#3956,1.);
#3956 = DIRECTION('',(1.,0.));
#3957 = ( GEOMETRIC_REPRESENTATION_CONTEXT(2) 
PARAMETRIC_REPRESENTATION_CONTEXT() REPRESENTATION_CONTEXT('2D SPACE',''
  ) );
#3958 = PCURVE('',#3959,#3964);
#3959 = PLANE('',#3960);
#3960 = AXIS2_PLACEMENT_3D('',#3961,#3962,#3963);
#3961 = CARTESIAN_POINT('',(11.8,31.5,-7.));
#3962 = DIRECTION('',(0.,0.,1.));
#3963 = DIRECTION('',(1.,0.,-0.));
#3964 = DEFINITIONAL_REPRESENTATION('',(#3965),#3969);
#3965 = CIRCLE('',#3966,0.75);
#3966 = AXIS2_PLACEMENT_2D('',#3967,#3968);
#3967 = CARTESIAN_POINT('',(0.,0.));
#3968 = DIRECTION('',(1.,0.));
#3969 = ( GEOMETRIC_REPRESENTATION_CONTEXT(2) 
PARAMETRIC_REPRESENTATION_CONTEXT() REPRESENTATION_CONTEXT('2D SPACE',''
  ) );
#3970 = ORIENTED_EDGE('',*,*,#3921,.T.);
#3971 = ADVANCED_FACE('',(#3972),#3794,.T.);
#3972 = FACE_BOUND('',#3973,.F.);
#3973 = EDGE_LOOP('',(#3974));
#3974 = ORIENTED_EDGE('',*,*,#3779,.F.);
#3975 = ADVANCED_FACE('',(#3976),#3849,.T.);
#3976 = FACE_BOUND('',#3977,.F.);
#3977 = EDGE_LOOP('',(#3978));
#3978 = ORIENTED_EDGE('',*,*,#3834,.F.);
#3979 = ADVANCED_FACE('',(#3980),#3904,.T.);
#3980 = FACE_BOUND('',#3981,.F.);
#3981 = EDGE_LOOP('',(#3982));
#3982 = ORIENTED_EDGE('',*,*,#3889,.F.);
#3983 = ADVANCED_FACE('',(#3984),#3959,.T.);
#3984 = FACE_BOUND('',#3985,.F.);
#3985 = EDGE_LOOP('',(#3986));
#3986 = ORIENTED_EDGE('',*,*,#3944,.F.);
#3987 = MANIFOLD_SOLID_BREP('',#3988);
#3988 = CLOSED_SHELL('',(#3989,#4109,#4195,#4281,#4655,#6334,#6361,#6388
    ,#6415,#6442,#6449,#6526,#6575,#6625,#6674,#6724,#6773,#6823,#6850,
    #6905,#6960,#7010,#7060,#7110,#7160,#7210,#7260,#7310,#7360,#7410,
    #7460,#7510,#7560,#7610,#7660,#7710,#7760,#7810,#7860,#7910,#7960,
    #8010,#8060,#8110,#8160,#8210,#8260,#8310,#8360,#8410,#8460,#8510,
    #8560,#8610,#8660,#8710,#8760,#8810,#8860,#8910,#8960,#9010,#9060,
    #9110,#9160,#9215,#9270,#9325,#9380,#9897,#9932,#10178,#10213,#10248
    ,#10283,#10318,#10391,#10514,#10560,#10683,#10731,#10785,#10833,
    #10887,#10933,#11033,#11079,#11179,#11227,#11281,#11329,#11361,
    #11411,#11485,#11532,#11678,#11703,#11753,#11803,#11853,#11903,
    #12041,#12048,#12055,#12062,#12069,#12236,#12283,#12330,#12355,
    #12402,#12429,#12456));
#3989 = ADVANCED_FACE('',(#3990),#4004,.T.);
#3990 = FACE_BOUND('',#3991,.T.);
#3991 = EDGE_LOOP('',(#3992,#4027,#4055,#4083));
#3992 = ORIENTED_EDGE('',*,*,#3993,.T.);
#3993 = EDGE_CURVE('',#3994,#3996,#3998,.T.);
#3994 = VERTEX_POINT('',#3995);
#3995 = CARTESIAN_POINT('',(-16.,-33.,11.5));
#3996 = VERTEX_POINT('',#3997);
#3997 = CARTESIAN_POINT('',(-16.,-33.,13.));
#3998 = SURFACE_CURVE('',#3999,(#4003,#4015),.PCURVE_S1.);
#3999 = LINE('',#4000,#4001);
#4000 = CARTESIAN_POINT('',(-16.,-33.,11.5));
#4001 = VECTOR('',#4002,1.);
#4002 = DIRECTION('',(0.,0.,1.));
#4003 = PCURVE('',#4004,#4009);
#4004 = PLANE('',#4005);
#4005 = AXIS2_PLACEMENT_3D('',#4006,#4007,#4008);
#4006 = CARTESIAN_POINT('',(-16.,-33.,11.5));
#4007 = DIRECTION('',(-1.,0.,0.));
#4008 = DIRECTION('',(0.,1.,0.));
#4009 = DEFINITIONAL_REPRESENTATION('',(#4010),#4014);
#4010 = LINE('',#4011,#4012);
#4011 = CARTESIAN_POINT('',(0.,0.));
#4012 = VECTOR('',#4013,1.);
#4013 = DIRECTION('',(0.,-1.));
#4014 = ( GEOMETRIC_REPRESENTATION_CONTEXT(2) 
PARAMETRIC_REPRESENTATION_CONTEXT() REPRESENTATION_CONTEXT('2D SPACE',''
  ) );
#4015 = PCURVE('',#4016,#4021);
#4016 = CYLINDRICAL_SURFACE('',#4017,5.);
#4017 = AXIS2_PLACEMENT_3D('',#4018,#4019,#4020);
#4018 = CARTESIAN_POINT('',(-11.,-33.,11.5));
#4019 = DIRECTION('',(0.,0.,-1.));
#4020 = DIRECTION('',(-1.,0.,0.));
#4021 = DEFINITIONAL_REPRESENTATION('',(#4022),#4026);
#4022 = LINE('',#4023,#4024);
#4023 = CARTESIAN_POINT('',(6.28318530718,0.));
#4024 = VECTOR('',#4025,1.);
#4025 = DIRECTION('',(0.,-1.));
#4026 = ( GEOMETRIC_REPRESENTATION_CONTEXT(2) 
PARAMETRIC_REPRESENTATION_CONTEXT() REPRESENTATION_CONTEXT('2D SPACE',''
  ) );
#4027 = ORIENTED_EDGE('',*,*,#4028,.T.);
#4028 = EDGE_CURVE('',#3996,#4029,#4031,.T.);
#4029 = VERTEX_POINT('',#4030);
#4030 = CARTESIAN_POINT('',(-16.,33.,13.));
#4031 = SURFACE_CURVE('',#4032,(#4036,#4043),.PCURVE_S1.);
#4032 = LINE('',#4033,#4034);
#4033 = CARTESIAN_POINT('',(-16.,0.,13.));
#4034 = VECTOR('',#4035,1.);
#4035 = DIRECTION('',(0.,1.,0.));
#4036 = PCURVE('',#4004,#4037);
#4037 = DEFINITIONAL_REPRESENTATION('',(#4038),#4042);
#4038 = LINE('',#4039,#4040);
#4039 = CARTESIAN_POINT('',(33.,-1.5));
#4040 = VECTOR('',#4041,1.);
#4041 = DIRECTION('',(1.,0.));
#4042 = ( GEOMETRIC_REPRESENTATION_CONTEXT(2) 
PARAMETRIC_REPRESENTATION_CONTEXT() REPRESENTATION_CONTEXT('2D SPACE',''
  ) );
#4043 = PCURVE('',#4044,#4049);
#4044 = PLANE('',#4045);
#4045 = AXIS2_PLACEMENT_3D('',#4046,#4047,#4048);
#4046 = CARTESIAN_POINT('',(-1.802653120241E-08,1.441275091753E-15,13.)
  );
#4047 = DIRECTION('',(0.,0.,1.));
#4048 = DIRECTION('',(1.,0.,-0.));
#4049 = DEFINITIONAL_REPRESENTATION('',(#4050),#4054);
#4050 = LINE('',#4051,#4052);
#4051 = CARTESIAN_POINT('',(-15.99999998197,-1.441275091753E-15));
#4052 = VECTOR('',#4053,1.);
#4053 = DIRECTION('',(0.,1.));
#4054 = ( GEOMETRIC_REPRESENTATION_CONTEXT(2) 
PARAMETRIC_REPRESENTATION_CONTEXT() REPRESENTATION_CONTEXT('2D SPACE',''
  ) );
#4055 = ORIENTED_EDGE('',*,*,#4056,.F.);
#4056 = EDGE_CURVE('',#4057,#4029,#4059,.T.);
#4057 = VERTEX_POINT('',#4058);
#4058 = CARTESIAN_POINT('',(-16.,33.,11.5));
#4059 = SURFACE_CURVE('',#4060,(#4064,#4071),.PCURVE_S1.);
#4060 = LINE('',#4061,#4062);
#4061 = CARTESIAN_POINT('',(-16.,33.,11.5));
#4062 = VECTOR('',#4063,1.);
#4063 = DIRECTION('',(0.,0.,1.));
#4064 = PCURVE('',#4004,#4065);
#4065 = DEFINITIONAL_REPRESENTATION('',(#4066),#4070);
#4066 = LINE('',#4067,#4068);
#4067 = CARTESIAN_POINT('',(66.,0.));
#4068 = VECTOR('',#4069,1.);
#4069 = DIRECTION('',(0.,-1.));
#4070 = ( GEOMETRIC_REPRESENTATION_CONTEXT(2) 
PARAMETRIC_REPRESENTATION_CONTEXT() REPRESENTATION_CONTEXT('2D SPACE',''
  ) );
#4071 = PCURVE('',#4072,#4077);
#4072 = CYLINDRICAL_SURFACE('',#4073,5.);
#4073 = AXIS2_PLACEMENT_3D('',#4074,#4075,#4076);
#4074 = CARTESIAN_POINT('',(-11.,33.,11.5));
#4075 = DIRECTION('',(0.,0.,-1.));
#4076 = DIRECTION('',(-1.,0.,0.));
#4077 = DEFINITIONAL_REPRESENTATION('',(#4078),#4082);
#4078 = LINE('',#4079,#4080);
#4079 = CARTESIAN_POINT('',(0.,0.));
#4080 = VECTOR('',#4081,1.);
#4081 = DIRECTION('',(0.,-1.));
#4082 = ( GEOMETRIC_REPRESENTATION_CONTEXT(2) 
PARAMETRIC_REPRESENTATION_CONTEXT() REPRESENTATION_CONTEXT('2D SPACE',''
  ) );
#4083 = ORIENTED_EDGE('',*,*,#4084,.F.);
#4084 = EDGE_CURVE('',#3994,#4057,#4085,.T.);
#4085 = SURFACE_CURVE('',#4086,(#4090,#4097),.PCURVE_S1.);
#4086 = LINE('',#4087,#4088);
#4087 = CARTESIAN_POINT('',(-16.,0.,11.5));
#4088 = VECTOR('',#4089,1.);
#4089 = DIRECTION('',(0.,1.,0.));
#4090 = PCURVE('',#4004,#4091);
#4091 = DEFINITIONAL_REPRESENTATION('',(#4092),#4096);
#4092 = LINE('',#4093,#4094);
#4093 = CARTESIAN_POINT('',(33.,0.));
#4094 = VECTOR('',#4095,1.);
#4095 = DIRECTION('',(1.,0.));
#4096 = ( GEOMETRIC_REPRESENTATION_CONTEXT(2) 
PARAMETRIC_REPRESENTATION_CONTEXT() REPRESENTATION_CONTEXT('2D SPACE',''
  ) );
#4097 = PCURVE('',#4098,#4103);
#4098 = PLANE('',#4099);
#4099 = AXIS2_PLACEMENT_3D('',#4100,#4101,#4102);
#4100 = CARTESIAN_POINT('',(-1.802653120241E-08,1.441275091753E-15,11.5)
  );
#4101 = DIRECTION('',(0.,0.,1.));
#4102 = DIRECTION('',(1.,0.,-0.));
#4103 = DEFINITIONAL_REPRESENTATION('',(#4104),#4108);
#4104 = LINE('',#4105,#4106);
#4105 = CARTESIAN_POINT('',(-15.99999998197,-1.441275091753E-15));
#4106 = VECTOR('',#4107,1.);
#4107 = DIRECTION('',(0.,1.));
#4108 = ( GEOMETRIC_REPRESENTATION_CONTEXT(2) 
PARAMETRIC_REPRESENTATION_CONTEXT() REPRESENTATION_CONTEXT('2D SPACE',''
  ) );
#4109 = ADVANCED_FACE('',(#4110),#4016,.T.);
#4110 = FACE_BOUND('',#4111,.T.);
#4111 = EDGE_LOOP('',(#4112,#4142,#4168,#4169));
#4112 = ORIENTED_EDGE('',*,*,#4113,.T.);
#4113 = EDGE_CURVE('',#4114,#4116,#4118,.T.);
#4114 = VERTEX_POINT('',#4115);
#4115 = CARTESIAN_POINT('',(-11.,-38.,11.5));
#4116 = VERTEX_POINT('',#4117);
#4117 = CARTESIAN_POINT('',(-11.,-38.,13.));
#4118 = SURFACE_CURVE('',#4119,(#4123,#4130),.PCURVE_S1.);
#4119 = LINE('',#4120,#4121);
#4120 = CARTESIAN_POINT('',(-11.,-38.,11.5));
#4121 = VECTOR('',#4122,1.);
#4122 = DIRECTION('',(0.,0.,1.));
#4123 = PCURVE('',#4016,#4124);
#4124 = DEFINITIONAL_REPRESENTATION('',(#4125),#4129);
#4125 = LINE('',#4126,#4127);
#4126 = CARTESIAN_POINT('',(4.712388980385,0.));
#4127 = VECTOR('',#4128,1.);
#4128 = DIRECTION('',(0.,-1.));
#4129 = ( GEOMETRIC_REPRESENTATION_CONTEXT(2) 
PARAMETRIC_REPRESENTATION_CONTEXT() REPRESENTATION_CONTEXT('2D SPACE',''
  ) );
#4130 = PCURVE('',#4131,#4136);
#4131 = PLANE('',#4132);
#4132 = AXIS2_PLACEMENT_3D('',#4133,#4134,#4135);
#4133 = CARTESIAN_POINT('',(-11.,-38.,11.5));
#4134 = DIRECTION('',(0.,1.,0.));
#4135 = DIRECTION('',(1.,0.,0.));
#4136 = DEFINITIONAL_REPRESENTATION('',(#4137),#4141);
#4137 = LINE('',#4138,#4139);
#4138 = CARTESIAN_POINT('',(0.,0.));
#4139 = VECTOR('',#4140,1.);
#4140 = DIRECTION('',(0.,-1.));
#4141 = ( GEOMETRIC_REPRESENTATION_CONTEXT(2) 
PARAMETRIC_REPRESENTATION_CONTEXT() REPRESENTATION_CONTEXT('2D SPACE',''
  ) );
#4142 = ORIENTED_EDGE('',*,*,#4143,.T.);
#4143 = EDGE_CURVE('',#4116,#3996,#4144,.T.);
#4144 = SURFACE_CURVE('',#4145,(#4150,#4157),.PCURVE_S1.);
#4145 = CIRCLE('',#4146,5.);
#4146 = AXIS2_PLACEMENT_3D('',#4147,#4148,#4149);
#4147 = CARTESIAN_POINT('',(-11.,-33.,13.));
#4148 = DIRECTION('',(0.,0.,-1.));
#4149 = DIRECTION('',(-1.,0.,0.));
#4150 = PCURVE('',#4016,#4151);
#4151 = DEFINITIONAL_REPRESENTATION('',(#4152),#4156);
#4152 = LINE('',#4153,#4154);
#4153 = CARTESIAN_POINT('',(0.,-1.5));
#4154 = VECTOR('',#4155,1.);
#4155 = DIRECTION('',(1.,0.));
#4156 = ( GEOMETRIC_REPRESENTATION_CONTEXT(2) 
PARAMETRIC_REPRESENTATION_CONTEXT() REPRESENTATION_CONTEXT('2D SPACE',''
  ) );
#4157 = PCURVE('',#4044,#4158);
#4158 = DEFINITIONAL_REPRESENTATION('',(#4159),#4167);
#4159 = ( BOUNDED_CURVE() B_SPLINE_CURVE(2,(#4160,#4161,#4162,#4163,
#4164,#4165,#4166),.UNSPECIFIED.,.T.,.F.) B_SPLINE_CURVE_WITH_KNOTS((1,2
    ,2,2,2,1),(-2.094395102393,0.,2.094395102393,4.188790204786,
6.28318530718,8.377580409573),.UNSPECIFIED.) CURVE() 
GEOMETRIC_REPRESENTATION_ITEM() RATIONAL_B_SPLINE_CURVE((1.,0.5,1.,0.5,
1.,0.5,1.)) REPRESENTATION_ITEM('') );
#4160 = CARTESIAN_POINT('',(-15.99999998197,-33.));
#4161 = CARTESIAN_POINT('',(-15.99999998197,-24.33974596215));
#4162 = CARTESIAN_POINT('',(-8.499999981974,-28.66987298107));
#4163 = CARTESIAN_POINT('',(-0.999999981974,-33.));
#4164 = CARTESIAN_POINT('',(-8.499999981974,-37.33012701892));
#4165 = CARTESIAN_POINT('',(-15.99999998197,-41.66025403784));
#4166 = CARTESIAN_POINT('',(-15.99999998197,-33.));
#4167 = ( GEOMETRIC_REPRESENTATION_CONTEXT(2) 
PARAMETRIC_REPRESENTATION_CONTEXT() REPRESENTATION_CONTEXT('2D SPACE',''
  ) );
#4168 = ORIENTED_EDGE('',*,*,#3993,.F.);
#4169 = ORIENTED_EDGE('',*,*,#4170,.F.);
#4170 = EDGE_CURVE('',#4114,#3994,#4171,.T.);
#4171 = SURFACE_CURVE('',#4172,(#4177,#4184),.PCURVE_S1.);
#4172 = CIRCLE('',#4173,5.);
#4173 = AXIS2_PLACEMENT_3D('',#4174,#4175,#4176);
#4174 = CARTESIAN_POINT('',(-11.,-33.,11.5));
#4175 = DIRECTION('',(0.,0.,-1.));
#4176 = DIRECTION('',(-1.,0.,0.));
#4177 = PCURVE('',#4016,#4178);
#4178 = DEFINITIONAL_REPRESENTATION('',(#4179),#4183);
#4179 = LINE('',#4180,#4181);
#4180 = CARTESIAN_POINT('',(0.,0.));
#4181 = VECTOR('',#4182,1.);
#4182 = DIRECTION('',(1.,0.));
#4183 = ( GEOMETRIC_REPRESENTATION_CONTEXT(2) 
PARAMETRIC_REPRESENTATION_CONTEXT() REPRESENTATION_CONTEXT('2D SPACE',''
  ) );
#4184 = PCURVE('',#4098,#4185);
#4185 = DEFINITIONAL_REPRESENTATION('',(#4186),#4194);
#4186 = ( BOUNDED_CURVE() B_SPLINE_CURVE(2,(#4187,#4188,#4189,#4190,
#4191,#4192,#4193),.UNSPECIFIED.,.T.,.F.) B_SPLINE_CURVE_WITH_KNOTS((1,2
    ,2,2,2,1),(-2.094395102393,0.,2.094395102393,4.188790204786,
6.28318530718,8.377580409573),.UNSPECIFIED.) CURVE() 
GEOMETRIC_REPRESENTATION_ITEM() RATIONAL_B_SPLINE_CURVE((1.,0.5,1.,0.5,
1.,0.5,1.)) REPRESENTATION_ITEM('') );
#4187 = CARTESIAN_POINT('',(-15.99999998197,-33.));
#4188 = CARTESIAN_POINT('',(-15.99999998197,-24.33974596215));
#4189 = CARTESIAN_POINT('',(-8.499999981974,-28.66987298107));
#4190 = CARTESIAN_POINT('',(-0.999999981974,-33.));
#4191 = CARTESIAN_POINT('',(-8.499999981974,-37.33012701892));
#4192 = CARTESIAN_POINT('',(-15.99999998197,-41.66025403784));
#4193 = CARTESIAN_POINT('',(-15.99999998197,-33.));
#4194 = ( GEOMETRIC_REPRESENTATION_CONTEXT(2) 
PARAMETRIC_REPRESENTATION_CONTEXT() REPRESENTATION_CONTEXT('2D SPACE',''
  ) );
#4195 = ADVANCED_FACE('',(#4196),#4072,.T.);
#4196 = FACE_BOUND('',#4197,.T.);
#4197 = EDGE_LOOP('',(#4198,#4199,#4227,#4255));
#4198 = ORIENTED_EDGE('',*,*,#4056,.T.);
#4199 = ORIENTED_EDGE('',*,*,#4200,.T.);
#4200 = EDGE_CURVE('',#4029,#4201,#4203,.T.);
#4201 = VERTEX_POINT('',#4202);
#4202 = CARTESIAN_POINT('',(-11.,38.,13.));
#4203 = SURFACE_CURVE('',#4204,(#4209,#4216),.PCURVE_S1.);
#4204 = CIRCLE('',#4205,5.);
#4205 = AXIS2_PLACEMENT_3D('',#4206,#4207,#4208);
#4206 = CARTESIAN_POINT('',(-11.,33.,13.));
#4207 = DIRECTION('',(0.,0.,-1.));
#4208 = DIRECTION('',(-1.,0.,0.));
#4209 = PCURVE('',#4072,#4210);
#4210 = DEFINITIONAL_REPRESENTATION('',(#4211),#4215);
#4211 = LINE('',#4212,#4213);
#4212 = CARTESIAN_POINT('',(0.,-1.5));
#4213 = VECTOR('',#4214,1.);
#4214 = DIRECTION('',(1.,0.));
#4215 = ( GEOMETRIC_REPRESENTATION_CONTEXT(2) 
PARAMETRIC_REPRESENTATION_CONTEXT() REPRESENTATION_CONTEXT('2D SPACE',''
  ) );
#4216 = PCURVE('',#4044,#4217);
#4217 = DEFINITIONAL_REPRESENTATION('',(#4218),#4226);
#4218 = ( BOUNDED_CURVE() B_SPLINE_CURVE(2,(#4219,#4220,#4221,#4222,
#4223,#4224,#4225),.UNSPECIFIED.,.T.,.F.) B_SPLINE_CURVE_WITH_KNOTS((1,2
    ,2,2,2,1),(-2.094395102393,0.,2.094395102393,4.188790204786,
6.28318530718,8.377580409573),.UNSPECIFIED.) CURVE() 
GEOMETRIC_REPRESENTATION_ITEM() RATIONAL_B_SPLINE_CURVE((1.,0.5,1.,0.5,
1.,0.5,1.)) REPRESENTATION_ITEM('') );
#4219 = CARTESIAN_POINT('',(-15.99999998197,33.));
#4220 = CARTESIAN_POINT('',(-15.99999998197,41.660254037844));
#4221 = CARTESIAN_POINT('',(-8.499999981974,37.330127018922));
#4222 = CARTESIAN_POINT('',(-0.999999981974,33.));
#4223 = CARTESIAN_POINT('',(-8.499999981974,28.669872981078));
#4224 = CARTESIAN_POINT('',(-15.99999998197,24.339745962156));
#4225 = CARTESIAN_POINT('',(-15.99999998197,33.));
#4226 = ( GEOMETRIC_REPRESENTATION_CONTEXT(2) 
PARAMETRIC_REPRESENTATION_CONTEXT() REPRESENTATION_CONTEXT('2D SPACE',''
  ) );
#4227 = ORIENTED_EDGE('',*,*,#4228,.F.);
#4228 = EDGE_CURVE('',#4229,#4201,#4231,.T.);
#4229 = VERTEX_POINT('',#4230);
#4230 = CARTESIAN_POINT('',(-11.,38.,11.5));
#4231 = SURFACE_CURVE('',#4232,(#4236,#4243),.PCURVE_S1.);
#4232 = LINE('',#4233,#4234);
#4233 = CARTESIAN_POINT('',(-11.,38.,11.5));
#4234 = VECTOR('',#4235,1.);
#4235 = DIRECTION('',(0.,0.,1.));
#4236 = PCURVE('',#4072,#4237);
#4237 = DEFINITIONAL_REPRESENTATION('',(#4238),#4242);
#4238 = LINE('',#4239,#4240);
#4239 = CARTESIAN_POINT('',(1.570796326795,0.));
#4240 = VECTOR('',#4241,1.);
#4241 = DIRECTION('',(0.,-1.));
#4242 = ( GEOMETRIC_REPRESENTATION_CONTEXT(2) 
PARAMETRIC_REPRESENTATION_CONTEXT() REPRESENTATION_CONTEXT('2D SPACE',''
  ) );
#4243 = PCURVE('',#4244,#4249);
#4244 = PLANE('',#4245);
#4245 = AXIS2_PLACEMENT_3D('',#4246,#4247,#4248);
#4246 = CARTESIAN_POINT('',(-11.,38.,11.5));
#4247 = DIRECTION('',(0.,1.,0.));
#4248 = DIRECTION('',(1.,0.,0.));
#4249 = DEFINITIONAL_REPRESENTATION('',(#4250),#4254);
#4250 = LINE('',#4251,#4252);
#4251 = CARTESIAN_POINT('',(0.,0.));
#4252 = VECTOR('',#4253,1.);
#4253 = DIRECTION('',(0.,-1.));
#4254 = ( GEOMETRIC_REPRESENTATION_CONTEXT(2) 
PARAMETRIC_REPRESENTATION_CONTEXT() REPRESENTATION_CONTEXT('2D SPACE',''
  ) );
#4255 = ORIENTED_EDGE('',*,*,#4256,.F.);
#4256 = EDGE_CURVE('',#4057,#4229,#4257,.T.);
#4257 = SURFACE_CURVE('',#4258,(#4263,#4270),.PCURVE_S1.);
#4258 = CIRCLE('',#4259,5.);
#4259 = AXIS2_PLACEMENT_3D('',#4260,#4261,#4262);
#4260 = CARTESIAN_POINT('',(-11.,33.,11.5));
#4261 = DIRECTION('',(0.,0.,-1.));
#4262 = DIRECTION('',(-1.,0.,0.));
#4263 = PCURVE('',#4072,#4264);
#4264 = DEFINITIONAL_REPRESENTATION('',(#4265),#4269);
#4265 = LINE('',#4266,#4267);
#4266 = CARTESIAN_POINT('',(0.,0.));
#4267 = VECTOR('',#4268,1.);
#4268 = DIRECTION('',(1.,0.));
#4269 = ( GEOMETRIC_REPRESENTATION_CONTEXT(2) 
PARAMETRIC_REPRESENTATION_CONTEXT() REPRESENTATION_CONTEXT('2D SPACE',''
  ) );
#4270 = PCURVE('',#4098,#4271);
#4271 = DEFINITIONAL_REPRESENTATION('',(#4272),#4280);
#4272 = ( BOUNDED_CURVE() B_SPLINE_CURVE(2,(#4273,#4274,#4275,#4276,
#4277,#4278,#4279),.UNSPECIFIED.,.T.,.F.) B_SPLINE_CURVE_WITH_KNOTS((1,2
    ,2,2,2,1),(-2.094395102393,0.,2.094395102393,4.188790204786,
6.28318530718,8.377580409573),.UNSPECIFIED.) CURVE() 
GEOMETRIC_REPRESENTATION_ITEM() RATIONAL_B_SPLINE_CURVE((1.,0.5,1.,0.5,
1.,0.5,1.)) REPRESENTATION_ITEM('') );
#4273 = CARTESIAN_POINT('',(-15.99999998197,33.));
#4274 = CARTESIAN_POINT('',(-15.99999998197,41.660254037844));
#4275 = CARTESIAN_POINT('',(-8.499999981974,37.330127018922));
#4276 = CARTESIAN_POINT('',(-0.999999981974,33.));
#4277 = CARTESIAN_POINT('',(-8.499999981974,28.669872981078));
#4278 = CARTESIAN_POINT('',(-15.99999998197,24.339745962156));
#4279 = CARTESIAN_POINT('',(-15.99999998197,33.));
#4280 = ( GEOMETRIC_REPRESENTATION_CONTEXT(2) 
PARAMETRIC_REPRESENTATION_CONTEXT() REPRESENTATION_CONTEXT('2D SPACE',''
  ) );
#4281 = ADVANCED_FACE('',(#4282,#4425),#4098,.F.);
#4282 = FACE_BOUND('',#4283,.F.);
#4283 = EDGE_LOOP('',(#4284,#4285,#4286,#4309,#4342,#4370,#4403,#4424));
#4284 = ORIENTED_EDGE('',*,*,#4084,.F.);
#4285 = ORIENTED_EDGE('',*,*,#4170,.F.);
#4286 = ORIENTED_EDGE('',*,*,#4287,.T.);
#4287 = EDGE_CURVE('',#4114,#4288,#4290,.T.);
#4288 = VERTEX_POINT('',#4289);
#4289 = CARTESIAN_POINT('',(10.999999900543,-38.,11.5));
#4290 = SURFACE_CURVE('',#4291,(#4295,#4302),.PCURVE_S1.);
#4291 = LINE('',#4292,#4293);
#4292 = CARTESIAN_POINT('',(3.552713678801E-14,-38.,11.5));
#4293 = VECTOR('',#4294,1.);
#4294 = DIRECTION('',(1.,0.,0.));
#4295 = PCURVE('',#4098,#4296);
#4296 = DEFINITIONAL_REPRESENTATION('',(#4297),#4301);
#4297 = LINE('',#4298,#4299);
#4298 = CARTESIAN_POINT('',(1.802656672955E-08,-38.));
#4299 = VECTOR('',#4300,1.);
#4300 = DIRECTION('',(1.,0.));
#4301 = ( GEOMETRIC_REPRESENTATION_CONTEXT(2) 
PARAMETRIC_REPRESENTATION_CONTEXT() REPRESENTATION_CONTEXT('2D SPACE',''
  ) );
#4302 = PCURVE('',#4131,#4303);
#4303 = DEFINITIONAL_REPRESENTATION('',(#4304),#4308);
#4304 = LINE('',#4305,#4306);
#4305 = CARTESIAN_POINT('',(11.,0.));
#4306 = VECTOR('',#4307,1.);
#4307 = DIRECTION('',(1.,0.));
#4308 = ( GEOMETRIC_REPRESENTATION_CONTEXT(2) 
PARAMETRIC_REPRESENTATION_CONTEXT() REPRESENTATION_CONTEXT('2D SPACE',''
  ) );
#4309 = ORIENTED_EDGE('',*,*,#4310,.F.);
#4310 = EDGE_CURVE('',#4311,#4288,#4313,.T.);
#4311 = VERTEX_POINT('',#4312);
#4312 = CARTESIAN_POINT('',(15.999999950271,-33.,11.5));
#4313 = SURFACE_CURVE('',#4314,(#4319,#4330),.PCURVE_S1.);
#4314 = CIRCLE('',#4315,5.);
#4315 = AXIS2_PLACEMENT_3D('',#4316,#4317,#4318);
#4316 = CARTESIAN_POINT('',(10.999999900543,-33.,11.5));
#4317 = DIRECTION('',(0.,0.,-1.));
#4318 = DIRECTION('',(-1.,0.,0.));
#4319 = PCURVE('',#4098,#4320);
#4320 = DEFINITIONAL_REPRESENTATION('',(#4321),#4329);
#4321 = ( BOUNDED_CURVE() B_SPLINE_CURVE(2,(#4322,#4323,#4324,#4325,
#4326,#4327,#4328),.UNSPECIFIED.,.T.,.F.) B_SPLINE_CURVE_WITH_KNOTS((1,2
    ,2,2,2,1),(-2.094395102393,0.,2.094395102393,4.188790204786,
6.28318530718,8.377580409573),.UNSPECIFIED.) CURVE() 
GEOMETRIC_REPRESENTATION_ITEM() RATIONAL_B_SPLINE_CURVE((1.,0.5,1.,0.5,
1.,0.5,1.)) REPRESENTATION_ITEM('') );
#4322 = CARTESIAN_POINT('',(5.999999918569,-33.));
#4323 = CARTESIAN_POINT('',(5.999999918569,-24.33974596215));
#4324 = CARTESIAN_POINT('',(13.499999918569,-28.66987298107));
#4325 = CARTESIAN_POINT('',(20.999999918569,-33.));
#4326 = CARTESIAN_POINT('',(13.499999918569,-37.33012701892));
#4327 = CARTESIAN_POINT('',(5.999999918569,-41.66025403784));
#4328 = CARTESIAN_POINT('',(5.999999918569,-33.));
#4329 = ( GEOMETRIC_REPRESENTATION_CONTEXT(2) 
PARAMETRIC_REPRESENTATION_CONTEXT() REPRESENTATION_CONTEXT('2D SPACE',''
  ) );
#4330 = PCURVE('',#4331,#4336);
#4331 = CYLINDRICAL_SURFACE('',#4332,5.);
#4332 = AXIS2_PLACEMENT_3D('',#4333,#4334,#4335);
#4333 = CARTESIAN_POINT('',(10.999999900543,-33.,11.5));
#4334 = DIRECTION('',(0.,0.,-1.));
#4335 = DIRECTION('',(-1.,0.,0.));
#4336 = DEFINITIONAL_REPRESENTATION('',(#4337),#4341);
#4337 = LINE('',#4338,#4339);
#4338 = CARTESIAN_POINT('',(0.,0.));
#4339 = VECTOR('',#4340,1.);
#4340 = DIRECTION('',(1.,0.));
#4341 = ( GEOMETRIC_REPRESENTATION_CONTEXT(2) 
PARAMETRIC_REPRESENTATION_CONTEXT() REPRESENTATION_CONTEXT('2D SPACE',''
  ) );
#4342 = ORIENTED_EDGE('',*,*,#4343,.T.);
#4343 = EDGE_CURVE('',#4311,#4344,#4346,.T.);
#4344 = VERTEX_POINT('',#4345);
#4345 = CARTESIAN_POINT('',(15.999999950271,33.,11.5));
#4346 = SURFACE_CURVE('',#4347,(#4351,#4358),.PCURVE_S1.);
#4347 = LINE('',#4348,#4349);
#4348 = CARTESIAN_POINT('',(16.,0.,11.5));
#4349 = VECTOR('',#4350,1.);
#4350 = DIRECTION('',(0.,1.,0.));
#4351 = PCURVE('',#4098,#4352);
#4352 = DEFINITIONAL_REPRESENTATION('',(#4353),#4357);
#4353 = LINE('',#4354,#4355);
#4354 = CARTESIAN_POINT('',(16.000000018027,-1.441275091753E-15));
#4355 = VECTOR('',#4356,1.);
#4356 = DIRECTION('',(0.,1.));
#4357 = ( GEOMETRIC_REPRESENTATION_CONTEXT(2) 
PARAMETRIC_REPRESENTATION_CONTEXT() REPRESENTATION_CONTEXT('2D SPACE',''
  ) );
#4358 = PCURVE('',#4359,#4364);
#4359 = PLANE('',#4360);
#4360 = AXIS2_PLACEMENT_3D('',#4361,#4362,#4363);
#4361 = CARTESIAN_POINT('',(16.,-33.,11.5));
#4362 = DIRECTION('',(-1.,0.,0.));
#4363 = DIRECTION('',(0.,1.,0.));
#4364 = DEFINITIONAL_REPRESENTATION('',(#4365),#4369);
#4365 = LINE('',#4366,#4367);
#4366 = CARTESIAN_POINT('',(33.,0.));
#4367 = VECTOR('',#4368,1.);
#4368 = DIRECTION('',(1.,0.));
#4369 = ( GEOMETRIC_REPRESENTATION_CONTEXT(2) 
PARAMETRIC_REPRESENTATION_CONTEXT() REPRESENTATION_CONTEXT('2D SPACE',''
  ) );
#4370 = ORIENTED_EDGE('',*,*,#4371,.F.);
#4371 = EDGE_CURVE('',#4372,#4344,#4374,.T.);
#4372 = VERTEX_POINT('',#4373);
#4373 = CARTESIAN_POINT('',(10.999999900543,38.,11.5));
#4374 = SURFACE_CURVE('',#4375,(#4380,#4391),.PCURVE_S1.);
#4375 = CIRCLE('',#4376,5.);
#4376 = AXIS2_PLACEMENT_3D('',#4377,#4378,#4379);
#4377 = CARTESIAN_POINT('',(10.999999900543,33.,11.5));
#4378 = DIRECTION('',(0.,0.,-1.));
#4379 = DIRECTION('',(-1.,0.,0.));
#4380 = PCURVE('',#4098,#4381);
#4381 = DEFINITIONAL_REPRESENTATION('',(#4382),#4390);
#4382 = ( BOUNDED_CURVE() B_SPLINE_CURVE(2,(#4383,#4384,#4385,#4386,
#4387,#4388,#4389),.UNSPECIFIED.,.T.,.F.) B_SPLINE_CURVE_WITH_KNOTS((1,2
    ,2,2,2,1),(-2.094395102393,0.,2.094395102393,4.188790204786,
6.28318530718,8.377580409573),.UNSPECIFIED.) CURVE() 
GEOMETRIC_REPRESENTATION_ITEM() RATIONAL_B_SPLINE_CURVE((1.,0.5,1.,0.5,
1.,0.5,1.)) REPRESENTATION_ITEM('') );
#4383 = CARTESIAN_POINT('',(5.999999918569,33.));
#4384 = CARTESIAN_POINT('',(5.999999918569,41.660254037844));
#4385 = CARTESIAN_POINT('',(13.499999918569,37.330127018922));
#4386 = CARTESIAN_POINT('',(20.999999918569,33.));
#4387 = CARTESIAN_POINT('',(13.499999918569,28.669872981078));
#4388 = CARTESIAN_POINT('',(5.999999918569,24.339745962156));
#4389 = CARTESIAN_POINT('',(5.999999918569,33.));
#4390 = ( GEOMETRIC_REPRESENTATION_CONTEXT(2) 
PARAMETRIC_REPRESENTATION_CONTEXT() REPRESENTATION_CONTEXT('2D SPACE',''
  ) );
#4391 = PCURVE('',#4392,#4397);
#4392 = CYLINDRICAL_SURFACE('',#4393,5.);
#4393 = AXIS2_PLACEMENT_3D('',#4394,#4395,#4396);
#4394 = CARTESIAN_POINT('',(10.999999900543,33.,11.5));
#4395 = DIRECTION('',(0.,0.,-1.));
#4396 = DIRECTION('',(-1.,0.,0.));
#4397 = DEFINITIONAL_REPRESENTATION('',(#4398),#4402);
#4398 = LINE('',#4399,#4400);
#4399 = CARTESIAN_POINT('',(0.,0.));
#4400 = VECTOR('',#4401,1.);
#4401 = DIRECTION('',(1.,0.));
#4402 = ( GEOMETRIC_REPRESENTATION_CONTEXT(2) 
PARAMETRIC_REPRESENTATION_CONTEXT() REPRESENTATION_CONTEXT('2D SPACE',''
  ) );
#4403 = ORIENTED_EDGE('',*,*,#4404,.F.);
#4404 = EDGE_CURVE('',#4229,#4372,#4405,.T.);
#4405 = SURFACE_CURVE('',#4406,(#4410,#4417),.PCURVE_S1.);
#4406 = LINE('',#4407,#4408);
#4407 = CARTESIAN_POINT('',(3.552713678801E-14,38.,11.5));
#4408 = VECTOR('',#4409,1.);
#4409 = DIRECTION('',(1.,0.,0.));
#4410 = PCURVE('',#4098,#4411);
#4411 = DEFINITIONAL_REPRESENTATION('',(#4412),#4416);
#4412 = LINE('',#4413,#4414);
#4413 = CARTESIAN_POINT('',(1.802656672955E-08,38.));
#4414 = VECTOR('',#4415,1.);
#4415 = DIRECTION('',(1.,0.));
#4416 = ( GEOMETRIC_REPRESENTATION_CONTEXT(2) 
PARAMETRIC_REPRESENTATION_CONTEXT() REPRESENTATION_CONTEXT('2D SPACE',''
  ) );
#4417 = PCURVE('',#4244,#4418);
#4418 = DEFINITIONAL_REPRESENTATION('',(#4419),#4423);
#4419 = LINE('',#4420,#4421);
#4420 = CARTESIAN_POINT('',(11.,0.));
#4421 = VECTOR('',#4422,1.);
#4422 = DIRECTION('',(1.,0.));
#4423 = ( GEOMETRIC_REPRESENTATION_CONTEXT(2) 
PARAMETRIC_REPRESENTATION_CONTEXT() REPRESENTATION_CONTEXT('2D SPACE',''
  ) );
#4424 = ORIENTED_EDGE('',*,*,#4256,.F.);
#4425 = FACE_BOUND('',#4426,.F.);
#4426 = EDGE_LOOP('',(#4427,#4458,#4486,#4515,#4543,#4572,#4600,#4629));
#4427 = ORIENTED_EDGE('',*,*,#4428,.F.);
#4428 = EDGE_CURVE('',#4429,#4431,#4433,.T.);
#4429 = VERTEX_POINT('',#4430);
#4430 = CARTESIAN_POINT('',(-14.25,-33.,11.5));
#4431 = VERTEX_POINT('',#4432);
#4432 = CARTESIAN_POINT('',(-11.,-36.25,11.5));
#4433 = SURFACE_CURVE('',#4434,(#4439,#4446),.PCURVE_S1.);
#4434 = CIRCLE('',#4435,3.25);
#4435 = AXIS2_PLACEMENT_3D('',#4436,#4437,#4438);
#4436 = CARTESIAN_POINT('',(-11.,-33.,11.5));
#4437 = DIRECTION('',(0.,0.,1.));
#4438 = DIRECTION('',(1.,0.,0.));
#4439 = PCURVE('',#4098,#4440);
#4440 = DEFINITIONAL_REPRESENTATION('',(#4441),#4445);
#4441 = CIRCLE('',#4442,3.25);
#4442 = AXIS2_PLACEMENT_2D('',#4443,#4444);
#4443 = CARTESIAN_POINT('',(-10.99999998197,-33.));
#4444 = DIRECTION('',(1.,0.));
#4445 = ( GEOMETRIC_REPRESENTATION_CONTEXT(2) 
PARAMETRIC_REPRESENTATION_CONTEXT() REPRESENTATION_CONTEXT('2D SPACE',''
  ) );
#4446 = PCURVE('',#4447,#4452);
#4447 = CYLINDRICAL_SURFACE('',#4448,3.25);
#4448 = AXIS2_PLACEMENT_3D('',#4449,#4450,#4451);
#4449 = CARTESIAN_POINT('',(-11.,-33.,9.9));
#4450 = DIRECTION('',(-0.,-0.,-1.));
#4451 = DIRECTION('',(1.,0.,0.));
#4452 = DEFINITIONAL_REPRESENTATION('',(#4453),#4457);
#4453 = LINE('',#4454,#4455);
#4454 = CARTESIAN_POINT('',(-0.,-1.6));
#4455 = VECTOR('',#4456,1.);
#4456 = DIRECTION('',(-1.,0.));
#4457 = ( GEOMETRIC_REPRESENTATION_CONTEXT(2) 
PARAMETRIC_REPRESENTATION_CONTEXT() REPRESENTATION_CONTEXT('2D SPACE',''
  ) );
#4458 = ORIENTED_EDGE('',*,*,#4459,.T.);
#4459 = EDGE_CURVE('',#4429,#4460,#4462,.T.);
#4460 = VERTEX_POINT('',#4461);
#4461 = CARTESIAN_POINT('',(-14.25,33.,11.5));
#4462 = SURFACE_CURVE('',#4463,(#4467,#4474),.PCURVE_S1.);
#4463 = LINE('',#4464,#4465);
#4464 = CARTESIAN_POINT('',(-14.25,0.,11.5));
#4465 = VECTOR('',#4466,1.);
#4466 = DIRECTION('',(0.,1.,0.));
#4467 = PCURVE('',#4098,#4468);
#4468 = DEFINITIONAL_REPRESENTATION('',(#4469),#4473);
#4469 = LINE('',#4470,#4471);
#4470 = CARTESIAN_POINT('',(-14.24999998197,-1.441275091753E-15));
#4471 = VECTOR('',#4472,1.);
#4472 = DIRECTION('',(0.,1.));
#4473 = ( GEOMETRIC_REPRESENTATION_CONTEXT(2) 
PARAMETRIC_REPRESENTATION_CONTEXT() REPRESENTATION_CONTEXT('2D SPACE',''
  ) );
#4474 = PCURVE('',#4475,#4480);
#4475 = PLANE('',#4476);
#4476 = AXIS2_PLACEMENT_3D('',#4477,#4478,#4479);
#4477 = CARTESIAN_POINT('',(-14.25,-33.,9.9));
#4478 = DIRECTION('',(-1.,0.,0.));
#4479 = DIRECTION('',(0.,1.,0.));
#4480 = DEFINITIONAL_REPRESENTATION('',(#4481),#4485);
#4481 = LINE('',#4482,#4483);
#4482 = CARTESIAN_POINT('',(33.,-1.6));
#4483 = VECTOR('',#4484,1.);
#4484 = DIRECTION('',(1.,0.));
#4485 = ( GEOMETRIC_REPRESENTATION_CONTEXT(2) 
PARAMETRIC_REPRESENTATION_CONTEXT() REPRESENTATION_CONTEXT('2D SPACE',''
  ) );
#4486 = ORIENTED_EDGE('',*,*,#4487,.F.);
#4487 = EDGE_CURVE('',#4488,#4460,#4490,.T.);
#4488 = VERTEX_POINT('',#4489);
#4489 = CARTESIAN_POINT('',(-11.,36.25,11.5));
#4490 = SURFACE_CURVE('',#4491,(#4496,#4503),.PCURVE_S1.);
#4491 = CIRCLE('',#4492,3.25);
#4492 = AXIS2_PLACEMENT_3D('',#4493,#4494,#4495);
#4493 = CARTESIAN_POINT('',(-11.,33.,11.5));
#4494 = DIRECTION('',(0.,0.,1.));
#4495 = DIRECTION('',(1.,0.,0.));
#4496 = PCURVE('',#4098,#4497);
#4497 = DEFINITIONAL_REPRESENTATION('',(#4498),#4502);
#4498 = CIRCLE('',#4499,3.25);
#4499 = AXIS2_PLACEMENT_2D('',#4500,#4501);
#4500 = CARTESIAN_POINT('',(-10.99999998197,33.));
#4501 = DIRECTION('',(1.,0.));
#4502 = ( GEOMETRIC_REPRESENTATION_CONTEXT(2) 
PARAMETRIC_REPRESENTATION_CONTEXT() REPRESENTATION_CONTEXT('2D SPACE',''
  ) );
#4503 = PCURVE('',#4504,#4509);
#4504 = CYLINDRICAL_SURFACE('',#4505,3.25);
#4505 = AXIS2_PLACEMENT_3D('',#4506,#4507,#4508);
#4506 = CARTESIAN_POINT('',(-11.,33.,9.9));
#4507 = DIRECTION('',(-0.,-0.,-1.));
#4508 = DIRECTION('',(1.,0.,0.));
#4509 = DEFINITIONAL_REPRESENTATION('',(#4510),#4514);
#4510 = LINE('',#4511,#4512);
#4511 = CARTESIAN_POINT('',(-0.,-1.6));
#4512 = VECTOR('',#4513,1.);
#4513 = DIRECTION('',(-1.,0.));
#4514 = ( GEOMETRIC_REPRESENTATION_CONTEXT(2) 
PARAMETRIC_REPRESENTATION_CONTEXT() REPRESENTATION_CONTEXT('2D SPACE',''
  ) );
#4515 = ORIENTED_EDGE('',*,*,#4516,.T.);
#4516 = EDGE_CURVE('',#4488,#4517,#4519,.T.);
#4517 = VERTEX_POINT('',#4518);
#4518 = CARTESIAN_POINT('',(10.999999998556,36.25,11.5));
#4519 = SURFACE_CURVE('',#4520,(#4524,#4531),.PCURVE_S1.);
#4520 = LINE('',#4521,#4522);
#4521 = CARTESIAN_POINT('',(7.460698725481E-14,36.25,11.5));
#4522 = VECTOR('',#4523,1.);
#4523 = DIRECTION('',(1.,0.,0.));
#4524 = PCURVE('',#4098,#4525);
#4525 = DEFINITIONAL_REPRESENTATION('',(#4526),#4530);
#4526 = LINE('',#4527,#4528);
#4527 = CARTESIAN_POINT('',(1.80266058094E-08,36.25));
#4528 = VECTOR('',#4529,1.);
#4529 = DIRECTION('',(1.,0.));
#4530 = ( GEOMETRIC_REPRESENTATION_CONTEXT(2) 
PARAMETRIC_REPRESENTATION_CONTEXT() REPRESENTATION_CONTEXT('2D SPACE',''
  ) );
#4531 = PCURVE('',#4532,#4537);
#4532 = PLANE('',#4533);
#4533 = AXIS2_PLACEMENT_3D('',#4534,#4535,#4536);
#4534 = CARTESIAN_POINT('',(-11.,36.25,9.9));
#4535 = DIRECTION('',(0.,1.,0.));
#4536 = DIRECTION('',(1.,0.,0.));
#4537 = DEFINITIONAL_REPRESENTATION('',(#4538),#4542);
#4538 = LINE('',#4539,#4540);
#4539 = CARTESIAN_POINT('',(11.,-1.6));
#4540 = VECTOR('',#4541,1.);
#4541 = DIRECTION('',(1.,0.));
#4542 = ( GEOMETRIC_REPRESENTATION_CONTEXT(2) 
PARAMETRIC_REPRESENTATION_CONTEXT() REPRESENTATION_CONTEXT('2D SPACE',''
  ) );
#4543 = ORIENTED_EDGE('',*,*,#4544,.F.);
#4544 = EDGE_CURVE('',#4545,#4517,#4547,.T.);
#4545 = VERTEX_POINT('',#4546);
#4546 = CARTESIAN_POINT('',(14.249999999278,33.,11.5));
#4547 = SURFACE_CURVE('',#4548,(#4553,#4560),.PCURVE_S1.);
#4548 = CIRCLE('',#4549,3.25);
#4549 = AXIS2_PLACEMENT_3D('',#4550,#4551,#4552);
#4550 = CARTESIAN_POINT('',(10.999999998556,33.,11.5));
#4551 = DIRECTION('',(0.,0.,1.));
#4552 = DIRECTION('',(1.,0.,0.));
#4553 = PCURVE('',#4098,#4554);
#4554 = DEFINITIONAL_REPRESENTATION('',(#4555),#4559);
#4555 = CIRCLE('',#4556,3.25);
#4556 = AXIS2_PLACEMENT_2D('',#4557,#4558);
#4557 = CARTESIAN_POINT('',(11.000000016582,33.));
#4558 = DIRECTION('',(1.,0.));
#4559 = ( GEOMETRIC_REPRESENTATION_CONTEXT(2) 
PARAMETRIC_REPRESENTATION_CONTEXT() REPRESENTATION_CONTEXT('2D SPACE',''
  ) );
#4560 = PCURVE('',#4561,#4566);
#4561 = CYLINDRICAL_SURFACE('',#4562,3.25);
#4562 = AXIS2_PLACEMENT_3D('',#4563,#4564,#4565);
#4563 = CARTESIAN_POINT('',(10.999999998556,33.,9.9));
#4564 = DIRECTION('',(-0.,-0.,-1.));
#4565 = DIRECTION('',(1.,0.,0.));
#4566 = DEFINITIONAL_REPRESENTATION('',(#4567),#4571);
#4567 = LINE('',#4568,#4569);
#4568 = CARTESIAN_POINT('',(-0.,-1.6));
#4569 = VECTOR('',#4570,1.);
#4570 = DIRECTION('',(-1.,0.));
#4571 = ( GEOMETRIC_REPRESENTATION_CONTEXT(2) 
PARAMETRIC_REPRESENTATION_CONTEXT() REPRESENTATION_CONTEXT('2D SPACE',''
  ) );
#4572 = ORIENTED_EDGE('',*,*,#4573,.F.);
#4573 = EDGE_CURVE('',#4574,#4545,#4576,.T.);
#4574 = VERTEX_POINT('',#4575);
#4575 = CARTESIAN_POINT('',(14.249999999278,-33.,11.5));
#4576 = SURFACE_CURVE('',#4577,(#4581,#4588),.PCURVE_S1.);
#4577 = LINE('',#4578,#4579);
#4578 = CARTESIAN_POINT('',(14.25,0.,11.5));
#4579 = VECTOR('',#4580,1.);
#4580 = DIRECTION('',(0.,1.,0.));
#4581 = PCURVE('',#4098,#4582);
#4582 = DEFINITIONAL_REPRESENTATION('',(#4583),#4587);
#4583 = LINE('',#4584,#4585);
#4584 = CARTESIAN_POINT('',(14.250000018027,-1.441275091753E-15));
#4585 = VECTOR('',#4586,1.);
#4586 = DIRECTION('',(0.,1.));
#4587 = ( GEOMETRIC_REPRESENTATION_CONTEXT(2) 
PARAMETRIC_REPRESENTATION_CONTEXT() REPRESENTATION_CONTEXT('2D SPACE',''
  ) );
#4588 = PCURVE('',#4589,#4594);
#4589 = PLANE('',#4590);
#4590 = AXIS2_PLACEMENT_3D('',#4591,#4592,#4593);
#4591 = CARTESIAN_POINT('',(14.25,-33.,9.9));
#4592 = DIRECTION('',(-1.,0.,0.));
#4593 = DIRECTION('',(0.,1.,0.));
#4594 = DEFINITIONAL_REPRESENTATION('',(#4595),#4599);
#4595 = LINE('',#4596,#4597);
#4596 = CARTESIAN_POINT('',(33.,-1.6));
#4597 = VECTOR('',#4598,1.);
#4598 = DIRECTION('',(1.,0.));
#4599 = ( GEOMETRIC_REPRESENTATION_CONTEXT(2) 
PARAMETRIC_REPRESENTATION_CONTEXT() REPRESENTATION_CONTEXT('2D SPACE',''
  ) );
#4600 = ORIENTED_EDGE('',*,*,#4601,.F.);
#4601 = EDGE_CURVE('',#4602,#4574,#4604,.T.);
#4602 = VERTEX_POINT('',#4603);
#4603 = CARTESIAN_POINT('',(10.999999998556,-36.25,11.5));
#4604 = SURFACE_CURVE('',#4605,(#4610,#4617),.PCURVE_S1.);
#4605 = CIRCLE('',#4606,3.25);
#4606 = AXIS2_PLACEMENT_3D('',#4607,#4608,#4609);
#4607 = CARTESIAN_POINT('',(10.999999998556,-33.,11.5));
#4608 = DIRECTION('',(0.,0.,1.));
#4609 = DIRECTION('',(1.,0.,0.));
#4610 = PCURVE('',#4098,#4611);
#4611 = DEFINITIONAL_REPRESENTATION('',(#4612),#4616);
#4612 = CIRCLE('',#4613,3.25);
#4613 = AXIS2_PLACEMENT_2D('',#4614,#4615);
#4614 = CARTESIAN_POINT('',(11.000000016582,-33.));
#4615 = DIRECTION('',(1.,0.));
#4616 = ( GEOMETRIC_REPRESENTATION_CONTEXT(2) 
PARAMETRIC_REPRESENTATION_CONTEXT() REPRESENTATION_CONTEXT('2D SPACE',''
  ) );
#4617 = PCURVE('',#4618,#4623);
#4618 = CYLINDRICAL_SURFACE('',#4619,3.25);
#4619 = AXIS2_PLACEMENT_3D('',#4620,#4621,#4622);
#4620 = CARTESIAN_POINT('',(10.999999998556,-33.,9.9));
#4621 = DIRECTION('',(-0.,-0.,-1.));
#4622 = DIRECTION('',(1.,0.,0.));
#4623 = DEFINITIONAL_REPRESENTATION('',(#4624),#4628);
#4624 = LINE('',#4625,#4626);
#4625 = CARTESIAN_POINT('',(-0.,-1.6));
#4626 = VECTOR('',#4627,1.);
#4627 = DIRECTION('',(-1.,0.));
#4628 = ( GEOMETRIC_REPRESENTATION_CONTEXT(2) 
PARAMETRIC_REPRESENTATION_CONTEXT() REPRESENTATION_CONTEXT('2D SPACE',''
  ) );
#4629 = ORIENTED_EDGE('',*,*,#4630,.F.);
#4630 = EDGE_CURVE('',#4431,#4602,#4631,.T.);
#4631 = SURFACE_CURVE('',#4632,(#4636,#4643),.PCURVE_S1.);
#4632 = LINE('',#4633,#4634);
#4633 = CARTESIAN_POINT('',(7.460698725481E-14,-36.25,11.5));
#4634 = VECTOR('',#4635,1.);
#4635 = DIRECTION('',(1.,0.,0.));
#4636 = PCURVE('',#4098,#4637);
#4637 = DEFINITIONAL_REPRESENTATION('',(#4638),#4642);
#4638 = LINE('',#4639,#4640);
#4639 = CARTESIAN_POINT('',(1.80266058094E-08,-36.25));
#4640 = VECTOR('',#4641,1.);
#4641 = DIRECTION('',(1.,0.));
#4642 = ( GEOMETRIC_REPRESENTATION_CONTEXT(2) 
PARAMETRIC_REPRESENTATION_CONTEXT() REPRESENTATION_CONTEXT('2D SPACE',''
  ) );
#4643 = PCURVE('',#4644,#4649);
#4644 = PLANE('',#4645);
#4645 = AXIS2_PLACEMENT_3D('',#4646,#4647,#4648);
#4646 = CARTESIAN_POINT('',(-11.,-36.25,9.9));
#4647 = DIRECTION('',(0.,1.,0.));
#4648 = DIRECTION('',(1.,0.,0.));
#4649 = DEFINITIONAL_REPRESENTATION('',(#4650),#4654);
#4650 = LINE('',#4651,#4652);
#4651 = CARTESIAN_POINT('',(11.,-1.6));
#4652 = VECTOR('',#4653,1.);
#4653 = DIRECTION('',(1.,0.));
#4654 = ( GEOMETRIC_REPRESENTATION_CONTEXT(2) 
PARAMETRIC_REPRESENTATION_CONTEXT() REPRESENTATION_CONTEXT('2D SPACE',''
  ) );
#4655 = ADVANCED_FACE('',(#4656,#4784,#4815,#4846,#4877,#4908,#4939,
    #4970,#5001,#5032,#5063,#5094,#5125,#5156,#5187,#5218,#5249,#5280,
    #5311,#5342,#5373,#5404,#5435,#5466,#5497,#5528,#5559,#5590,#5621,
    #5652,#5683,#5714,#5745,#5776,#5807,#5838,#5869,#5900,#5931,#5962,
    #5993,#6024,#6055,#6086,#6117,#6148,#6179,#6210,#6241,#6272,#6303),
  #4044,.T.);
#4656 = FACE_BOUND('',#4657,.T.);
#4657 = EDGE_LOOP('',(#4658,#4659,#4660,#4683,#4711,#4734,#4762,#4783));
#4658 = ORIENTED_EDGE('',*,*,#4028,.F.);
#4659 = ORIENTED_EDGE('',*,*,#4143,.F.);
#4660 = ORIENTED_EDGE('',*,*,#4661,.T.);
#4661 = EDGE_CURVE('',#4116,#4662,#4664,.T.);
#4662 = VERTEX_POINT('',#4663);
#4663 = CARTESIAN_POINT('',(10.999999900543,-38.,13.));
#4664 = SURFACE_CURVE('',#4665,(#4669,#4676),.PCURVE_S1.);
#4665 = LINE('',#4666,#4667);
#4666 = CARTESIAN_POINT('',(3.552713678801E-14,-38.,13.));
#4667 = VECTOR('',#4668,1.);
#4668 = DIRECTION('',(1.,0.,0.));
#4669 = PCURVE('',#4044,#4670);
#4670 = DEFINITIONAL_REPRESENTATION('',(#4671),#4675);
#4671 = LINE('',#4672,#4673);
#4672 = CARTESIAN_POINT('',(1.802656672955E-08,-38.));
#4673 = VECTOR('',#4674,1.);
#4674 = DIRECTION('',(1.,0.));
#4675 = ( GEOMETRIC_REPRESENTATION_CONTEXT(2) 
PARAMETRIC_REPRESENTATION_CONTEXT() REPRESENTATION_CONTEXT('2D SPACE',''
  ) );
#4676 = PCURVE('',#4131,#4677);
#4677 = DEFINITIONAL_REPRESENTATION('',(#4678),#4682);
#4678 = LINE('',#4679,#4680);
#4679 = CARTESIAN_POINT('',(11.,-1.5));
#4680 = VECTOR('',#4681,1.);
#4681 = DIRECTION('',(1.,0.));
#4682 = ( GEOMETRIC_REPRESENTATION_CONTEXT(2) 
PARAMETRIC_REPRESENTATION_CONTEXT() REPRESENTATION_CONTEXT('2D SPACE',''
  ) );
#4683 = ORIENTED_EDGE('',*,*,#4684,.F.);
#4684 = EDGE_CURVE('',#4685,#4662,#4687,.T.);
#4685 = VERTEX_POINT('',#4686);
#4686 = CARTESIAN_POINT('',(15.999999950271,-33.,13.));
#4687 = SURFACE_CURVE('',#4688,(#4693,#4704),.PCURVE_S1.);
#4688 = CIRCLE('',#4689,5.);
#4689 = AXIS2_PLACEMENT_3D('',#4690,#4691,#4692);
#4690 = CARTESIAN_POINT('',(10.999999900543,-33.,13.));
#4691 = DIRECTION('',(0.,0.,-1.));
#4692 = DIRECTION('',(-1.,0.,0.));
#4693 = PCURVE('',#4044,#4694);
#4694 = DEFINITIONAL_REPRESENTATION('',(#4695),#4703);
#4695 = ( BOUNDED_CURVE() B_SPLINE_CURVE(2,(#4696,#4697,#4698,#4699,
#4700,#4701,#4702),.UNSPECIFIED.,.T.,.F.) B_SPLINE_CURVE_WITH_KNOTS((1,2
    ,2,2,2,1),(-2.094395102393,0.,2.094395102393,4.188790204786,
6.28318530718,8.377580409573),.UNSPECIFIED.) CURVE() 
GEOMETRIC_REPRESENTATION_ITEM() RATIONAL_B_SPLINE_CURVE((1.,0.5,1.,0.5,
1.,0.5,1.)) REPRESENTATION_ITEM('') );
#4696 = CARTESIAN_POINT('',(5.999999918569,-33.));
#4697 = CARTESIAN_POINT('',(5.999999918569,-24.33974596215));
#4698 = CARTESIAN_POINT('',(13.499999918569,-28.66987298107));
#4699 = CARTESIAN_POINT('',(20.999999918569,-33.));
#4700 = CARTESIAN_POINT('',(13.499999918569,-37.33012701892));
#4701 = CARTESIAN_POINT('',(5.999999918569,-41.66025403784));
#4702 = CARTESIAN_POINT('',(5.999999918569,-33.));
#4703 = ( GEOMETRIC_REPRESENTATION_CONTEXT(2) 
PARAMETRIC_REPRESENTATION_CONTEXT() REPRESENTATION_CONTEXT('2D SPACE',''
  ) );
#4704 = PCURVE('',#4331,#4705);
#4705 = DEFINITIONAL_REPRESENTATION('',(#4706),#4710);
#4706 = LINE('',#4707,#4708);
#4707 = CARTESIAN_POINT('',(0.,-1.5));
#4708 = VECTOR('',#4709,1.);
#4709 = DIRECTION('',(1.,0.));
#4710 = ( GEOMETRIC_REPRESENTATION_CONTEXT(2) 
PARAMETRIC_REPRESENTATION_CONTEXT() REPRESENTATION_CONTEXT('2D SPACE',''
  ) );
#4711 = ORIENTED_EDGE('',*,*,#4712,.T.);
#4712 = EDGE_CURVE('',#4685,#4713,#4715,.T.);
#4713 = VERTEX_POINT('',#4714);
#4714 = CARTESIAN_POINT('',(15.999999950271,33.,13.));
#4715 = SURFACE_CURVE('',#4716,(#4720,#4727),.PCURVE_S1.);
#4716 = LINE('',#4717,#4718);
#4717 = CARTESIAN_POINT('',(16.,0.,13.));
#4718 = VECTOR('',#4719,1.);
#4719 = DIRECTION('',(0.,1.,0.));
#4720 = PCURVE('',#4044,#4721);
#4721 = DEFINITIONAL_REPRESENTATION('',(#4722),#4726);
#4722 = LINE('',#4723,#4724);
#4723 = CARTESIAN_POINT('',(16.000000018027,-1.441275091753E-15));
#4724 = VECTOR('',#4725,1.);
#4725 = DIRECTION('',(0.,1.));
#4726 = ( GEOMETRIC_REPRESENTATION_CONTEXT(2) 
PARAMETRIC_REPRESENTATION_CONTEXT() REPRESENTATION_CONTEXT('2D SPACE',''
  ) );
#4727 = PCURVE('',#4359,#4728);
#4728 = DEFINITIONAL_REPRESENTATION('',(#4729),#4733);
#4729 = LINE('',#4730,#4731);
#4730 = CARTESIAN_POINT('',(33.,-1.5));
#4731 = VECTOR('',#4732,1.);
#4732 = DIRECTION('',(1.,0.));
#4733 = ( GEOMETRIC_REPRESENTATION_CONTEXT(2) 
PARAMETRIC_REPRESENTATION_CONTEXT() REPRESENTATION_CONTEXT('2D SPACE',''
  ) );
#4734 = ORIENTED_EDGE('',*,*,#4735,.F.);
#4735 = EDGE_CURVE('',#4736,#4713,#4738,.T.);
#4736 = VERTEX_POINT('',#4737);
#4737 = CARTESIAN_POINT('',(10.999999900543,38.,13.));
#4738 = SURFACE_CURVE('',#4739,(#4744,#4755),.PCURVE_S1.);
#4739 = CIRCLE('',#4740,5.);
#4740 = AXIS2_PLACEMENT_3D('',#4741,#4742,#4743);
#4741 = CARTESIAN_POINT('',(10.999999900543,33.,13.));
#4742 = DIRECTION('',(0.,0.,-1.));
#4743 = DIRECTION('',(-1.,0.,0.));
#4744 = PCURVE('',#4044,#4745);
#4745 = DEFINITIONAL_REPRESENTATION('',(#4746),#4754);
#4746 = ( BOUNDED_CURVE() B_SPLINE_CURVE(2,(#4747,#4748,#4749,#4750,
#4751,#4752,#4753),.UNSPECIFIED.,.T.,.F.) B_SPLINE_CURVE_WITH_KNOTS((1,2
    ,2,2,2,1),(-2.094395102393,0.,2.094395102393,4.188790204786,
6.28318530718,8.377580409573),.UNSPECIFIED.) CURVE() 
GEOMETRIC_REPRESENTATION_ITEM() RATIONAL_B_SPLINE_CURVE((1.,0.5,1.,0.5,
1.,0.5,1.)) REPRESENTATION_ITEM('') );
#4747 = CARTESIAN_POINT('',(5.999999918569,33.));
#4748 = CARTESIAN_POINT('',(5.999999918569,41.660254037844));
#4749 = CARTESIAN_POINT('',(13.499999918569,37.330127018922));
#4750 = CARTESIAN_POINT('',(20.999999918569,33.));
#4751 = CARTESIAN_POINT('',(13.499999918569,28.669872981078));
#4752 = CARTESIAN_POINT('',(5.999999918569,24.339745962156));
#4753 = CARTESIAN_POINT('',(5.999999918569,33.));
#4754 = ( GEOMETRIC_REPRESENTATION_CONTEXT(2) 
PARAMETRIC_REPRESENTATION_CONTEXT() REPRESENTATION_CONTEXT('2D SPACE',''
  ) );
#4755 = PCURVE('',#4392,#4756);
#4756 = DEFINITIONAL_REPRESENTATION('',(#4757),#4761);
#4757 = LINE('',#4758,#4759);
#4758 = CARTESIAN_POINT('',(0.,-1.5));
#4759 = VECTOR('',#4760,1.);
#4760 = DIRECTION('',(1.,0.));
#4761 = ( GEOMETRIC_REPRESENTATION_CONTEXT(2) 
PARAMETRIC_REPRESENTATION_CONTEXT() REPRESENTATION_CONTEXT('2D SPACE',''
  ) );
#4762 = ORIENTED_EDGE('',*,*,#4763,.F.);
#4763 = EDGE_CURVE('',#4201,#4736,#4764,.T.);
#4764 = SURFACE_CURVE('',#4765,(#4769,#4776),.PCURVE_S1.);
#4765 = LINE('',#4766,#4767);
#4766 = CARTESIAN_POINT('',(3.552713678801E-14,38.,13.));
#4767 = VECTOR('',#4768,1.);
#4768 = DIRECTION('',(1.,0.,0.));
#4769 = PCURVE('',#4044,#4770);
#4770 = DEFINITIONAL_REPRESENTATION('',(#4771),#4775);
#4771 = LINE('',#4772,#4773);
#4772 = CARTESIAN_POINT('',(1.802656672955E-08,38.));
#4773 = VECTOR('',#4774,1.);
#4774 = DIRECTION('',(1.,0.));
#4775 = ( GEOMETRIC_REPRESENTATION_CONTEXT(2) 
PARAMETRIC_REPRESENTATION_CONTEXT() REPRESENTATION_CONTEXT('2D SPACE',''
  ) );
#4776 = PCURVE('',#4244,#4777);
#4777 = DEFINITIONAL_REPRESENTATION('',(#4778),#4782);
#4778 = LINE('',#4779,#4780);
#4779 = CARTESIAN_POINT('',(11.,-1.5));
#4780 = VECTOR('',#4781,1.);
#4781 = DIRECTION('',(1.,0.));
#4782 = ( GEOMETRIC_REPRESENTATION_CONTEXT(2) 
PARAMETRIC_REPRESENTATION_CONTEXT() REPRESENTATION_CONTEXT('2D SPACE',''
  ) );
#4783 = ORIENTED_EDGE('',*,*,#4200,.F.);
#4784 = FACE_BOUND('',#4785,.T.);
#4785 = EDGE_LOOP('',(#4786));
#4786 = ORIENTED_EDGE('',*,*,#4787,.F.);
#4787 = EDGE_CURVE('',#4788,#4788,#4790,.T.);
#4788 = VERTEX_POINT('',#4789);
#4789 = CARTESIAN_POINT('',(-9.95,-31.5,13.));
#4790 = SURFACE_CURVE('',#4791,(#4796,#4803),.PCURVE_S1.);
#4791 = CIRCLE('',#4792,1.85);
#4792 = AXIS2_PLACEMENT_3D('',#4793,#4794,#4795);
#4793 = CARTESIAN_POINT('',(-11.8,-31.5,13.));
#4794 = DIRECTION('',(0.,0.,1.));
#4795 = DIRECTION('',(1.,0.,-0.));
#4796 = PCURVE('',#4044,#4797);
#4797 = DEFINITIONAL_REPRESENTATION('',(#4798),#4802);
#4798 = CIRCLE('',#4799,1.85);
#4799 = AXIS2_PLACEMENT_2D('',#4800,#4801);
#4800 = CARTESIAN_POINT('',(-11.79999998197,-31.5));
#4801 = DIRECTION('',(1.,0.));
#4802 = ( GEOMETRIC_REPRESENTATION_CONTEXT(2) 
PARAMETRIC_REPRESENTATION_CONTEXT() REPRESENTATION_CONTEXT('2D SPACE',''
  ) );
#4803 = PCURVE('',#4804,#4809);
#4804 = CYLINDRICAL_SURFACE('',#4805,1.85);
#4805 = AXIS2_PLACEMENT_3D('',#4806,#4807,#4808);
#4806 = CARTESIAN_POINT('',(-11.8,-31.5,12.25));
#4807 = DIRECTION('',(0.,0.,1.));
#4808 = DIRECTION('',(1.,0.,-0.));
#4809 = DEFINITIONAL_REPRESENTATION('',(#4810),#4814);
#4810 = LINE('',#4811,#4812);
#4811 = CARTESIAN_POINT('',(0.,0.75));
#4812 = VECTOR('',#4813,1.);
#4813 = DIRECTION('',(1.,0.));
#4814 = ( GEOMETRIC_REPRESENTATION_CONTEXT(2) 
PARAMETRIC_REPRESENTATION_CONTEXT() REPRESENTATION_CONTEXT('2D SPACE',''
  ) );
#4815 = FACE_BOUND('',#4816,.T.);
#4816 = EDGE_LOOP('',(#4817));
#4817 = ORIENTED_EDGE('',*,*,#4818,.F.);
#4818 = EDGE_CURVE('',#4819,#4819,#4821,.T.);
#4819 = VERTEX_POINT('',#4820);
#4820 = CARTESIAN_POINT('',(-5.95,-26.2,13.));
#4821 = SURFACE_CURVE('',#4822,(#4827,#4834),.PCURVE_S1.);
#4822 = CIRCLE('',#4823,0.45);
#4823 = AXIS2_PLACEMENT_3D('',#4824,#4825,#4826);
#4824 = CARTESIAN_POINT('',(-6.4,-26.2,13.));
#4825 = DIRECTION('',(0.,0.,1.));
#4826 = DIRECTION('',(1.,0.,-0.));
#4827 = PCURVE('',#4044,#4828);
#4828 = DEFINITIONAL_REPRESENTATION('',(#4829),#4833);
#4829 = CIRCLE('',#4830,0.45);
#4830 = AXIS2_PLACEMENT_2D('',#4831,#4832);
#4831 = CARTESIAN_POINT('',(-6.399999981973,-26.2));
#4832 = DIRECTION('',(1.,0.));
#4833 = ( GEOMETRIC_REPRESENTATION_CONTEXT(2) 
PARAMETRIC_REPRESENTATION_CONTEXT() REPRESENTATION_CONTEXT('2D SPACE',''
  ) );
#4834 = PCURVE('',#4835,#4840);
#4835 = CYLINDRICAL_SURFACE('',#4836,0.45);
#4836 = AXIS2_PLACEMENT_3D('',#4837,#4838,#4839);
#4837 = CARTESIAN_POINT('',(-6.4,-26.2,11.3));
#4838 = DIRECTION('',(0.,0.,1.));
#4839 = DIRECTION('',(1.,0.,-0.));
#4840 = DEFINITIONAL_REPRESENTATION('',(#4841),#4845);
#4841 = LINE('',#4842,#4843);
#4842 = CARTESIAN_POINT('',(0.,1.7));
#4843 = VECTOR('',#4844,1.);
#4844 = DIRECTION('',(1.,0.));
#4845 = ( GEOMETRIC_REPRESENTATION_CONTEXT(2) 
PARAMETRIC_REPRESENTATION_CONTEXT() REPRESENTATION_CONTEXT('2D SPACE',''
  ) );
#4846 = FACE_BOUND('',#4847,.T.);
#4847 = EDGE_LOOP('',(#4848));
#4848 = ORIENTED_EDGE('',*,*,#4849,.F.);
#4849 = EDGE_CURVE('',#4850,#4850,#4852,.T.);
#4850 = VERTEX_POINT('',#4851);
#4851 = CARTESIAN_POINT('',(-4.35,-26.2,13.));
#4852 = SURFACE_CURVE('',#4853,(#4858,#4865),.PCURVE_S1.);
#4853 = CIRCLE('',#4854,0.45);
#4854 = AXIS2_PLACEMENT_3D('',#4855,#4856,#4857);
#4855 = CARTESIAN_POINT('',(-4.8,-26.2,13.));
#4856 = DIRECTION('',(0.,0.,1.));
#4857 = DIRECTION('',(1.,0.,-0.));
#4858 = PCURVE('',#4044,#4859);
#4859 = DEFINITIONAL_REPRESENTATION('',(#4860),#4864);
#4860 = CIRCLE('',#4861,0.45);
#4861 = AXIS2_PLACEMENT_2D('',#4862,#4863);
#4862 = CARTESIAN_POINT('',(-4.799999981973,-26.2));
#4863 = DIRECTION('',(1.,0.));
#4864 = ( GEOMETRIC_REPRESENTATION_CONTEXT(2) 
PARAMETRIC_REPRESENTATION_CONTEXT() REPRESENTATION_CONTEXT('2D SPACE',''
  ) );
#4865 = PCURVE('',#4866,#4871);
#4866 = CYLINDRICAL_SURFACE('',#4867,0.45);
#4867 = AXIS2_PLACEMENT_3D('',#4868,#4869,#4870);
#4868 = CARTESIAN_POINT('',(-4.8,-26.2,11.3));
#4869 = DIRECTION('',(0.,0.,1.));
#4870 = DIRECTION('',(1.,0.,-0.));
#4871 = DEFINITIONAL_REPRESENTATION('',(#4872),#4876);
#4872 = LINE('',#4873,#4874);
#4873 = CARTESIAN_POINT('',(0.,1.7));
#4874 = VECTOR('',#4875,1.);
#4875 = DIRECTION('',(1.,0.));
#4876 = ( GEOMETRIC_REPRESENTATION_CONTEXT(2) 
PARAMETRIC_REPRESENTATION_CONTEXT() REPRESENTATION_CONTEXT('2D SPACE',''
  ) );
#4877 = FACE_BOUND('',#4878,.T.);
#4878 = EDGE_LOOP('',(#4879));
#4879 = ORIENTED_EDGE('',*,*,#4880,.F.);
#4880 = EDGE_CURVE('',#4881,#4881,#4883,.T.);
#4881 = VERTEX_POINT('',#4882);
#4882 = CARTESIAN_POINT('',(-2.75,-26.2,13.));
#4883 = SURFACE_CURVE('',#4884,(#4889,#4896),.PCURVE_S1.);
#4884 = CIRCLE('',#4885,0.45);
#4885 = AXIS2_PLACEMENT_3D('',#4886,#4887,#4888);
#4886 = CARTESIAN_POINT('',(-3.2,-26.2,13.));
#4887 = DIRECTION('',(0.,0.,1.));
#4888 = DIRECTION('',(1.,0.,-0.));
#4889 = PCURVE('',#4044,#4890);
#4890 = DEFINITIONAL_REPRESENTATION('',(#4891),#4895);
#4891 = CIRCLE('',#4892,0.45);
#4892 = AXIS2_PLACEMENT_2D('',#4893,#4894);
#4893 = CARTESIAN_POINT('',(-3.199999981973,-26.2));
#4894 = DIRECTION('',(1.,0.));
#4895 = ( GEOMETRIC_REPRESENTATION_CONTEXT(2) 
PARAMETRIC_REPRESENTATION_CONTEXT() REPRESENTATION_CONTEXT('2D SPACE',''
  ) );
#4896 = PCURVE('',#4897,#4902);
#4897 = CYLINDRICAL_SURFACE('',#4898,0.45);
#4898 = AXIS2_PLACEMENT_3D('',#4899,#4900,#4901);
#4899 = CARTESIAN_POINT('',(-3.2,-26.2,11.3));
#4900 = DIRECTION('',(0.,0.,1.));
#4901 = DIRECTION('',(1.,0.,-0.));
#4902 = DEFINITIONAL_REPRESENTATION('',(#4903),#4907);
#4903 = LINE('',#4904,#4905);
#4904 = CARTESIAN_POINT('',(0.,1.7));
#4905 = VECTOR('',#4906,1.);
#4906 = DIRECTION('',(1.,0.));
#4907 = ( GEOMETRIC_REPRESENTATION_CONTEXT(2) 
PARAMETRIC_REPRESENTATION_CONTEXT() REPRESENTATION_CONTEXT('2D SPACE',''
  ) );
#4908 = FACE_BOUND('',#4909,.T.);
#4909 = EDGE_LOOP('',(#4910));
#4910 = ORIENTED_EDGE('',*,*,#4911,.F.);
#4911 = EDGE_CURVE('',#4912,#4912,#4914,.T.);
#4912 = VERTEX_POINT('',#4913);
#4913 = CARTESIAN_POINT('',(-1.15,-26.2,13.));
#4914 = SURFACE_CURVE('',#4915,(#4920,#4927),.PCURVE_S1.);
#4915 = CIRCLE('',#4916,0.45);
#4916 = AXIS2_PLACEMENT_3D('',#4917,#4918,#4919);
#4917 = CARTESIAN_POINT('',(-1.6,-26.2,13.));
#4918 = DIRECTION('',(0.,0.,1.));
#4919 = DIRECTION('',(1.,0.,-0.));
#4920 = PCURVE('',#4044,#4921);
#4921 = DEFINITIONAL_REPRESENTATION('',(#4922),#4926);
#4922 = CIRCLE('',#4923,0.45);
#4923 = AXIS2_PLACEMENT_2D('',#4924,#4925);
#4924 = CARTESIAN_POINT('',(-1.599999981973,-26.2));
#4925 = DIRECTION('',(1.,0.));
#4926 = ( GEOMETRIC_REPRESENTATION_CONTEXT(2) 
PARAMETRIC_REPRESENTATION_CONTEXT() REPRESENTATION_CONTEXT('2D SPACE',''
  ) );
#4927 = PCURVE('',#4928,#4933);
#4928 = CYLINDRICAL_SURFACE('',#4929,0.45);
#4929 = AXIS2_PLACEMENT_3D('',#4930,#4931,#4932);
#4930 = CARTESIAN_POINT('',(-1.6,-26.2,11.3));
#4931 = DIRECTION('',(0.,0.,1.));
#4932 = DIRECTION('',(1.,0.,-0.));
#4933 = DEFINITIONAL_REPRESENTATION('',(#4934),#4938);
#4934 = LINE('',#4935,#4936);
#4935 = CARTESIAN_POINT('',(0.,1.7));
#4936 = VECTOR('',#4937,1.);
#4937 = DIRECTION('',(1.,0.));
#4938 = ( GEOMETRIC_REPRESENTATION_CONTEXT(2) 
PARAMETRIC_REPRESENTATION_CONTEXT() REPRESENTATION_CONTEXT('2D SPACE',''
  ) );
#4939 = FACE_BOUND('',#4940,.T.);
#4940 = EDGE_LOOP('',(#4941));
#4941 = ORIENTED_EDGE('',*,*,#4942,.F.);
#4942 = EDGE_CURVE('',#4943,#4943,#4945,.T.);
#4943 = VERTEX_POINT('',#4944);
#4944 = CARTESIAN_POINT('',(-5.95,-24.6,13.));
#4945 = SURFACE_CURVE('',#4946,(#4951,#4958),.PCURVE_S1.);
#4946 = CIRCLE('',#4947,0.45);
#4947 = AXIS2_PLACEMENT_3D('',#4948,#4949,#4950);
#4948 = CARTESIAN_POINT('',(-6.4,-24.6,13.));
#4949 = DIRECTION('',(0.,0.,1.));
#4950 = DIRECTION('',(1.,0.,-0.));
#4951 = PCURVE('',#4044,#4952);
#4952 = DEFINITIONAL_REPRESENTATION('',(#4953),#4957);
#4953 = CIRCLE('',#4954,0.45);
#4954 = AXIS2_PLACEMENT_2D('',#4955,#4956);
#4955 = CARTESIAN_POINT('',(-6.399999981973,-24.6));
#4956 = DIRECTION('',(1.,0.));
#4957 = ( GEOMETRIC_REPRESENTATION_CONTEXT(2) 
PARAMETRIC_REPRESENTATION_CONTEXT() REPRESENTATION_CONTEXT('2D SPACE',''
  ) );
#4958 = PCURVE('',#4959,#4964);
#4959 = CYLINDRICAL_SURFACE('',#4960,0.45);
#4960 = AXIS2_PLACEMENT_3D('',#4961,#4962,#4963);
#4961 = CARTESIAN_POINT('',(-6.4,-24.6,11.3));
#4962 = DIRECTION('',(0.,0.,1.));
#4963 = DIRECTION('',(1.,0.,-0.));
#4964 = DEFINITIONAL_REPRESENTATION('',(#4965),#4969);
#4965 = LINE('',#4966,#4967);
#4966 = CARTESIAN_POINT('',(0.,1.7));
#4967 = VECTOR('',#4968,1.);
#4968 = DIRECTION('',(1.,0.));
#4969 = ( GEOMETRIC_REPRESENTATION_CONTEXT(2) 
PARAMETRIC_REPRESENTATION_CONTEXT() REPRESENTATION_CONTEXT('2D SPACE',''
  ) );
#4970 = FACE_BOUND('',#4971,.T.);
#4971 = EDGE_LOOP('',(#4972));
#4972 = ORIENTED_EDGE('',*,*,#4973,.F.);
#4973 = EDGE_CURVE('',#4974,#4974,#4976,.T.);
#4974 = VERTEX_POINT('',#4975);
#4975 = CARTESIAN_POINT('',(-5.95,-23.,13.));
#4976 = SURFACE_CURVE('',#4977,(#4982,#4989),.PCURVE_S1.);
#4977 = CIRCLE('',#4978,0.45);
#4978 = AXIS2_PLACEMENT_3D('',#4979,#4980,#4981);
#4979 = CARTESIAN_POINT('',(-6.4,-23.,13.));
#4980 = DIRECTION('',(0.,0.,1.));
#4981 = DIRECTION('',(1.,0.,-0.));
#4982 = PCURVE('',#4044,#4983);
#4983 = DEFINITIONAL_REPRESENTATION('',(#4984),#4988);
#4984 = CIRCLE('',#4985,0.45);
#4985 = AXIS2_PLACEMENT_2D('',#4986,#4987);
#4986 = CARTESIAN_POINT('',(-6.399999981973,-23.));
#4987 = DIRECTION('',(1.,0.));
#4988 = ( GEOMETRIC_REPRESENTATION_CONTEXT(2) 
PARAMETRIC_REPRESENTATION_CONTEXT() REPRESENTATION_CONTEXT('2D SPACE',''
  ) );
#4989 = PCURVE('',#4990,#4995);
#4990 = CYLINDRICAL_SURFACE('',#4991,0.45);
#4991 = AXIS2_PLACEMENT_3D('',#4992,#4993,#4994);
#4992 = CARTESIAN_POINT('',(-6.4,-23.,11.3));
#4993 = DIRECTION('',(0.,0.,1.));
#4994 = DIRECTION('',(1.,0.,-0.));
#4995 = DEFINITIONAL_REPRESENTATION('',(#4996),#5000);
#4996 = LINE('',#4997,#4998);
#4997 = CARTESIAN_POINT('',(0.,1.7));
#4998 = VECTOR('',#4999,1.);
#4999 = DIRECTION('',(1.,0.));
#5000 = ( GEOMETRIC_REPRESENTATION_CONTEXT(2) 
PARAMETRIC_REPRESENTATION_CONTEXT() REPRESENTATION_CONTEXT('2D SPACE',''
  ) );
#5001 = FACE_BOUND('',#5002,.T.);
#5002 = EDGE_LOOP('',(#5003));
#5003 = ORIENTED_EDGE('',*,*,#5004,.F.);
#5004 = EDGE_CURVE('',#5005,#5005,#5007,.T.);
#5005 = VERTEX_POINT('',#5006);
#5006 = CARTESIAN_POINT('',(-5.95,-21.4,13.));
#5007 = SURFACE_CURVE('',#5008,(#5013,#5020),.PCURVE_S1.);
#5008 = CIRCLE('',#5009,0.45);
#5009 = AXIS2_PLACEMENT_3D('',#5010,#5011,#5012);
#5010 = CARTESIAN_POINT('',(-6.4,-21.4,13.));
#5011 = DIRECTION('',(0.,0.,1.));
#5012 = DIRECTION('',(1.,0.,-0.));
#5013 = PCURVE('',#4044,#5014);
#5014 = DEFINITIONAL_REPRESENTATION('',(#5015),#5019);
#5015 = CIRCLE('',#5016,0.45);
#5016 = AXIS2_PLACEMENT_2D('',#5017,#5018);
#5017 = CARTESIAN_POINT('',(-6.399999981973,-21.4));
#5018 = DIRECTION('',(1.,0.));
#5019 = ( GEOMETRIC_REPRESENTATION_CONTEXT(2) 
PARAMETRIC_REPRESENTATION_CONTEXT() REPRESENTATION_CONTEXT('2D SPACE',''
  ) );
#5020 = PCURVE('',#5021,#5026);
#5021 = CYLINDRICAL_SURFACE('',#5022,0.45);
#5022 = AXIS2_PLACEMENT_3D('',#5023,#5024,#5025);
#5023 = CARTESIAN_POINT('',(-6.4,-21.4,11.3));
#5024 = DIRECTION('',(0.,0.,1.));
#5025 = DIRECTION('',(1.,0.,-0.));
#5026 = DEFINITIONAL_REPRESENTATION('',(#5027),#5031);
#5027 = LINE('',#5028,#5029);
#5028 = CARTESIAN_POINT('',(0.,1.7));
#5029 = VECTOR('',#5030,1.);
#5030 = DIRECTION('',(1.,0.));
#5031 = ( GEOMETRIC_REPRESENTATION_CONTEXT(2) 
PARAMETRIC_REPRESENTATION_CONTEXT() REPRESENTATION_CONTEXT('2D SPACE',''
  ) );
#5032 = FACE_BOUND('',#5033,.T.);
#5033 = EDGE_LOOP('',(#5034));
#5034 = ORIENTED_EDGE('',*,*,#5035,.F.);
#5035 = EDGE_CURVE('',#5036,#5036,#5038,.T.);
#5036 = VERTEX_POINT('',#5037);
#5037 = CARTESIAN_POINT('',(-4.35,-24.6,13.));
#5038 = SURFACE_CURVE('',#5039,(#5044,#5051),.PCURVE_S1.);
#5039 = CIRCLE('',#5040,0.45);
#5040 = AXIS2_PLACEMENT_3D('',#5041,#5042,#5043);
#5041 = CARTESIAN_POINT('',(-4.8,-24.6,13.));
#5042 = DIRECTION('',(0.,0.,1.));
#5043 = DIRECTION('',(1.,0.,-0.));
#5044 = PCURVE('',#4044,#5045);
#5045 = DEFINITIONAL_REPRESENTATION('',(#5046),#5050);
#5046 = CIRCLE('',#5047,0.45);
#5047 = AXIS2_PLACEMENT_2D('',#5048,#5049);
#5048 = CARTESIAN_POINT('',(-4.799999981973,-24.6));
#5049 = DIRECTION('',(1.,0.));
#5050 = ( GEOMETRIC_REPRESENTATION_CONTEXT(2) 
PARAMETRIC_REPRESENTATION_CONTEXT() REPRESENTATION_CONTEXT('2D SPACE',''
  ) );
#5051 = PCURVE('',#5052,#5057);
#5052 = CYLINDRICAL_SURFACE('',#5053,0.45);
#5053 = AXIS2_PLACEMENT_3D('',#5054,#5055,#5056);
#5054 = CARTESIAN_POINT('',(-4.8,-24.6,11.3));
#5055 = DIRECTION('',(0.,0.,1.));
#5056 = DIRECTION('',(1.,0.,-0.));
#5057 = DEFINITIONAL_REPRESENTATION('',(#5058),#5062);
#5058 = LINE('',#5059,#5060);
#5059 = CARTESIAN_POINT('',(0.,1.7));
#5060 = VECTOR('',#5061,1.);
#5061 = DIRECTION('',(1.,0.));
#5062 = ( GEOMETRIC_REPRESENTATION_CONTEXT(2) 
PARAMETRIC_REPRESENTATION_CONTEXT() REPRESENTATION_CONTEXT('2D SPACE',''
  ) );
#5063 = FACE_BOUND('',#5064,.T.);
#5064 = EDGE_LOOP('',(#5065));
#5065 = ORIENTED_EDGE('',*,*,#5066,.F.);
#5066 = EDGE_CURVE('',#5067,#5067,#5069,.T.);
#5067 = VERTEX_POINT('',#5068);
#5068 = CARTESIAN_POINT('',(-4.35,-23.,13.));
#5069 = SURFACE_CURVE('',#5070,(#5075,#5082),.PCURVE_S1.);
#5070 = CIRCLE('',#5071,0.45);
#5071 = AXIS2_PLACEMENT_3D('',#5072,#5073,#5074);
#5072 = CARTESIAN_POINT('',(-4.8,-23.,13.));
#5073 = DIRECTION('',(0.,0.,1.));
#5074 = DIRECTION('',(1.,0.,-0.));
#5075 = PCURVE('',#4044,#5076);
#5076 = DEFINITIONAL_REPRESENTATION('',(#5077),#5081);
#5077 = CIRCLE('',#5078,0.45);
#5078 = AXIS2_PLACEMENT_2D('',#5079,#5080);
#5079 = CARTESIAN_POINT('',(-4.799999981973,-23.));
#5080 = DIRECTION('',(1.,0.));
#5081 = ( GEOMETRIC_REPRESENTATION_CONTEXT(2) 
PARAMETRIC_REPRESENTATION_CONTEXT() REPRESENTATION_CONTEXT('2D SPACE',''
  ) );
#5082 = PCURVE('',#5083,#5088);
#5083 = CYLINDRICAL_SURFACE('',#5084,0.45);
#5084 = AXIS2_PLACEMENT_3D('',#5085,#5086,#5087);
#5085 = CARTESIAN_POINT('',(-4.8,-23.,11.3));
#5086 = DIRECTION('',(0.,0.,1.));
#5087 = DIRECTION('',(1.,0.,-0.));
#5088 = DEFINITIONAL_REPRESENTATION('',(#5089),#5093);
#5089 = LINE('',#5090,#5091);
#5090 = CARTESIAN_POINT('',(0.,1.7));
#5091 = VECTOR('',#5092,1.);
#5092 = DIRECTION('',(1.,0.));
#5093 = ( GEOMETRIC_REPRESENTATION_CONTEXT(2) 
PARAMETRIC_REPRESENTATION_CONTEXT() REPRESENTATION_CONTEXT('2D SPACE',''
  ) );
#5094 = FACE_BOUND('',#5095,.T.);
#5095 = EDGE_LOOP('',(#5096));
#5096 = ORIENTED_EDGE('',*,*,#5097,.F.);
#5097 = EDGE_CURVE('',#5098,#5098,#5100,.T.);
#5098 = VERTEX_POINT('',#5099);
#5099 = CARTESIAN_POINT('',(-4.35,-21.4,13.));
#5100 = SURFACE_CURVE('',#5101,(#5106,#5113),.PCURVE_S1.);
#5101 = CIRCLE('',#5102,0.45);
#5102 = AXIS2_PLACEMENT_3D('',#5103,#5104,#5105);
#5103 = CARTESIAN_POINT('',(-4.8,-21.4,13.));
#5104 = DIRECTION('',(0.,0.,1.));
#5105 = DIRECTION('',(1.,0.,-0.));
#5106 = PCURVE('',#4044,#5107);
#5107 = DEFINITIONAL_REPRESENTATION('',(#5108),#5112);
#5108 = CIRCLE('',#5109,0.45);
#5109 = AXIS2_PLACEMENT_2D('',#5110,#5111);
#5110 = CARTESIAN_POINT('',(-4.799999981973,-21.4));
#5111 = DIRECTION('',(1.,0.));
#5112 = ( GEOMETRIC_REPRESENTATION_CONTEXT(2) 
PARAMETRIC_REPRESENTATION_CONTEXT() REPRESENTATION_CONTEXT('2D SPACE',''
  ) );
#5113 = PCURVE('',#5114,#5119);
#5114 = CYLINDRICAL_SURFACE('',#5115,0.45);
#5115 = AXIS2_PLACEMENT_3D('',#5116,#5117,#5118);
#5116 = CARTESIAN_POINT('',(-4.8,-21.4,11.3));
#5117 = DIRECTION('',(0.,0.,1.));
#5118 = DIRECTION('',(1.,0.,-0.));
#5119 = DEFINITIONAL_REPRESENTATION('',(#5120),#5124);
#5120 = LINE('',#5121,#5122);
#5121 = CARTESIAN_POINT('',(0.,1.7));
#5122 = VECTOR('',#5123,1.);
#5123 = DIRECTION('',(1.,0.));
#5124 = ( GEOMETRIC_REPRESENTATION_CONTEXT(2) 
PARAMETRIC_REPRESENTATION_CONTEXT() REPRESENTATION_CONTEXT('2D SPACE',''
  ) );
#5125 = FACE_BOUND('',#5126,.T.);
#5126 = EDGE_LOOP('',(#5127));
#5127 = ORIENTED_EDGE('',*,*,#5128,.F.);
#5128 = EDGE_CURVE('',#5129,#5129,#5131,.T.);
#5129 = VERTEX_POINT('',#5130);
#5130 = CARTESIAN_POINT('',(-5.95,-19.8,13.));
#5131 = SURFACE_CURVE('',#5132,(#5137,#5144),.PCURVE_S1.);
#5132 = CIRCLE('',#5133,0.45);
#5133 = AXIS2_PLACEMENT_3D('',#5134,#5135,#5136);
#5134 = CARTESIAN_POINT('',(-6.4,-19.8,13.));
#5135 = DIRECTION('',(0.,0.,1.));
#5136 = DIRECTION('',(1.,0.,-0.));
#5137 = PCURVE('',#4044,#5138);
#5138 = DEFINITIONAL_REPRESENTATION('',(#5139),#5143);
#5139 = CIRCLE('',#5140,0.45);
#5140 = AXIS2_PLACEMENT_2D('',#5141,#5142);
#5141 = CARTESIAN_POINT('',(-6.399999981973,-19.8));
#5142 = DIRECTION('',(1.,0.));
#5143 = ( GEOMETRIC_REPRESENTATION_CONTEXT(2) 
PARAMETRIC_REPRESENTATION_CONTEXT() REPRESENTATION_CONTEXT('2D SPACE',''
  ) );
#5144 = PCURVE('',#5145,#5150);
#5145 = CYLINDRICAL_SURFACE('',#5146,0.45);
#5146 = AXIS2_PLACEMENT_3D('',#5147,#5148,#5149);
#5147 = CARTESIAN_POINT('',(-6.4,-19.8,11.3));
#5148 = DIRECTION('',(0.,0.,1.));
#5149 = DIRECTION('',(1.,0.,-0.));
#5150 = DEFINITIONAL_REPRESENTATION('',(#5151),#5155);
#5151 = LINE('',#5152,#5153);
#5152 = CARTESIAN_POINT('',(0.,1.7));
#5153 = VECTOR('',#5154,1.);
#5154 = DIRECTION('',(1.,0.));
#5155 = ( GEOMETRIC_REPRESENTATION_CONTEXT(2) 
PARAMETRIC_REPRESENTATION_CONTEXT() REPRESENTATION_CONTEXT('2D SPACE',''
  ) );
#5156 = FACE_BOUND('',#5157,.T.);
#5157 = EDGE_LOOP('',(#5158));
#5158 = ORIENTED_EDGE('',*,*,#5159,.F.);
#5159 = EDGE_CURVE('',#5160,#5160,#5162,.T.);
#5160 = VERTEX_POINT('',#5161);
#5161 = CARTESIAN_POINT('',(-4.35,-19.8,13.));
#5162 = SURFACE_CURVE('',#5163,(#5168,#5175),.PCURVE_S1.);
#5163 = CIRCLE('',#5164,0.45);
#5164 = AXIS2_PLACEMENT_3D('',#5165,#5166,#5167);
#5165 = CARTESIAN_POINT('',(-4.8,-19.8,13.));
#5166 = DIRECTION('',(0.,0.,1.));
#5167 = DIRECTION('',(1.,0.,-0.));
#5168 = PCURVE('',#4044,#5169);
#5169 = DEFINITIONAL_REPRESENTATION('',(#5170),#5174);
#5170 = CIRCLE('',#5171,0.45);
#5171 = AXIS2_PLACEMENT_2D('',#5172,#5173);
#5172 = CARTESIAN_POINT('',(-4.799999981973,-19.8));
#5173 = DIRECTION('',(1.,0.));
#5174 = ( GEOMETRIC_REPRESENTATION_CONTEXT(2) 
PARAMETRIC_REPRESENTATION_CONTEXT() REPRESENTATION_CONTEXT('2D SPACE',''
  ) );
#5175 = PCURVE('',#5176,#5181);
#5176 = CYLINDRICAL_SURFACE('',#5177,0.45);
#5177 = AXIS2_PLACEMENT_3D('',#5178,#5179,#5180);
#5178 = CARTESIAN_POINT('',(-4.8,-19.8,11.3));
#5179 = DIRECTION('',(0.,0.,1.));
#5180 = DIRECTION('',(1.,0.,-0.));
#5181 = DEFINITIONAL_REPRESENTATION('',(#5182),#5186);
#5182 = LINE('',#5183,#5184);
#5183 = CARTESIAN_POINT('',(0.,1.7));
#5184 = VECTOR('',#5185,1.);
#5185 = DIRECTION('',(1.,0.));
#5186 = ( GEOMETRIC_REPRESENTATION_CONTEXT(2) 
PARAMETRIC_REPRESENTATION_CONTEXT() REPRESENTATION_CONTEXT('2D SPACE',''
  ) );
#5187 = FACE_BOUND('',#5188,.T.);
#5188 = EDGE_LOOP('',(#5189));
#5189 = ORIENTED_EDGE('',*,*,#5190,.F.);
#5190 = EDGE_CURVE('',#5191,#5191,#5193,.T.);
#5191 = VERTEX_POINT('',#5192);
#5192 = CARTESIAN_POINT('',(-2.75,-24.6,13.));
#5193 = SURFACE_CURVE('',#5194,(#5199,#5206),.PCURVE_S1.);
#5194 = CIRCLE('',#5195,0.45);
#5195 = AXIS2_PLACEMENT_3D('',#5196,#5197,#5198);
#5196 = CARTESIAN_POINT('',(-3.2,-24.6,13.));
#5197 = DIRECTION('',(0.,0.,1.));
#5198 = DIRECTION('',(1.,0.,-0.));
#5199 = PCURVE('',#4044,#5200);
#5200 = DEFINITIONAL_REPRESENTATION('',(#5201),#5205);
#5201 = CIRCLE('',#5202,0.45);
#5202 = AXIS2_PLACEMENT_2D('',#5203,#5204);
#5203 = CARTESIAN_POINT('',(-3.199999981973,-24.6));
#5204 = DIRECTION('',(1.,0.));
#5205 = ( GEOMETRIC_REPRESENTATION_CONTEXT(2) 
PARAMETRIC_REPRESENTATION_CONTEXT() REPRESENTATION_CONTEXT('2D SPACE',''
  ) );
#5206 = PCURVE('',#5207,#5212);
#5207 = CYLINDRICAL_SURFACE('',#5208,0.45);
#5208 = AXIS2_PLACEMENT_3D('',#5209,#5210,#5211);
#5209 = CARTESIAN_POINT('',(-3.2,-24.6,11.3));
#5210 = DIRECTION('',(0.,0.,1.));
#5211 = DIRECTION('',(1.,0.,-0.));
#5212 = DEFINITIONAL_REPRESENTATION('',(#5213),#5217);
#5213 = LINE('',#5214,#5215);
#5214 = CARTESIAN_POINT('',(0.,1.7));
#5215 = VECTOR('',#5216,1.);
#5216 = DIRECTION('',(1.,0.));
#5217 = ( GEOMETRIC_REPRESENTATION_CONTEXT(2) 
PARAMETRIC_REPRESENTATION_CONTEXT() REPRESENTATION_CONTEXT('2D SPACE',''
  ) );
#5218 = FACE_BOUND('',#5219,.T.);
#5219 = EDGE_LOOP('',(#5220));
#5220 = ORIENTED_EDGE('',*,*,#5221,.F.);
#5221 = EDGE_CURVE('',#5222,#5222,#5224,.T.);
#5222 = VERTEX_POINT('',#5223);
#5223 = CARTESIAN_POINT('',(-2.75,-23.,13.));
#5224 = SURFACE_CURVE('',#5225,(#5230,#5237),.PCURVE_S1.);
#5225 = CIRCLE('',#5226,0.45);
#5226 = AXIS2_PLACEMENT_3D('',#5227,#5228,#5229);
#5227 = CARTESIAN_POINT('',(-3.2,-23.,13.));
#5228 = DIRECTION('',(0.,0.,1.));
#5229 = DIRECTION('',(1.,0.,-0.));
#5230 = PCURVE('',#4044,#5231);
#5231 = DEFINITIONAL_REPRESENTATION('',(#5232),#5236);
#5232 = CIRCLE('',#5233,0.45);
#5233 = AXIS2_PLACEMENT_2D('',#5234,#5235);
#5234 = CARTESIAN_POINT('',(-3.199999981973,-23.));
#5235 = DIRECTION('',(1.,0.));
#5236 = ( GEOMETRIC_REPRESENTATION_CONTEXT(2) 
PARAMETRIC_REPRESENTATION_CONTEXT() REPRESENTATION_CONTEXT('2D SPACE',''
  ) );
#5237 = PCURVE('',#5238,#5243);
#5238 = CYLINDRICAL_SURFACE('',#5239,0.45);
#5239 = AXIS2_PLACEMENT_3D('',#5240,#5241,#5242);
#5240 = CARTESIAN_POINT('',(-3.2,-23.,11.3));
#5241 = DIRECTION('',(0.,0.,1.));
#5242 = DIRECTION('',(1.,0.,-0.));
#5243 = DEFINITIONAL_REPRESENTATION('',(#5244),#5248);
#5244 = LINE('',#5245,#5246);
#5245 = CARTESIAN_POINT('',(0.,1.7));
#5246 = VECTOR('',#5247,1.);
#5247 = DIRECTION('',(1.,0.));
#5248 = ( GEOMETRIC_REPRESENTATION_CONTEXT(2) 
PARAMETRIC_REPRESENTATION_CONTEXT() REPRESENTATION_CONTEXT('2D SPACE',''
  ) );
#5249 = FACE_BOUND('',#5250,.T.);
#5250 = EDGE_LOOP('',(#5251));
#5251 = ORIENTED_EDGE('',*,*,#5252,.F.);
#5252 = EDGE_CURVE('',#5253,#5253,#5255,.T.);
#5253 = VERTEX_POINT('',#5254);
#5254 = CARTESIAN_POINT('',(-2.75,-21.4,13.));
#5255 = SURFACE_CURVE('',#5256,(#5261,#5268),.PCURVE_S1.);
#5256 = CIRCLE('',#5257,0.45);
#5257 = AXIS2_PLACEMENT_3D('',#5258,#5259,#5260);
#5258 = CARTESIAN_POINT('',(-3.2,-21.4,13.));
#5259 = DIRECTION('',(0.,0.,1.));
#5260 = DIRECTION('',(1.,0.,-0.));
#5261 = PCURVE('',#4044,#5262);
#5262 = DEFINITIONAL_REPRESENTATION('',(#5263),#5267);
#5263 = CIRCLE('',#5264,0.45);
#5264 = AXIS2_PLACEMENT_2D('',#5265,#5266);
#5265 = CARTESIAN_POINT('',(-3.199999981973,-21.4));
#5266 = DIRECTION('',(1.,0.));
#5267 = ( GEOMETRIC_REPRESENTATION_CONTEXT(2) 
PARAMETRIC_REPRESENTATION_CONTEXT() REPRESENTATION_CONTEXT('2D SPACE',''
  ) );
#5268 = PCURVE('',#5269,#5274);
#5269 = CYLINDRICAL_SURFACE('',#5270,0.45);
#5270 = AXIS2_PLACEMENT_3D('',#5271,#5272,#5273);
#5271 = CARTESIAN_POINT('',(-3.2,-21.4,11.3));
#5272 = DIRECTION('',(0.,0.,1.));
#5273 = DIRECTION('',(1.,0.,-0.));
#5274 = DEFINITIONAL_REPRESENTATION('',(#5275),#5279);
#5275 = LINE('',#5276,#5277);
#5276 = CARTESIAN_POINT('',(0.,1.7));
#5277 = VECTOR('',#5278,1.);
#5278 = DIRECTION('',(1.,0.));
#5279 = ( GEOMETRIC_REPRESENTATION_CONTEXT(2) 
PARAMETRIC_REPRESENTATION_CONTEXT() REPRESENTATION_CONTEXT('2D SPACE',''
  ) );
#5280 = FACE_BOUND('',#5281,.T.);
#5281 = EDGE_LOOP('',(#5282));
#5282 = ORIENTED_EDGE('',*,*,#5283,.F.);
#5283 = EDGE_CURVE('',#5284,#5284,#5286,.T.);
#5284 = VERTEX_POINT('',#5285);
#5285 = CARTESIAN_POINT('',(-1.15,-24.6,13.));
#5286 = SURFACE_CURVE('',#5287,(#5292,#5299),.PCURVE_S1.);
#5287 = CIRCLE('',#5288,0.45);
#5288 = AXIS2_PLACEMENT_3D('',#5289,#5290,#5291);
#5289 = CARTESIAN_POINT('',(-1.6,-24.6,13.));
#5290 = DIRECTION('',(0.,0.,1.));
#5291 = DIRECTION('',(1.,0.,-0.));
#5292 = PCURVE('',#4044,#5293);
#5293 = DEFINITIONAL_REPRESENTATION('',(#5294),#5298);
#5294 = CIRCLE('',#5295,0.45);
#5295 = AXIS2_PLACEMENT_2D('',#5296,#5297);
#5296 = CARTESIAN_POINT('',(-1.599999981973,-24.6));
#5297 = DIRECTION('',(1.,0.));
#5298 = ( GEOMETRIC_REPRESENTATION_CONTEXT(2) 
PARAMETRIC_REPRESENTATION_CONTEXT() REPRESENTATION_CONTEXT('2D SPACE',''
  ) );
#5299 = PCURVE('',#5300,#5305);
#5300 = CYLINDRICAL_SURFACE('',#5301,0.45);
#5301 = AXIS2_PLACEMENT_3D('',#5302,#5303,#5304);
#5302 = CARTESIAN_POINT('',(-1.6,-24.6,11.3));
#5303 = DIRECTION('',(0.,0.,1.));
#5304 = DIRECTION('',(1.,0.,-0.));
#5305 = DEFINITIONAL_REPRESENTATION('',(#5306),#5310);
#5306 = LINE('',#5307,#5308);
#5307 = CARTESIAN_POINT('',(0.,1.7));
#5308 = VECTOR('',#5309,1.);
#5309 = DIRECTION('',(1.,0.));
#5310 = ( GEOMETRIC_REPRESENTATION_CONTEXT(2) 
PARAMETRIC_REPRESENTATION_CONTEXT() REPRESENTATION_CONTEXT('2D SPACE',''
  ) );
#5311 = FACE_BOUND('',#5312,.T.);
#5312 = EDGE_LOOP('',(#5313));
#5313 = ORIENTED_EDGE('',*,*,#5314,.F.);
#5314 = EDGE_CURVE('',#5315,#5315,#5317,.T.);
#5315 = VERTEX_POINT('',#5316);
#5316 = CARTESIAN_POINT('',(-1.15,-23.,13.));
#5317 = SURFACE_CURVE('',#5318,(#5323,#5330),.PCURVE_S1.);
#5318 = CIRCLE('',#5319,0.45);
#5319 = AXIS2_PLACEMENT_3D('',#5320,#5321,#5322);
#5320 = CARTESIAN_POINT('',(-1.6,-23.,13.));
#5321 = DIRECTION('',(0.,0.,1.));
#5322 = DIRECTION('',(1.,0.,-0.));
#5323 = PCURVE('',#4044,#5324);
#5324 = DEFINITIONAL_REPRESENTATION('',(#5325),#5329);
#5325 = CIRCLE('',#5326,0.45);
#5326 = AXIS2_PLACEMENT_2D('',#5327,#5328);
#5327 = CARTESIAN_POINT('',(-1.599999981973,-23.));
#5328 = DIRECTION('',(1.,0.));
#5329 = ( GEOMETRIC_REPRESENTATION_CONTEXT(2) 
PARAMETRIC_REPRESENTATION_CONTEXT() REPRESENTATION_CONTEXT('2D SPACE',''
  ) );
#5330 = PCURVE('',#5331,#5336);
#5331 = CYLINDRICAL_SURFACE('',#5332,0.45);
#5332 = AXIS2_PLACEMENT_3D('',#5333,#5334,#5335);
#5333 = CARTESIAN_POINT('',(-1.6,-23.,11.3));
#5334 = DIRECTION('',(0.,0.,1.));
#5335 = DIRECTION('',(1.,0.,-0.));
#5336 = DEFINITIONAL_REPRESENTATION('',(#5337),#5341);
#5337 = LINE('',#5338,#5339);
#5338 = CARTESIAN_POINT('',(0.,1.7));
#5339 = VECTOR('',#5340,1.);
#5340 = DIRECTION('',(1.,0.));
#5341 = ( GEOMETRIC_REPRESENTATION_CONTEXT(2) 
PARAMETRIC_REPRESENTATION_CONTEXT() REPRESENTATION_CONTEXT('2D SPACE',''
  ) );
#5342 = FACE_BOUND('',#5343,.T.);
#5343 = EDGE_LOOP('',(#5344));
#5344 = ORIENTED_EDGE('',*,*,#5345,.F.);
#5345 = EDGE_CURVE('',#5346,#5346,#5348,.T.);
#5346 = VERTEX_POINT('',#5347);
#5347 = CARTESIAN_POINT('',(-1.15,-21.4,13.));
#5348 = SURFACE_CURVE('',#5349,(#5354,#5361),.PCURVE_S1.);
#5349 = CIRCLE('',#5350,0.45);
#5350 = AXIS2_PLACEMENT_3D('',#5351,#5352,#5353);
#5351 = CARTESIAN_POINT('',(-1.6,-21.4,13.));
#5352 = DIRECTION('',(0.,0.,1.));
#5353 = DIRECTION('',(1.,0.,-0.));
#5354 = PCURVE('',#4044,#5355);
#5355 = DEFINITIONAL_REPRESENTATION('',(#5356),#5360);
#5356 = CIRCLE('',#5357,0.45);
#5357 = AXIS2_PLACEMENT_2D('',#5358,#5359);
#5358 = CARTESIAN_POINT('',(-1.599999981973,-21.4));
#5359 = DIRECTION('',(1.,0.));
#5360 = ( GEOMETRIC_REPRESENTATION_CONTEXT(2) 
PARAMETRIC_REPRESENTATION_CONTEXT() REPRESENTATION_CONTEXT('2D SPACE',''
  ) );
#5361 = PCURVE('',#5362,#5367);
#5362 = CYLINDRICAL_SURFACE('',#5363,0.45);
#5363 = AXIS2_PLACEMENT_3D('',#5364,#5365,#5366);
#5364 = CARTESIAN_POINT('',(-1.6,-21.4,11.3));
#5365 = DIRECTION('',(0.,0.,1.));
#5366 = DIRECTION('',(1.,0.,-0.));
#5367 = DEFINITIONAL_REPRESENTATION('',(#5368),#5372);
#5368 = LINE('',#5369,#5370);
#5369 = CARTESIAN_POINT('',(0.,1.7));
#5370 = VECTOR('',#5371,1.);
#5371 = DIRECTION('',(1.,0.));
#5372 = ( GEOMETRIC_REPRESENTATION_CONTEXT(2) 
PARAMETRIC_REPRESENTATION_CONTEXT() REPRESENTATION_CONTEXT('2D SPACE',''
  ) );
#5373 = FACE_BOUND('',#5374,.T.);
#5374 = EDGE_LOOP('',(#5375));
#5375 = ORIENTED_EDGE('',*,*,#5376,.F.);
#5376 = EDGE_CURVE('',#5377,#5377,#5379,.T.);
#5377 = VERTEX_POINT('',#5378);
#5378 = CARTESIAN_POINT('',(-2.75,-19.8,13.));
#5379 = SURFACE_CURVE('',#5380,(#5385,#5392),.PCURVE_S1.);
#5380 = CIRCLE('',#5381,0.45);
#5381 = AXIS2_PLACEMENT_3D('',#5382,#5383,#5384);
#5382 = CARTESIAN_POINT('',(-3.2,-19.8,13.));
#5383 = DIRECTION('',(0.,0.,1.));
#5384 = DIRECTION('',(1.,0.,-0.));
#5385 = PCURVE('',#4044,#5386);
#5386 = DEFINITIONAL_REPRESENTATION('',(#5387),#5391);
#5387 = CIRCLE('',#5388,0.45);
#5388 = AXIS2_PLACEMENT_2D('',#5389,#5390);
#5389 = CARTESIAN_POINT('',(-3.199999981973,-19.8));
#5390 = DIRECTION('',(1.,0.));
#5391 = ( GEOMETRIC_REPRESENTATION_CONTEXT(2) 
PARAMETRIC_REPRESENTATION_CONTEXT() REPRESENTATION_CONTEXT('2D SPACE',''
  ) );
#5392 = PCURVE('',#5393,#5398);
#5393 = CYLINDRICAL_SURFACE('',#5394,0.45);
#5394 = AXIS2_PLACEMENT_3D('',#5395,#5396,#5397);
#5395 = CARTESIAN_POINT('',(-3.2,-19.8,11.3));
#5396 = DIRECTION('',(0.,0.,1.));
#5397 = DIRECTION('',(1.,0.,-0.));
#5398 = DEFINITIONAL_REPRESENTATION('',(#5399),#5403);
#5399 = LINE('',#5400,#5401);
#5400 = CARTESIAN_POINT('',(0.,1.7));
#5401 = VECTOR('',#5402,1.);
#5402 = DIRECTION('',(1.,0.));
#5403 = ( GEOMETRIC_REPRESENTATION_CONTEXT(2) 
PARAMETRIC_REPRESENTATION_CONTEXT() REPRESENTATION_CONTEXT('2D SPACE',''
  ) );
#5404 = FACE_BOUND('',#5405,.T.);
#5405 = EDGE_LOOP('',(#5406));
#5406 = ORIENTED_EDGE('',*,*,#5407,.F.);
#5407 = EDGE_CURVE('',#5408,#5408,#5410,.T.);
#5408 = VERTEX_POINT('',#5409);
#5409 = CARTESIAN_POINT('',(-1.15,-19.8,13.));
#5410 = SURFACE_CURVE('',#5411,(#5416,#5423),.PCURVE_S1.);
#5411 = CIRCLE('',#5412,0.45);
#5412 = AXIS2_PLACEMENT_3D('',#5413,#5414,#5415);
#5413 = CARTESIAN_POINT('',(-1.6,-19.8,13.));
#5414 = DIRECTION('',(0.,0.,1.));
#5415 = DIRECTION('',(1.,0.,-0.));
#5416 = PCURVE('',#4044,#5417);
#5417 = DEFINITIONAL_REPRESENTATION('',(#5418),#5422);
#5418 = CIRCLE('',#5419,0.45);
#5419 = AXIS2_PLACEMENT_2D('',#5420,#5421);
#5420 = CARTESIAN_POINT('',(-1.599999981973,-19.8));
#5421 = DIRECTION('',(1.,0.));
#5422 = ( GEOMETRIC_REPRESENTATION_CONTEXT(2) 
PARAMETRIC_REPRESENTATION_CONTEXT() REPRESENTATION_CONTEXT('2D SPACE',''
  ) );
#5423 = PCURVE('',#5424,#5429);
#5424 = CYLINDRICAL_SURFACE('',#5425,0.45);
#5425 = AXIS2_PLACEMENT_3D('',#5426,#5427,#5428);
#5426 = CARTESIAN_POINT('',(-1.6,-19.8,11.3));
#5427 = DIRECTION('',(0.,0.,1.));
#5428 = DIRECTION('',(1.,0.,-0.));
#5429 = DEFINITIONAL_REPRESENTATION('',(#5430),#5434);
#5430 = LINE('',#5431,#5432);
#5431 = CARTESIAN_POINT('',(0.,1.7));
#5432 = VECTOR('',#5433,1.);
#5433 = DIRECTION('',(1.,0.));
#5434 = ( GEOMETRIC_REPRESENTATION_CONTEXT(2) 
PARAMETRIC_REPRESENTATION_CONTEXT() REPRESENTATION_CONTEXT('2D SPACE',''
  ) );
#5435 = FACE_BOUND('',#5436,.T.);
#5436 = EDGE_LOOP('',(#5437));
#5437 = ORIENTED_EDGE('',*,*,#5438,.F.);
#5438 = EDGE_CURVE('',#5439,#5439,#5441,.T.);
#5439 = VERTEX_POINT('',#5440);
#5440 = CARTESIAN_POINT('',(0.45,-26.2,13.));
#5441 = SURFACE_CURVE('',#5442,(#5447,#5454),.PCURVE_S1.);
#5442 = CIRCLE('',#5443,0.45);
#5443 = AXIS2_PLACEMENT_3D('',#5444,#5445,#5446);
#5444 = CARTESIAN_POINT('',(0.,-26.2,13.));
#5445 = DIRECTION('',(0.,0.,1.));
#5446 = DIRECTION('',(1.,0.,-0.));
#5447 = PCURVE('',#4044,#5448);
#5448 = DEFINITIONAL_REPRESENTATION('',(#5449),#5453);
#5449 = CIRCLE('',#5450,0.45);
#5450 = AXIS2_PLACEMENT_2D('',#5451,#5452);
#5451 = CARTESIAN_POINT('',(1.802653120241E-08,-26.2));
#5452 = DIRECTION('',(1.,0.));
#5453 = ( GEOMETRIC_REPRESENTATION_CONTEXT(2) 
PARAMETRIC_REPRESENTATION_CONTEXT() REPRESENTATION_CONTEXT('2D SPACE',''
  ) );
#5454 = PCURVE('',#5455,#5460);
#5455 = CYLINDRICAL_SURFACE('',#5456,0.45);
#5456 = AXIS2_PLACEMENT_3D('',#5457,#5458,#5459);
#5457 = CARTESIAN_POINT('',(0.,-26.2,11.3));
#5458 = DIRECTION('',(0.,0.,1.));
#5459 = DIRECTION('',(1.,0.,-0.));
#5460 = DEFINITIONAL_REPRESENTATION('',(#5461),#5465);
#5461 = LINE('',#5462,#5463);
#5462 = CARTESIAN_POINT('',(0.,1.7));
#5463 = VECTOR('',#5464,1.);
#5464 = DIRECTION('',(1.,0.));
#5465 = ( GEOMETRIC_REPRESENTATION_CONTEXT(2) 
PARAMETRIC_REPRESENTATION_CONTEXT() REPRESENTATION_CONTEXT('2D SPACE',''
  ) );
#5466 = FACE_BOUND('',#5467,.T.);
#5467 = EDGE_LOOP('',(#5468));
#5468 = ORIENTED_EDGE('',*,*,#5469,.F.);
#5469 = EDGE_CURVE('',#5470,#5470,#5472,.T.);
#5470 = VERTEX_POINT('',#5471);
#5471 = CARTESIAN_POINT('',(2.05,-26.2,13.));
#5472 = SURFACE_CURVE('',#5473,(#5478,#5485),.PCURVE_S1.);
#5473 = CIRCLE('',#5474,0.45);
#5474 = AXIS2_PLACEMENT_3D('',#5475,#5476,#5477);
#5475 = CARTESIAN_POINT('',(1.6,-26.2,13.));
#5476 = DIRECTION('',(0.,0.,1.));
#5477 = DIRECTION('',(1.,0.,-0.));
#5478 = PCURVE('',#4044,#5479);
#5479 = DEFINITIONAL_REPRESENTATION('',(#5480),#5484);
#5480 = CIRCLE('',#5481,0.45);
#5481 = AXIS2_PLACEMENT_2D('',#5482,#5483);
#5482 = CARTESIAN_POINT('',(1.600000018027,-26.2));
#5483 = DIRECTION('',(1.,0.));
#5484 = ( GEOMETRIC_REPRESENTATION_CONTEXT(2) 
PARAMETRIC_REPRESENTATION_CONTEXT() REPRESENTATION_CONTEXT('2D SPACE',''
  ) );
#5485 = PCURVE('',#5486,#5491);
#5486 = CYLINDRICAL_SURFACE('',#5487,0.45);
#5487 = AXIS2_PLACEMENT_3D('',#5488,#5489,#5490);
#5488 = CARTESIAN_POINT('',(1.6,-26.2,11.3));
#5489 = DIRECTION('',(0.,0.,1.));
#5490 = DIRECTION('',(1.,0.,-0.));
#5491 = DEFINITIONAL_REPRESENTATION('',(#5492),#5496);
#5492 = LINE('',#5493,#5494);
#5493 = CARTESIAN_POINT('',(0.,1.7));
#5494 = VECTOR('',#5495,1.);
#5495 = DIRECTION('',(1.,0.));
#5496 = ( GEOMETRIC_REPRESENTATION_CONTEXT(2) 
PARAMETRIC_REPRESENTATION_CONTEXT() REPRESENTATION_CONTEXT('2D SPACE',''
  ) );
#5497 = FACE_BOUND('',#5498,.T.);
#5498 = EDGE_LOOP('',(#5499));
#5499 = ORIENTED_EDGE('',*,*,#5500,.F.);
#5500 = EDGE_CURVE('',#5501,#5501,#5503,.T.);
#5501 = VERTEX_POINT('',#5502);
#5502 = CARTESIAN_POINT('',(3.65,-26.2,13.));
#5503 = SURFACE_CURVE('',#5504,(#5509,#5516),.PCURVE_S1.);
#5504 = CIRCLE('',#5505,0.45);
#5505 = AXIS2_PLACEMENT_3D('',#5506,#5507,#5508);
#5506 = CARTESIAN_POINT('',(3.2,-26.2,13.));
#5507 = DIRECTION('',(0.,0.,1.));
#5508 = DIRECTION('',(1.,0.,-0.));
#5509 = PCURVE('',#4044,#5510);
#5510 = DEFINITIONAL_REPRESENTATION('',(#5511),#5515);
#5511 = CIRCLE('',#5512,0.45);
#5512 = AXIS2_PLACEMENT_2D('',#5513,#5514);
#5513 = CARTESIAN_POINT('',(3.200000018027,-26.2));
#5514 = DIRECTION('',(1.,0.));
#5515 = ( GEOMETRIC_REPRESENTATION_CONTEXT(2) 
PARAMETRIC_REPRESENTATION_CONTEXT() REPRESENTATION_CONTEXT('2D SPACE',''
  ) );
#5516 = PCURVE('',#5517,#5522);
#5517 = CYLINDRICAL_SURFACE('',#5518,0.45);
#5518 = AXIS2_PLACEMENT_3D('',#5519,#5520,#5521);
#5519 = CARTESIAN_POINT('',(3.2,-26.2,11.3));
#5520 = DIRECTION('',(0.,0.,1.));
#5521 = DIRECTION('',(1.,0.,-0.));
#5522 = DEFINITIONAL_REPRESENTATION('',(#5523),#5527);
#5523 = LINE('',#5524,#5525);
#5524 = CARTESIAN_POINT('',(0.,1.7));
#5525 = VECTOR('',#5526,1.);
#5526 = DIRECTION('',(1.,0.));
#5527 = ( GEOMETRIC_REPRESENTATION_CONTEXT(2) 
PARAMETRIC_REPRESENTATION_CONTEXT() REPRESENTATION_CONTEXT('2D SPACE',''
  ) );
#5528 = FACE_BOUND('',#5529,.T.);
#5529 = EDGE_LOOP('',(#5530));
#5530 = ORIENTED_EDGE('',*,*,#5531,.F.);
#5531 = EDGE_CURVE('',#5532,#5532,#5534,.T.);
#5532 = VERTEX_POINT('',#5533);
#5533 = CARTESIAN_POINT('',(5.25,-26.2,13.));
#5534 = SURFACE_CURVE('',#5535,(#5540,#5547),.PCURVE_S1.);
#5535 = CIRCLE('',#5536,0.45);
#5536 = AXIS2_PLACEMENT_3D('',#5537,#5538,#5539);
#5537 = CARTESIAN_POINT('',(4.8,-26.2,13.));
#5538 = DIRECTION('',(0.,0.,1.));
#5539 = DIRECTION('',(1.,0.,-0.));
#5540 = PCURVE('',#4044,#5541);
#5541 = DEFINITIONAL_REPRESENTATION('',(#5542),#5546);
#5542 = CIRCLE('',#5543,0.45);
#5543 = AXIS2_PLACEMENT_2D('',#5544,#5545);
#5544 = CARTESIAN_POINT('',(4.800000018027,-26.2));
#5545 = DIRECTION('',(1.,0.));
#5546 = ( GEOMETRIC_REPRESENTATION_CONTEXT(2) 
PARAMETRIC_REPRESENTATION_CONTEXT() REPRESENTATION_CONTEXT('2D SPACE',''
  ) );
#5547 = PCURVE('',#5548,#5553);
#5548 = CYLINDRICAL_SURFACE('',#5549,0.45);
#5549 = AXIS2_PLACEMENT_3D('',#5550,#5551,#5552);
#5550 = CARTESIAN_POINT('',(4.8,-26.2,11.3));
#5551 = DIRECTION('',(0.,0.,1.));
#5552 = DIRECTION('',(1.,0.,-0.));
#5553 = DEFINITIONAL_REPRESENTATION('',(#5554),#5558);
#5554 = LINE('',#5555,#5556);
#5555 = CARTESIAN_POINT('',(0.,1.7));
#5556 = VECTOR('',#5557,1.);
#5557 = DIRECTION('',(1.,0.));
#5558 = ( GEOMETRIC_REPRESENTATION_CONTEXT(2) 
PARAMETRIC_REPRESENTATION_CONTEXT() REPRESENTATION_CONTEXT('2D SPACE',''
  ) );
#5559 = FACE_BOUND('',#5560,.T.);
#5560 = EDGE_LOOP('',(#5561));
#5561 = ORIENTED_EDGE('',*,*,#5562,.F.);
#5562 = EDGE_CURVE('',#5563,#5563,#5565,.T.);
#5563 = VERTEX_POINT('',#5564);
#5564 = CARTESIAN_POINT('',(6.85,-26.2,13.));
#5565 = SURFACE_CURVE('',#5566,(#5571,#5578),.PCURVE_S1.);
#5566 = CIRCLE('',#5567,0.45);
#5567 = AXIS2_PLACEMENT_3D('',#5568,#5569,#5570);
#5568 = CARTESIAN_POINT('',(6.4,-26.2,13.));
#5569 = DIRECTION('',(0.,0.,1.));
#5570 = DIRECTION('',(1.,0.,-0.));
#5571 = PCURVE('',#4044,#5572);
#5572 = DEFINITIONAL_REPRESENTATION('',(#5573),#5577);
#5573 = CIRCLE('',#5574,0.45);
#5574 = AXIS2_PLACEMENT_2D('',#5575,#5576);
#5575 = CARTESIAN_POINT('',(6.400000018027,-26.2));
#5576 = DIRECTION('',(1.,0.));
#5577 = ( GEOMETRIC_REPRESENTATION_CONTEXT(2) 
PARAMETRIC_REPRESENTATION_CONTEXT() REPRESENTATION_CONTEXT('2D SPACE',''
  ) );
#5578 = PCURVE('',#5579,#5584);
#5579 = CYLINDRICAL_SURFACE('',#5580,0.45);
#5580 = AXIS2_PLACEMENT_3D('',#5581,#5582,#5583);
#5581 = CARTESIAN_POINT('',(6.4,-26.2,11.3));
#5582 = DIRECTION('',(0.,0.,1.));
#5583 = DIRECTION('',(1.,0.,-0.));
#5584 = DEFINITIONAL_REPRESENTATION('',(#5585),#5589);
#5585 = LINE('',#5586,#5587);
#5586 = CARTESIAN_POINT('',(0.,1.7));
#5587 = VECTOR('',#5588,1.);
#5588 = DIRECTION('',(1.,0.));
#5589 = ( GEOMETRIC_REPRESENTATION_CONTEXT(2) 
PARAMETRIC_REPRESENTATION_CONTEXT() REPRESENTATION_CONTEXT('2D SPACE',''
  ) );
#5590 = FACE_BOUND('',#5591,.T.);
#5591 = EDGE_LOOP('',(#5592));
#5592 = ORIENTED_EDGE('',*,*,#5593,.F.);
#5593 = EDGE_CURVE('',#5594,#5594,#5596,.T.);
#5594 = VERTEX_POINT('',#5595);
#5595 = CARTESIAN_POINT('',(0.45,-24.6,13.));
#5596 = SURFACE_CURVE('',#5597,(#5602,#5609),.PCURVE_S1.);
#5597 = CIRCLE('',#5598,0.45);
#5598 = AXIS2_PLACEMENT_3D('',#5599,#5600,#5601);
#5599 = CARTESIAN_POINT('',(0.,-24.6,13.));
#5600 = DIRECTION('',(0.,0.,1.));
#5601 = DIRECTION('',(1.,0.,-0.));
#5602 = PCURVE('',#4044,#5603);
#5603 = DEFINITIONAL_REPRESENTATION('',(#5604),#5608);
#5604 = CIRCLE('',#5605,0.45);
#5605 = AXIS2_PLACEMENT_2D('',#5606,#5607);
#5606 = CARTESIAN_POINT('',(1.802653120241E-08,-24.6));
#5607 = DIRECTION('',(1.,0.));
#5608 = ( GEOMETRIC_REPRESENTATION_CONTEXT(2) 
PARAMETRIC_REPRESENTATION_CONTEXT() REPRESENTATION_CONTEXT('2D SPACE',''
  ) );
#5609 = PCURVE('',#5610,#5615);
#5610 = CYLINDRICAL_SURFACE('',#5611,0.45);
#5611 = AXIS2_PLACEMENT_3D('',#5612,#5613,#5614);
#5612 = CARTESIAN_POINT('',(0.,-24.6,11.3));
#5613 = DIRECTION('',(0.,0.,1.));
#5614 = DIRECTION('',(1.,0.,-0.));
#5615 = DEFINITIONAL_REPRESENTATION('',(#5616),#5620);
#5616 = LINE('',#5617,#5618);
#5617 = CARTESIAN_POINT('',(0.,1.7));
#5618 = VECTOR('',#5619,1.);
#5619 = DIRECTION('',(1.,0.));
#5620 = ( GEOMETRIC_REPRESENTATION_CONTEXT(2) 
PARAMETRIC_REPRESENTATION_CONTEXT() REPRESENTATION_CONTEXT('2D SPACE',''
  ) );
#5621 = FACE_BOUND('',#5622,.T.);
#5622 = EDGE_LOOP('',(#5623));
#5623 = ORIENTED_EDGE('',*,*,#5624,.F.);
#5624 = EDGE_CURVE('',#5625,#5625,#5627,.T.);
#5625 = VERTEX_POINT('',#5626);
#5626 = CARTESIAN_POINT('',(0.45,-23.,13.));
#5627 = SURFACE_CURVE('',#5628,(#5633,#5640),.PCURVE_S1.);
#5628 = CIRCLE('',#5629,0.45);
#5629 = AXIS2_PLACEMENT_3D('',#5630,#5631,#5632);
#5630 = CARTESIAN_POINT('',(0.,-23.,13.));
#5631 = DIRECTION('',(0.,0.,1.));
#5632 = DIRECTION('',(1.,0.,-0.));
#5633 = PCURVE('',#4044,#5634);
#5634 = DEFINITIONAL_REPRESENTATION('',(#5635),#5639);
#5635 = CIRCLE('',#5636,0.45);
#5636 = AXIS2_PLACEMENT_2D('',#5637,#5638);
#5637 = CARTESIAN_POINT('',(1.802653120241E-08,-23.));
#5638 = DIRECTION('',(1.,0.));
#5639 = ( GEOMETRIC_REPRESENTATION_CONTEXT(2) 
PARAMETRIC_REPRESENTATION_CONTEXT() REPRESENTATION_CONTEXT('2D SPACE',''
  ) );
#5640 = PCURVE('',#5641,#5646);
#5641 = CYLINDRICAL_SURFACE('',#5642,0.45);
#5642 = AXIS2_PLACEMENT_3D('',#5643,#5644,#5645);
#5643 = CARTESIAN_POINT('',(0.,-23.,11.3));
#5644 = DIRECTION('',(0.,0.,1.));
#5645 = DIRECTION('',(1.,0.,-0.));
#5646 = DEFINITIONAL_REPRESENTATION('',(#5647),#5651);
#5647 = LINE('',#5648,#5649);
#5648 = CARTESIAN_POINT('',(0.,1.7));
#5649 = VECTOR('',#5650,1.);
#5650 = DIRECTION('',(1.,0.));
#5651 = ( GEOMETRIC_REPRESENTATION_CONTEXT(2) 
PARAMETRIC_REPRESENTATION_CONTEXT() REPRESENTATION_CONTEXT('2D SPACE',''
  ) );
#5652 = FACE_BOUND('',#5653,.T.);
#5653 = EDGE_LOOP('',(#5654));
#5654 = ORIENTED_EDGE('',*,*,#5655,.F.);
#5655 = EDGE_CURVE('',#5656,#5656,#5658,.T.);
#5656 = VERTEX_POINT('',#5657);
#5657 = CARTESIAN_POINT('',(2.05,-24.6,13.));
#5658 = SURFACE_CURVE('',#5659,(#5664,#5671),.PCURVE_S1.);
#5659 = CIRCLE('',#5660,0.45);
#5660 = AXIS2_PLACEMENT_3D('',#5661,#5662,#5663);
#5661 = CARTESIAN_POINT('',(1.6,-24.6,13.));
#5662 = DIRECTION('',(0.,0.,1.));
#5663 = DIRECTION('',(1.,0.,-0.));
#5664 = PCURVE('',#4044,#5665);
#5665 = DEFINITIONAL_REPRESENTATION('',(#5666),#5670);
#5666 = CIRCLE('',#5667,0.45);
#5667 = AXIS2_PLACEMENT_2D('',#5668,#5669);
#5668 = CARTESIAN_POINT('',(1.600000018027,-24.6));
#5669 = DIRECTION('',(1.,0.));
#5670 = ( GEOMETRIC_REPRESENTATION_CONTEXT(2) 
PARAMETRIC_REPRESENTATION_CONTEXT() REPRESENTATION_CONTEXT('2D SPACE',''
  ) );
#5671 = PCURVE('',#5672,#5677);
#5672 = CYLINDRICAL_SURFACE('',#5673,0.45);
#5673 = AXIS2_PLACEMENT_3D('',#5674,#5675,#5676);
#5674 = CARTESIAN_POINT('',(1.6,-24.6,11.3));
#5675 = DIRECTION('',(0.,0.,1.));
#5676 = DIRECTION('',(1.,0.,-0.));
#5677 = DEFINITIONAL_REPRESENTATION('',(#5678),#5682);
#5678 = LINE('',#5679,#5680);
#5679 = CARTESIAN_POINT('',(0.,1.7));
#5680 = VECTOR('',#5681,1.);
#5681 = DIRECTION('',(1.,0.));
#5682 = ( GEOMETRIC_REPRESENTATION_CONTEXT(2) 
PARAMETRIC_REPRESENTATION_CONTEXT() REPRESENTATION_CONTEXT('2D SPACE',''
  ) );
#5683 = FACE_BOUND('',#5684,.T.);
#5684 = EDGE_LOOP('',(#5685));
#5685 = ORIENTED_EDGE('',*,*,#5686,.F.);
#5686 = EDGE_CURVE('',#5687,#5687,#5689,.T.);
#5687 = VERTEX_POINT('',#5688);
#5688 = CARTESIAN_POINT('',(2.05,-23.,13.));
#5689 = SURFACE_CURVE('',#5690,(#5695,#5702),.PCURVE_S1.);
#5690 = CIRCLE('',#5691,0.45);
#5691 = AXIS2_PLACEMENT_3D('',#5692,#5693,#5694);
#5692 = CARTESIAN_POINT('',(1.6,-23.,13.));
#5693 = DIRECTION('',(0.,0.,1.));
#5694 = DIRECTION('',(1.,0.,-0.));
#5695 = PCURVE('',#4044,#5696);
#5696 = DEFINITIONAL_REPRESENTATION('',(#5697),#5701);
#5697 = CIRCLE('',#5698,0.45);
#5698 = AXIS2_PLACEMENT_2D('',#5699,#5700);
#5699 = CARTESIAN_POINT('',(1.600000018027,-23.));
#5700 = DIRECTION('',(1.,0.));
#5701 = ( GEOMETRIC_REPRESENTATION_CONTEXT(2) 
PARAMETRIC_REPRESENTATION_CONTEXT() REPRESENTATION_CONTEXT('2D SPACE',''
  ) );
#5702 = PCURVE('',#5703,#5708);
#5703 = CYLINDRICAL_SURFACE('',#5704,0.45);
#5704 = AXIS2_PLACEMENT_3D('',#5705,#5706,#5707);
#5705 = CARTESIAN_POINT('',(1.6,-23.,11.3));
#5706 = DIRECTION('',(0.,0.,1.));
#5707 = DIRECTION('',(1.,0.,-0.));
#5708 = DEFINITIONAL_REPRESENTATION('',(#5709),#5713);
#5709 = LINE('',#5710,#5711);
#5710 = CARTESIAN_POINT('',(0.,1.7));
#5711 = VECTOR('',#5712,1.);
#5712 = DIRECTION('',(1.,0.));
#5713 = ( GEOMETRIC_REPRESENTATION_CONTEXT(2) 
PARAMETRIC_REPRESENTATION_CONTEXT() REPRESENTATION_CONTEXT('2D SPACE',''
  ) );
#5714 = FACE_BOUND('',#5715,.T.);
#5715 = EDGE_LOOP('',(#5716));
#5716 = ORIENTED_EDGE('',*,*,#5717,.F.);
#5717 = EDGE_CURVE('',#5718,#5718,#5720,.T.);
#5718 = VERTEX_POINT('',#5719);
#5719 = CARTESIAN_POINT('',(0.45,-21.4,13.));
#5720 = SURFACE_CURVE('',#5721,(#5726,#5733),.PCURVE_S1.);
#5721 = CIRCLE('',#5722,0.45);
#5722 = AXIS2_PLACEMENT_3D('',#5723,#5724,#5725);
#5723 = CARTESIAN_POINT('',(0.,-21.4,13.));
#5724 = DIRECTION('',(0.,0.,1.));
#5725 = DIRECTION('',(1.,0.,-0.));
#5726 = PCURVE('',#4044,#5727);
#5727 = DEFINITIONAL_REPRESENTATION('',(#5728),#5732);
#5728 = CIRCLE('',#5729,0.45);
#5729 = AXIS2_PLACEMENT_2D('',#5730,#5731);
#5730 = CARTESIAN_POINT('',(1.802653120241E-08,-21.4));
#5731 = DIRECTION('',(1.,0.));
#5732 = ( GEOMETRIC_REPRESENTATION_CONTEXT(2) 
PARAMETRIC_REPRESENTATION_CONTEXT() REPRESENTATION_CONTEXT('2D SPACE',''
  ) );
#5733 = PCURVE('',#5734,#5739);
#5734 = CYLINDRICAL_SURFACE('',#5735,0.45);
#5735 = AXIS2_PLACEMENT_3D('',#5736,#5737,#5738);
#5736 = CARTESIAN_POINT('',(0.,-21.4,11.3));
#5737 = DIRECTION('',(0.,0.,1.));
#5738 = DIRECTION('',(1.,0.,-0.));
#5739 = DEFINITIONAL_REPRESENTATION('',(#5740),#5744);
#5740 = LINE('',#5741,#5742);
#5741 = CARTESIAN_POINT('',(0.,1.7));
#5742 = VECTOR('',#5743,1.);
#5743 = DIRECTION('',(1.,0.));
#5744 = ( GEOMETRIC_REPRESENTATION_CONTEXT(2) 
PARAMETRIC_REPRESENTATION_CONTEXT() REPRESENTATION_CONTEXT('2D SPACE',''
  ) );
#5745 = FACE_BOUND('',#5746,.T.);
#5746 = EDGE_LOOP('',(#5747));
#5747 = ORIENTED_EDGE('',*,*,#5748,.F.);
#5748 = EDGE_CURVE('',#5749,#5749,#5751,.T.);
#5749 = VERTEX_POINT('',#5750);
#5750 = CARTESIAN_POINT('',(2.05,-21.4,13.));
#5751 = SURFACE_CURVE('',#5752,(#5757,#5764),.PCURVE_S1.);
#5752 = CIRCLE('',#5753,0.45);
#5753 = AXIS2_PLACEMENT_3D('',#5754,#5755,#5756);
#5754 = CARTESIAN_POINT('',(1.6,-21.4,13.));
#5755 = DIRECTION('',(0.,0.,1.));
#5756 = DIRECTION('',(1.,0.,-0.));
#5757 = PCURVE('',#4044,#5758);
#5758 = DEFINITIONAL_REPRESENTATION('',(#5759),#5763);
#5759 = CIRCLE('',#5760,0.45);
#5760 = AXIS2_PLACEMENT_2D('',#5761,#5762);
#5761 = CARTESIAN_POINT('',(1.600000018027,-21.4));
#5762 = DIRECTION('',(1.,0.));
#5763 = ( GEOMETRIC_REPRESENTATION_CONTEXT(2) 
PARAMETRIC_REPRESENTATION_CONTEXT() REPRESENTATION_CONTEXT('2D SPACE',''
  ) );
#5764 = PCURVE('',#5765,#5770);
#5765 = CYLINDRICAL_SURFACE('',#5766,0.45);
#5766 = AXIS2_PLACEMENT_3D('',#5767,#5768,#5769);
#5767 = CARTESIAN_POINT('',(1.6,-21.4,11.3));
#5768 = DIRECTION('',(0.,0.,1.));
#5769 = DIRECTION('',(1.,0.,-0.));
#5770 = DEFINITIONAL_REPRESENTATION('',(#5771),#5775);
#5771 = LINE('',#5772,#5773);
#5772 = CARTESIAN_POINT('',(0.,1.7));
#5773 = VECTOR('',#5774,1.);
#5774 = DIRECTION('',(1.,0.));
#5775 = ( GEOMETRIC_REPRESENTATION_CONTEXT(2) 
PARAMETRIC_REPRESENTATION_CONTEXT() REPRESENTATION_CONTEXT('2D SPACE',''
  ) );
#5776 = FACE_BOUND('',#5777,.T.);
#5777 = EDGE_LOOP('',(#5778));
#5778 = ORIENTED_EDGE('',*,*,#5779,.F.);
#5779 = EDGE_CURVE('',#5780,#5780,#5782,.T.);
#5780 = VERTEX_POINT('',#5781);
#5781 = CARTESIAN_POINT('',(3.65,-24.6,13.));
#5782 = SURFACE_CURVE('',#5783,(#5788,#5795),.PCURVE_S1.);
#5783 = CIRCLE('',#5784,0.45);
#5784 = AXIS2_PLACEMENT_3D('',#5785,#5786,#5787);
#5785 = CARTESIAN_POINT('',(3.2,-24.6,13.));
#5786 = DIRECTION('',(0.,0.,1.));
#5787 = DIRECTION('',(1.,0.,-0.));
#5788 = PCURVE('',#4044,#5789);
#5789 = DEFINITIONAL_REPRESENTATION('',(#5790),#5794);
#5790 = CIRCLE('',#5791,0.45);
#5791 = AXIS2_PLACEMENT_2D('',#5792,#5793);
#5792 = CARTESIAN_POINT('',(3.200000018027,-24.6));
#5793 = DIRECTION('',(1.,0.));
#5794 = ( GEOMETRIC_REPRESENTATION_CONTEXT(2) 
PARAMETRIC_REPRESENTATION_CONTEXT() REPRESENTATION_CONTEXT('2D SPACE',''
  ) );
#5795 = PCURVE('',#5796,#5801);
#5796 = CYLINDRICAL_SURFACE('',#5797,0.45);
#5797 = AXIS2_PLACEMENT_3D('',#5798,#5799,#5800);
#5798 = CARTESIAN_POINT('',(3.2,-24.6,11.3));
#5799 = DIRECTION('',(0.,0.,1.));
#5800 = DIRECTION('',(1.,0.,-0.));
#5801 = DEFINITIONAL_REPRESENTATION('',(#5802),#5806);
#5802 = LINE('',#5803,#5804);
#5803 = CARTESIAN_POINT('',(0.,1.7));
#5804 = VECTOR('',#5805,1.);
#5805 = DIRECTION('',(1.,0.));
#5806 = ( GEOMETRIC_REPRESENTATION_CONTEXT(2) 
PARAMETRIC_REPRESENTATION_CONTEXT() REPRESENTATION_CONTEXT('2D SPACE',''
  ) );
#5807 = FACE_BOUND('',#5808,.T.);
#5808 = EDGE_LOOP('',(#5809));
#5809 = ORIENTED_EDGE('',*,*,#5810,.F.);
#5810 = EDGE_CURVE('',#5811,#5811,#5813,.T.);
#5811 = VERTEX_POINT('',#5812);
#5812 = CARTESIAN_POINT('',(3.65,-23.,13.));
#5813 = SURFACE_CURVE('',#5814,(#5819,#5826),.PCURVE_S1.);
#5814 = CIRCLE('',#5815,0.45);
#5815 = AXIS2_PLACEMENT_3D('',#5816,#5817,#5818);
#5816 = CARTESIAN_POINT('',(3.2,-23.,13.));
#5817 = DIRECTION('',(0.,0.,1.));
#5818 = DIRECTION('',(1.,0.,-0.));
#5819 = PCURVE('',#4044,#5820);
#5820 = DEFINITIONAL_REPRESENTATION('',(#5821),#5825);
#5821 = CIRCLE('',#5822,0.45);
#5822 = AXIS2_PLACEMENT_2D('',#5823,#5824);
#5823 = CARTESIAN_POINT('',(3.200000018027,-23.));
#5824 = DIRECTION('',(1.,0.));
#5825 = ( GEOMETRIC_REPRESENTATION_CONTEXT(2) 
PARAMETRIC_REPRESENTATION_CONTEXT() REPRESENTATION_CONTEXT('2D SPACE',''
  ) );
#5826 = PCURVE('',#5827,#5832);
#5827 = CYLINDRICAL_SURFACE('',#5828,0.45);
#5828 = AXIS2_PLACEMENT_3D('',#5829,#5830,#5831);
#5829 = CARTESIAN_POINT('',(3.2,-23.,11.3));
#5830 = DIRECTION('',(0.,0.,1.));
#5831 = DIRECTION('',(1.,0.,-0.));
#5832 = DEFINITIONAL_REPRESENTATION('',(#5833),#5837);
#5833 = LINE('',#5834,#5835);
#5834 = CARTESIAN_POINT('',(0.,1.7));
#5835 = VECTOR('',#5836,1.);
#5836 = DIRECTION('',(1.,0.));
#5837 = ( GEOMETRIC_REPRESENTATION_CONTEXT(2) 
PARAMETRIC_REPRESENTATION_CONTEXT() REPRESENTATION_CONTEXT('2D SPACE',''
  ) );
#5838 = FACE_BOUND('',#5839,.T.);
#5839 = EDGE_LOOP('',(#5840));
#5840 = ORIENTED_EDGE('',*,*,#5841,.F.);
#5841 = EDGE_CURVE('',#5842,#5842,#5844,.T.);
#5842 = VERTEX_POINT('',#5843);
#5843 = CARTESIAN_POINT('',(3.65,-21.4,13.));
#5844 = SURFACE_CURVE('',#5845,(#5850,#5857),.PCURVE_S1.);
#5845 = CIRCLE('',#5846,0.45);
#5846 = AXIS2_PLACEMENT_3D('',#5847,#5848,#5849);
#5847 = CARTESIAN_POINT('',(3.2,-21.4,13.));
#5848 = DIRECTION('',(0.,0.,1.));
#5849 = DIRECTION('',(1.,0.,-0.));
#5850 = PCURVE('',#4044,#5851);
#5851 = DEFINITIONAL_REPRESENTATION('',(#5852),#5856);
#5852 = CIRCLE('',#5853,0.45);
#5853 = AXIS2_PLACEMENT_2D('',#5854,#5855);
#5854 = CARTESIAN_POINT('',(3.200000018027,-21.4));
#5855 = DIRECTION('',(1.,0.));
#5856 = ( GEOMETRIC_REPRESENTATION_CONTEXT(2) 
PARAMETRIC_REPRESENTATION_CONTEXT() REPRESENTATION_CONTEXT('2D SPACE',''
  ) );
#5857 = PCURVE('',#5858,#5863);
#5858 = CYLINDRICAL_SURFACE('',#5859,0.45);
#5859 = AXIS2_PLACEMENT_3D('',#5860,#5861,#5862);
#5860 = CARTESIAN_POINT('',(3.2,-21.4,11.3));
#5861 = DIRECTION('',(0.,0.,1.));
#5862 = DIRECTION('',(1.,0.,-0.));
#5863 = DEFINITIONAL_REPRESENTATION('',(#5864),#5868);
#5864 = LINE('',#5865,#5866);
#5865 = CARTESIAN_POINT('',(0.,1.7));
#5866 = VECTOR('',#5867,1.);
#5867 = DIRECTION('',(1.,0.));
#5868 = ( GEOMETRIC_REPRESENTATION_CONTEXT(2) 
PARAMETRIC_REPRESENTATION_CONTEXT() REPRESENTATION_CONTEXT('2D SPACE',''
  ) );
#5869 = FACE_BOUND('',#5870,.T.);
#5870 = EDGE_LOOP('',(#5871));
#5871 = ORIENTED_EDGE('',*,*,#5872,.F.);
#5872 = EDGE_CURVE('',#5873,#5873,#5875,.T.);
#5873 = VERTEX_POINT('',#5874);
#5874 = CARTESIAN_POINT('',(0.45,-19.8,13.));
#5875 = SURFACE_CURVE('',#5876,(#5881,#5888),.PCURVE_S1.);
#5876 = CIRCLE('',#5877,0.45);
#5877 = AXIS2_PLACEMENT_3D('',#5878,#5879,#5880);
#5878 = CARTESIAN_POINT('',(0.,-19.8,13.));
#5879 = DIRECTION('',(0.,0.,1.));
#5880 = DIRECTION('',(1.,0.,-0.));
#5881 = PCURVE('',#4044,#5882);
#5882 = DEFINITIONAL_REPRESENTATION('',(#5883),#5887);
#5883 = CIRCLE('',#5884,0.45);
#5884 = AXIS2_PLACEMENT_2D('',#5885,#5886);
#5885 = CARTESIAN_POINT('',(1.802653120241E-08,-19.8));
#5886 = DIRECTION('',(1.,0.));
#5887 = ( GEOMETRIC_REPRESENTATION_CONTEXT(2) 
PARAMETRIC_REPRESENTATION_CONTEXT() REPRESENTATION_CONTEXT('2D SPACE',''
  ) );
#5888 = PCURVE('',#5889,#5894);
#5889 = CYLINDRICAL_SURFACE('',#5890,0.45);
#5890 = AXIS2_PLACEMENT_3D('',#5891,#5892,#5893);
#5891 = CARTESIAN_POINT('',(0.,-19.8,11.3));
#5892 = DIRECTION('',(0.,0.,1.));
#5893 = DIRECTION('',(1.,0.,-0.));
#5894 = DEFINITIONAL_REPRESENTATION('',(#5895),#5899);
#5895 = LINE('',#5896,#5897);
#5896 = CARTESIAN_POINT('',(0.,1.7));
#5897 = VECTOR('',#5898,1.);
#5898 = DIRECTION('',(1.,0.));
#5899 = ( GEOMETRIC_REPRESENTATION_CONTEXT(2) 
PARAMETRIC_REPRESENTATION_CONTEXT() REPRESENTATION_CONTEXT('2D SPACE',''
  ) );
#5900 = FACE_BOUND('',#5901,.T.);
#5901 = EDGE_LOOP('',(#5902));
#5902 = ORIENTED_EDGE('',*,*,#5903,.F.);
#5903 = EDGE_CURVE('',#5904,#5904,#5906,.T.);
#5904 = VERTEX_POINT('',#5905);
#5905 = CARTESIAN_POINT('',(2.05,-19.8,13.));
#5906 = SURFACE_CURVE('',#5907,(#5912,#5919),.PCURVE_S1.);
#5907 = CIRCLE('',#5908,0.45);
#5908 = AXIS2_PLACEMENT_3D('',#5909,#5910,#5911);
#5909 = CARTESIAN_POINT('',(1.6,-19.8,13.));
#5910 = DIRECTION('',(0.,0.,1.));
#5911 = DIRECTION('',(1.,0.,-0.));
#5912 = PCURVE('',#4044,#5913);
#5913 = DEFINITIONAL_REPRESENTATION('',(#5914),#5918);
#5914 = CIRCLE('',#5915,0.45);
#5915 = AXIS2_PLACEMENT_2D('',#5916,#5917);
#5916 = CARTESIAN_POINT('',(1.600000018027,-19.8));
#5917 = DIRECTION('',(1.,0.));
#5918 = ( GEOMETRIC_REPRESENTATION_CONTEXT(2) 
PARAMETRIC_REPRESENTATION_CONTEXT() REPRESENTATION_CONTEXT('2D SPACE',''
  ) );
#5919 = PCURVE('',#5920,#5925);
#5920 = CYLINDRICAL_SURFACE('',#5921,0.45);
#5921 = AXIS2_PLACEMENT_3D('',#5922,#5923,#5924);
#5922 = CARTESIAN_POINT('',(1.6,-19.8,11.3));
#5923 = DIRECTION('',(0.,0.,1.));
#5924 = DIRECTION('',(1.,0.,-0.));
#5925 = DEFINITIONAL_REPRESENTATION('',(#5926),#5930);
#5926 = LINE('',#5927,#5928);
#5927 = CARTESIAN_POINT('',(0.,1.7));
#5928 = VECTOR('',#5929,1.);
#5929 = DIRECTION('',(1.,0.));
#5930 = ( GEOMETRIC_REPRESENTATION_CONTEXT(2) 
PARAMETRIC_REPRESENTATION_CONTEXT() REPRESENTATION_CONTEXT('2D SPACE',''
  ) );
#5931 = FACE_BOUND('',#5932,.T.);
#5932 = EDGE_LOOP('',(#5933));
#5933 = ORIENTED_EDGE('',*,*,#5934,.F.);
#5934 = EDGE_CURVE('',#5935,#5935,#5937,.T.);
#5935 = VERTEX_POINT('',#5936);
#5936 = CARTESIAN_POINT('',(3.65,-19.8,13.));
#5937 = SURFACE_CURVE('',#5938,(#5943,#5950),.PCURVE_S1.);
#5938 = CIRCLE('',#5939,0.45);
#5939 = AXIS2_PLACEMENT_3D('',#5940,#5941,#5942);
#5940 = CARTESIAN_POINT('',(3.2,-19.8,13.));
#5941 = DIRECTION('',(0.,0.,1.));
#5942 = DIRECTION('',(1.,0.,-0.));
#5943 = PCURVE('',#4044,#5944);
#5944 = DEFINITIONAL_REPRESENTATION('',(#5945),#5949);
#5945 = CIRCLE('',#5946,0.45);
#5946 = AXIS2_PLACEMENT_2D('',#5947,#5948);
#5947 = CARTESIAN_POINT('',(3.200000018027,-19.8));
#5948 = DIRECTION('',(1.,0.));
#5949 = ( GEOMETRIC_REPRESENTATION_CONTEXT(2) 
PARAMETRIC_REPRESENTATION_CONTEXT() REPRESENTATION_CONTEXT('2D SPACE',''
  ) );
#5950 = PCURVE('',#5951,#5956);
#5951 = CYLINDRICAL_SURFACE('',#5952,0.45);
#5952 = AXIS2_PLACEMENT_3D('',#5953,#5954,#5955);
#5953 = CARTESIAN_POINT('',(3.2,-19.8,11.3));
#5954 = DIRECTION('',(0.,0.,1.));
#5955 = DIRECTION('',(1.,0.,-0.));
#5956 = DEFINITIONAL_REPRESENTATION('',(#5957),#5961);
#5957 = LINE('',#5958,#5959);
#5958 = CARTESIAN_POINT('',(0.,1.7));
#5959 = VECTOR('',#5960,1.);
#5960 = DIRECTION('',(1.,0.));
#5961 = ( GEOMETRIC_REPRESENTATION_CONTEXT(2) 
PARAMETRIC_REPRESENTATION_CONTEXT() REPRESENTATION_CONTEXT('2D SPACE',''
  ) );
#5962 = FACE_BOUND('',#5963,.T.);
#5963 = EDGE_LOOP('',(#5964));
#5964 = ORIENTED_EDGE('',*,*,#5965,.F.);
#5965 = EDGE_CURVE('',#5966,#5966,#5968,.T.);
#5966 = VERTEX_POINT('',#5967);
#5967 = CARTESIAN_POINT('',(5.25,-24.6,13.));
#5968 = SURFACE_CURVE('',#5969,(#5974,#5981),.PCURVE_S1.);
#5969 = CIRCLE('',#5970,0.45);
#5970 = AXIS2_PLACEMENT_3D('',#5971,#5972,#5973);
#5971 = CARTESIAN_POINT('',(4.8,-24.6,13.));
#5972 = DIRECTION('',(0.,0.,1.));
#5973 = DIRECTION('',(1.,0.,-0.));
#5974 = PCURVE('',#4044,#5975);
#5975 = DEFINITIONAL_REPRESENTATION('',(#5976),#5980);
#5976 = CIRCLE('',#5977,0.45);
#5977 = AXIS2_PLACEMENT_2D('',#5978,#5979);
#5978 = CARTESIAN_POINT('',(4.800000018027,-24.6));
#5979 = DIRECTION('',(1.,0.));
#5980 = ( GEOMETRIC_REPRESENTATION_CONTEXT(2) 
PARAMETRIC_REPRESENTATION_CONTEXT() REPRESENTATION_CONTEXT('2D SPACE',''
  ) );
#5981 = PCURVE('',#5982,#5987);
#5982 = CYLINDRICAL_SURFACE('',#5983,0.45);
#5983 = AXIS2_PLACEMENT_3D('',#5984,#5985,#5986);
#5984 = CARTESIAN_POINT('',(4.8,-24.6,11.3));
#5985 = DIRECTION('',(0.,0.,1.));
#5986 = DIRECTION('',(1.,0.,-0.));
#5987 = DEFINITIONAL_REPRESENTATION('',(#5988),#5992);
#5988 = LINE('',#5989,#5990);
#5989 = CARTESIAN_POINT('',(0.,1.7));
#5990 = VECTOR('',#5991,1.);
#5991 = DIRECTION('',(1.,0.));
#5992 = ( GEOMETRIC_REPRESENTATION_CONTEXT(2) 
PARAMETRIC_REPRESENTATION_CONTEXT() REPRESENTATION_CONTEXT('2D SPACE',''
  ) );
#5993 = FACE_BOUND('',#5994,.T.);
#5994 = EDGE_LOOP('',(#5995));
#5995 = ORIENTED_EDGE('',*,*,#5996,.F.);
#5996 = EDGE_CURVE('',#5997,#5997,#5999,.T.);
#5997 = VERTEX_POINT('',#5998);
#5998 = CARTESIAN_POINT('',(5.25,-23.,13.));
#5999 = SURFACE_CURVE('',#6000,(#6005,#6012),.PCURVE_S1.);
#6000 = CIRCLE('',#6001,0.45);
#6001 = AXIS2_PLACEMENT_3D('',#6002,#6003,#6004);
#6002 = CARTESIAN_POINT('',(4.8,-23.,13.));
#6003 = DIRECTION('',(0.,0.,1.));
#6004 = DIRECTION('',(1.,0.,-0.));
#6005 = PCURVE('',#4044,#6006);
#6006 = DEFINITIONAL_REPRESENTATION('',(#6007),#6011);
#6007 = CIRCLE('',#6008,0.45);
#6008 = AXIS2_PLACEMENT_2D('',#6009,#6010);
#6009 = CARTESIAN_POINT('',(4.800000018027,-23.));
#6010 = DIRECTION('',(1.,0.));
#6011 = ( GEOMETRIC_REPRESENTATION_CONTEXT(2) 
PARAMETRIC_REPRESENTATION_CONTEXT() REPRESENTATION_CONTEXT('2D SPACE',''
  ) );
#6012 = PCURVE('',#6013,#6018);
#6013 = CYLINDRICAL_SURFACE('',#6014,0.45);
#6014 = AXIS2_PLACEMENT_3D('',#6015,#6016,#6017);
#6015 = CARTESIAN_POINT('',(4.8,-23.,11.3));
#6016 = DIRECTION('',(0.,0.,1.));
#6017 = DIRECTION('',(1.,0.,-0.));
#6018 = DEFINITIONAL_REPRESENTATION('',(#6019),#6023);
#6019 = LINE('',#6020,#6021);
#6020 = CARTESIAN_POINT('',(0.,1.7));
#6021 = VECTOR('',#6022,1.);
#6022 = DIRECTION('',(1.,0.));
#6023 = ( GEOMETRIC_REPRESENTATION_CONTEXT(2) 
PARAMETRIC_REPRESENTATION_CONTEXT() REPRESENTATION_CONTEXT('2D SPACE',''
  ) );
#6024 = FACE_BOUND('',#6025,.T.);
#6025 = EDGE_LOOP('',(#6026));
#6026 = ORIENTED_EDGE('',*,*,#6027,.F.);
#6027 = EDGE_CURVE('',#6028,#6028,#6030,.T.);
#6028 = VERTEX_POINT('',#6029);
#6029 = CARTESIAN_POINT('',(5.25,-21.4,13.));
#6030 = SURFACE_CURVE('',#6031,(#6036,#6043),.PCURVE_S1.);
#6031 = CIRCLE('',#6032,0.45);
#6032 = AXIS2_PLACEMENT_3D('',#6033,#6034,#6035);
#6033 = CARTESIAN_POINT('',(4.8,-21.4,13.));
#6034 = DIRECTION('',(0.,0.,1.));
#6035 = DIRECTION('',(1.,0.,-0.));
#6036 = PCURVE('',#4044,#6037);
#6037 = DEFINITIONAL_REPRESENTATION('',(#6038),#6042);
#6038 = CIRCLE('',#6039,0.45);
#6039 = AXIS2_PLACEMENT_2D('',#6040,#6041);
#6040 = CARTESIAN_POINT('',(4.800000018027,-21.4));
#6041 = DIRECTION('',(1.,0.));
#6042 = ( GEOMETRIC_REPRESENTATION_CONTEXT(2) 
PARAMETRIC_REPRESENTATION_CONTEXT() REPRESENTATION_CONTEXT('2D SPACE',''
  ) );
#6043 = PCURVE('',#6044,#6049);
#6044 = CYLINDRICAL_SURFACE('',#6045,0.45);
#6045 = AXIS2_PLACEMENT_3D('',#6046,#6047,#6048);
#6046 = CARTESIAN_POINT('',(4.8,-21.4,11.3));
#6047 = DIRECTION('',(0.,0.,1.));
#6048 = DIRECTION('',(1.,0.,-0.));
#6049 = DEFINITIONAL_REPRESENTATION('',(#6050),#6054);
#6050 = LINE('',#6051,#6052);
#6051 = CARTESIAN_POINT('',(0.,1.7));
#6052 = VECTOR('',#6053,1.);
#6053 = DIRECTION('',(1.,0.));
#6054 = ( GEOMETRIC_REPRESENTATION_CONTEXT(2) 
PARAMETRIC_REPRESENTATION_CONTEXT() REPRESENTATION_CONTEXT('2D SPACE',''
  ) );
#6055 = FACE_BOUND('',#6056,.T.);
#6056 = EDGE_LOOP('',(#6057));
#6057 = ORIENTED_EDGE('',*,*,#6058,.F.);
#6058 = EDGE_CURVE('',#6059,#6059,#6061,.T.);
#6059 = VERTEX_POINT('',#6060);
#6060 = CARTESIAN_POINT('',(6.85,-24.6,13.));
#6061 = SURFACE_CURVE('',#6062,(#6067,#6074),.PCURVE_S1.);
#6062 = CIRCLE('',#6063,0.45);
#6063 = AXIS2_PLACEMENT_3D('',#6064,#6065,#6066);
#6064 = CARTESIAN_POINT('',(6.4,-24.6,13.));
#6065 = DIRECTION('',(0.,0.,1.));
#6066 = DIRECTION('',(1.,0.,-0.));
#6067 = PCURVE('',#4044,#6068);
#6068 = DEFINITIONAL_REPRESENTATION('',(#6069),#6073);
#6069 = CIRCLE('',#6070,0.45);
#6070 = AXIS2_PLACEMENT_2D('',#6071,#6072);
#6071 = CARTESIAN_POINT('',(6.400000018027,-24.6));
#6072 = DIRECTION('',(1.,0.));
#6073 = ( GEOMETRIC_REPRESENTATION_CONTEXT(2) 
PARAMETRIC_REPRESENTATION_CONTEXT() REPRESENTATION_CONTEXT('2D SPACE',''
  ) );
#6074 = PCURVE('',#6075,#6080);
#6075 = CYLINDRICAL_SURFACE('',#6076,0.45);
#6076 = AXIS2_PLACEMENT_3D('',#6077,#6078,#6079);
#6077 = CARTESIAN_POINT('',(6.4,-24.6,11.3));
#6078 = DIRECTION('',(0.,0.,1.));
#6079 = DIRECTION('',(1.,0.,-0.));
#6080 = DEFINITIONAL_REPRESENTATION('',(#6081),#6085);
#6081 = LINE('',#6082,#6083);
#6082 = CARTESIAN_POINT('',(0.,1.7));
#6083 = VECTOR('',#6084,1.);
#6084 = DIRECTION('',(1.,0.));
#6085 = ( GEOMETRIC_REPRESENTATION_CONTEXT(2) 
PARAMETRIC_REPRESENTATION_CONTEXT() REPRESENTATION_CONTEXT('2D SPACE',''
  ) );
#6086 = FACE_BOUND('',#6087,.T.);
#6087 = EDGE_LOOP('',(#6088));
#6088 = ORIENTED_EDGE('',*,*,#6089,.F.);
#6089 = EDGE_CURVE('',#6090,#6090,#6092,.T.);
#6090 = VERTEX_POINT('',#6091);
#6091 = CARTESIAN_POINT('',(6.85,-23.,13.));
#6092 = SURFACE_CURVE('',#6093,(#6098,#6105),.PCURVE_S1.);
#6093 = CIRCLE('',#6094,0.45);
#6094 = AXIS2_PLACEMENT_3D('',#6095,#6096,#6097);
#6095 = CARTESIAN_POINT('',(6.4,-23.,13.));
#6096 = DIRECTION('',(0.,0.,1.));
#6097 = DIRECTION('',(1.,0.,-0.));
#6098 = PCURVE('',#4044,#6099);
#6099 = DEFINITIONAL_REPRESENTATION('',(#6100),#6104);
#6100 = CIRCLE('',#6101,0.45);
#6101 = AXIS2_PLACEMENT_2D('',#6102,#6103);
#6102 = CARTESIAN_POINT('',(6.400000018027,-23.));
#6103 = DIRECTION('',(1.,0.));
#6104 = ( GEOMETRIC_REPRESENTATION_CONTEXT(2) 
PARAMETRIC_REPRESENTATION_CONTEXT() REPRESENTATION_CONTEXT('2D SPACE',''
  ) );
#6105 = PCURVE('',#6106,#6111);
#6106 = CYLINDRICAL_SURFACE('',#6107,0.45);
#6107 = AXIS2_PLACEMENT_3D('',#6108,#6109,#6110);
#6108 = CARTESIAN_POINT('',(6.4,-23.,11.3));
#6109 = DIRECTION('',(0.,0.,1.));
#6110 = DIRECTION('',(1.,0.,-0.));
#6111 = DEFINITIONAL_REPRESENTATION('',(#6112),#6116);
#6112 = LINE('',#6113,#6114);
#6113 = CARTESIAN_POINT('',(0.,1.7));
#6114 = VECTOR('',#6115,1.);
#6115 = DIRECTION('',(1.,0.));
#6116 = ( GEOMETRIC_REPRESENTATION_CONTEXT(2) 
PARAMETRIC_REPRESENTATION_CONTEXT() REPRESENTATION_CONTEXT('2D SPACE',''
  ) );
#6117 = FACE_BOUND('',#6118,.T.);
#6118 = EDGE_LOOP('',(#6119));
#6119 = ORIENTED_EDGE('',*,*,#6120,.F.);
#6120 = EDGE_CURVE('',#6121,#6121,#6123,.T.);
#6121 = VERTEX_POINT('',#6122);
#6122 = CARTESIAN_POINT('',(6.85,-21.4,13.));
#6123 = SURFACE_CURVE('',#6124,(#6129,#6136),.PCURVE_S1.);
#6124 = CIRCLE('',#6125,0.45);
#6125 = AXIS2_PLACEMENT_3D('',#6126,#6127,#6128);
#6126 = CARTESIAN_POINT('',(6.4,-21.4,13.));
#6127 = DIRECTION('',(0.,0.,1.));
#6128 = DIRECTION('',(1.,0.,-0.));
#6129 = PCURVE('',#4044,#6130);
#6130 = DEFINITIONAL_REPRESENTATION('',(#6131),#6135);
#6131 = CIRCLE('',#6132,0.45);
#6132 = AXIS2_PLACEMENT_2D('',#6133,#6134);
#6133 = CARTESIAN_POINT('',(6.400000018027,-21.4));
#6134 = DIRECTION('',(1.,0.));
#6135 = ( GEOMETRIC_REPRESENTATION_CONTEXT(2) 
PARAMETRIC_REPRESENTATION_CONTEXT() REPRESENTATION_CONTEXT('2D SPACE',''
  ) );
#6136 = PCURVE('',#6137,#6142);
#6137 = CYLINDRICAL_SURFACE('',#6138,0.45);
#6138 = AXIS2_PLACEMENT_3D('',#6139,#6140,#6141);
#6139 = CARTESIAN_POINT('',(6.4,-21.4,11.3));
#6140 = DIRECTION('',(0.,0.,1.));
#6141 = DIRECTION('',(1.,0.,-0.));
#6142 = DEFINITIONAL_REPRESENTATION('',(#6143),#6147);
#6143 = LINE('',#6144,#6145);
#6144 = CARTESIAN_POINT('',(0.,1.7));
#6145 = VECTOR('',#6146,1.);
#6146 = DIRECTION('',(1.,0.));
#6147 = ( GEOMETRIC_REPRESENTATION_CONTEXT(2) 
PARAMETRIC_REPRESENTATION_CONTEXT() REPRESENTATION_CONTEXT('2D SPACE',''
  ) );
#6148 = FACE_BOUND('',#6149,.T.);
#6149 = EDGE_LOOP('',(#6150));
#6150 = ORIENTED_EDGE('',*,*,#6151,.F.);
#6151 = EDGE_CURVE('',#6152,#6152,#6154,.T.);
#6152 = VERTEX_POINT('',#6153);
#6153 = CARTESIAN_POINT('',(5.25,-19.8,13.));
#6154 = SURFACE_CURVE('',#6155,(#6160,#6167),.PCURVE_S1.);
#6155 = CIRCLE('',#6156,0.45);
#6156 = AXIS2_PLACEMENT_3D('',#6157,#6158,#6159);
#6157 = CARTESIAN_POINT('',(4.8,-19.8,13.));
#6158 = DIRECTION('',(0.,0.,1.));
#6159 = DIRECTION('',(1.,0.,-0.));
#6160 = PCURVE('',#4044,#6161);
#6161 = DEFINITIONAL_REPRESENTATION('',(#6162),#6166);
#6162 = CIRCLE('',#6163,0.45);
#6163 = AXIS2_PLACEMENT_2D('',#6164,#6165);
#6164 = CARTESIAN_POINT('',(4.800000018027,-19.8));
#6165 = DIRECTION('',(1.,0.));
#6166 = ( GEOMETRIC_REPRESENTATION_CONTEXT(2) 
PARAMETRIC_REPRESENTATION_CONTEXT() REPRESENTATION_CONTEXT('2D SPACE',''
  ) );
#6167 = PCURVE('',#6168,#6173);
#6168 = CYLINDRICAL_SURFACE('',#6169,0.45);
#6169 = AXIS2_PLACEMENT_3D('',#6170,#6171,#6172);
#6170 = CARTESIAN_POINT('',(4.8,-19.8,11.3));
#6171 = DIRECTION('',(0.,0.,1.));
#6172 = DIRECTION('',(1.,0.,-0.));
#6173 = DEFINITIONAL_REPRESENTATION('',(#6174),#6178);
#6174 = LINE('',#6175,#6176);
#6175 = CARTESIAN_POINT('',(0.,1.7));
#6176 = VECTOR('',#6177,1.);
#6177 = DIRECTION('',(1.,0.));
#6178 = ( GEOMETRIC_REPRESENTATION_CONTEXT(2) 
PARAMETRIC_REPRESENTATION_CONTEXT() REPRESENTATION_CONTEXT('2D SPACE',''
  ) );
#6179 = FACE_BOUND('',#6180,.T.);
#6180 = EDGE_LOOP('',(#6181));
#6181 = ORIENTED_EDGE('',*,*,#6182,.F.);
#6182 = EDGE_CURVE('',#6183,#6183,#6185,.T.);
#6183 = VERTEX_POINT('',#6184);
#6184 = CARTESIAN_POINT('',(6.85,-19.8,13.));
#6185 = SURFACE_CURVE('',#6186,(#6191,#6198),.PCURVE_S1.);
#6186 = CIRCLE('',#6187,0.45);
#6187 = AXIS2_PLACEMENT_3D('',#6188,#6189,#6190);
#6188 = CARTESIAN_POINT('',(6.4,-19.8,13.));
#6189 = DIRECTION('',(0.,0.,1.));
#6190 = DIRECTION('',(1.,0.,-0.));
#6191 = PCURVE('',#4044,#6192);
#6192 = DEFINITIONAL_REPRESENTATION('',(#6193),#6197);
#6193 = CIRCLE('',#6194,0.45);
#6194 = AXIS2_PLACEMENT_2D('',#6195,#6196);
#6195 = CARTESIAN_POINT('',(6.400000018027,-19.8));
#6196 = DIRECTION('',(1.,0.));
#6197 = ( GEOMETRIC_REPRESENTATION_CONTEXT(2) 
PARAMETRIC_REPRESENTATION_CONTEXT() REPRESENTATION_CONTEXT('2D SPACE',''
  ) );
#6198 = PCURVE('',#6199,#6204);
#6199 = CYLINDRICAL_SURFACE('',#6200,0.45);
#6200 = AXIS2_PLACEMENT_3D('',#6201,#6202,#6203);
#6201 = CARTESIAN_POINT('',(6.4,-19.8,11.3));
#6202 = DIRECTION('',(0.,0.,1.));
#6203 = DIRECTION('',(1.,0.,-0.));
#6204 = DEFINITIONAL_REPRESENTATION('',(#6205),#6209);
#6205 = LINE('',#6206,#6207);
#6206 = CARTESIAN_POINT('',(0.,1.7));
#6207 = VECTOR('',#6208,1.);
#6208 = DIRECTION('',(1.,0.));
#6209 = ( GEOMETRIC_REPRESENTATION_CONTEXT(2) 
PARAMETRIC_REPRESENTATION_CONTEXT() REPRESENTATION_CONTEXT('2D SPACE',''
  ) );
#6210 = FACE_BOUND('',#6211,.T.);
#6211 = EDGE_LOOP('',(#6212));
#6212 = ORIENTED_EDGE('',*,*,#6213,.F.);
#6213 = EDGE_CURVE('',#6214,#6214,#6216,.T.);
#6214 = VERTEX_POINT('',#6215);
#6215 = CARTESIAN_POINT('',(13.65,-31.5,13.));
#6216 = SURFACE_CURVE('',#6217,(#6222,#6229),.PCURVE_S1.);
#6217 = CIRCLE('',#6218,1.85);
#6218 = AXIS2_PLACEMENT_3D('',#6219,#6220,#6221);
#6219 = CARTESIAN_POINT('',(11.8,-31.5,13.));
#6220 = DIRECTION('',(0.,0.,1.));
#6221 = DIRECTION('',(1.,0.,-0.));
#6222 = PCURVE('',#4044,#6223);
#6223 = DEFINITIONAL_REPRESENTATION('',(#6224),#6228);
#6224 = CIRCLE('',#6225,1.85);
#6225 = AXIS2_PLACEMENT_2D('',#6226,#6227);
#6226 = CARTESIAN_POINT('',(11.800000018027,-31.5));
#6227 = DIRECTION('',(1.,0.));
#6228 = ( GEOMETRIC_REPRESENTATION_CONTEXT(2) 
PARAMETRIC_REPRESENTATION_CONTEXT() REPRESENTATION_CONTEXT('2D SPACE',''
  ) );
#6229 = PCURVE('',#6230,#6235);
#6230 = CYLINDRICAL_SURFACE('',#6231,1.85);
#6231 = AXIS2_PLACEMENT_3D('',#6232,#6233,#6234);
#6232 = CARTESIAN_POINT('',(11.8,-31.5,12.25));
#6233 = DIRECTION('',(0.,0.,1.));
#6234 = DIRECTION('',(1.,0.,-0.));
#6235 = DEFINITIONAL_REPRESENTATION('',(#6236),#6240);
#6236 = LINE('',#6237,#6238);
#6237 = CARTESIAN_POINT('',(0.,0.75));
#6238 = VECTOR('',#6239,1.);
#6239 = DIRECTION('',(1.,0.));
#6240 = ( GEOMETRIC_REPRESENTATION_CONTEXT(2) 
PARAMETRIC_REPRESENTATION_CONTEXT() REPRESENTATION_CONTEXT('2D SPACE',''
  ) );
#6241 = FACE_BOUND('',#6242,.T.);
#6242 = EDGE_LOOP('',(#6243));
#6243 = ORIENTED_EDGE('',*,*,#6244,.F.);
#6244 = EDGE_CURVE('',#6245,#6245,#6247,.T.);
#6245 = VERTEX_POINT('',#6246);
#6246 = CARTESIAN_POINT('',(-9.95,31.5,13.));
#6247 = SURFACE_CURVE('',#6248,(#6253,#6260),.PCURVE_S1.);
#6248 = CIRCLE('',#6249,1.85);
#6249 = AXIS2_PLACEMENT_3D('',#6250,#6251,#6252);
#6250 = CARTESIAN_POINT('',(-11.8,31.5,13.));
#6251 = DIRECTION('',(0.,0.,1.));
#6252 = DIRECTION('',(1.,0.,-0.));
#6253 = PCURVE('',#4044,#6254);
#6254 = DEFINITIONAL_REPRESENTATION('',(#6255),#6259);
#6255 = CIRCLE('',#6256,1.85);
#6256 = AXIS2_PLACEMENT_2D('',#6257,#6258);
#6257 = CARTESIAN_POINT('',(-11.79999998197,31.5));
#6258 = DIRECTION('',(1.,0.));
#6259 = ( GEOMETRIC_REPRESENTATION_CONTEXT(2) 
PARAMETRIC_REPRESENTATION_CONTEXT() REPRESENTATION_CONTEXT('2D SPACE',''
  ) );
#6260 = PCURVE('',#6261,#6266);
#6261 = CYLINDRICAL_SURFACE('',#6262,1.85);
#6262 = AXIS2_PLACEMENT_3D('',#6263,#6264,#6265);
#6263 = CARTESIAN_POINT('',(-11.8,31.5,12.25));
#6264 = DIRECTION('',(0.,0.,1.));
#6265 = DIRECTION('',(1.,0.,-0.));
#6266 = DEFINITIONAL_REPRESENTATION('',(#6267),#6271);
#6267 = LINE('',#6268,#6269);
#6268 = CARTESIAN_POINT('',(0.,0.75));
#6269 = VECTOR('',#6270,1.);
#6270 = DIRECTION('',(1.,0.));
#6271 = ( GEOMETRIC_REPRESENTATION_CONTEXT(2) 
PARAMETRIC_REPRESENTATION_CONTEXT() REPRESENTATION_CONTEXT('2D SPACE',''
  ) );
#6272 = FACE_BOUND('',#6273,.T.);
#6273 = EDGE_LOOP('',(#6274));
#6274 = ORIENTED_EDGE('',*,*,#6275,.F.);
#6275 = EDGE_CURVE('',#6276,#6276,#6278,.T.);
#6276 = VERTEX_POINT('',#6277);
#6277 = CARTESIAN_POINT('',(6.6,14.,13.));
#6278 = SURFACE_CURVE('',#6279,(#6284,#6291),.PCURVE_S1.);
#6279 = CIRCLE('',#6280,0.6);
#6280 = AXIS2_PLACEMENT_3D('',#6281,#6282,#6283);
#6281 = CARTESIAN_POINT('',(6.,14.,13.));
#6282 = DIRECTION('',(0.,0.,1.));
#6283 = DIRECTION('',(1.,0.,-0.));
#6284 = PCURVE('',#4044,#6285);
#6285 = DEFINITIONAL_REPRESENTATION('',(#6286),#6290);
#6286 = CIRCLE('',#6287,0.6);
#6287 = AXIS2_PLACEMENT_2D('',#6288,#6289);
#6288 = CARTESIAN_POINT('',(6.000000018027,14.));
#6289 = DIRECTION('',(1.,0.));
#6290 = ( GEOMETRIC_REPRESENTATION_CONTEXT(2) 
PARAMETRIC_REPRESENTATION_CONTEXT() REPRESENTATION_CONTEXT('2D SPACE',''
  ) );
#6291 = PCURVE('',#6292,#6297);
#6292 = CYLINDRICAL_SURFACE('',#6293,0.6);
#6293 = AXIS2_PLACEMENT_3D('',#6294,#6295,#6296);
#6294 = CARTESIAN_POINT('',(6.,14.,10.5));
#6295 = DIRECTION('',(0.,0.,1.));
#6296 = DIRECTION('',(1.,0.,-0.));
#6297 = DEFINITIONAL_REPRESENTATION('',(#6298),#6302);
#6298 = LINE('',#6299,#6300);
#6299 = CARTESIAN_POINT('',(0.,2.5));
#6300 = VECTOR('',#6301,1.);
#6301 = DIRECTION('',(1.,0.));
#6302 = ( GEOMETRIC_REPRESENTATION_CONTEXT(2) 
PARAMETRIC_REPRESENTATION_CONTEXT() REPRESENTATION_CONTEXT('2D SPACE',''
  ) );
#6303 = FACE_BOUND('',#6304,.T.);
#6304 = EDGE_LOOP('',(#6305));
#6305 = ORIENTED_EDGE('',*,*,#6306,.F.);
#6306 = EDGE_CURVE('',#6307,#6307,#6309,.T.);
#6307 = VERTEX_POINT('',#6308);
#6308 = CARTESIAN_POINT('',(13.65,31.5,13.));
#6309 = SURFACE_CURVE('',#6310,(#6315,#6322),.PCURVE_S1.);
#6310 = CIRCLE('',#6311,1.85);
#6311 = AXIS2_PLACEMENT_3D('',#6312,#6313,#6314);
#6312 = CARTESIAN_POINT('',(11.8,31.5,13.));
#6313 = DIRECTION('',(0.,0.,1.));
#6314 = DIRECTION('',(1.,0.,-0.));
#6315 = PCURVE('',#4044,#6316);
#6316 = DEFINITIONAL_REPRESENTATION('',(#6317),#6321);
#6317 = CIRCLE('',#6318,1.85);
#6318 = AXIS2_PLACEMENT_2D('',#6319,#6320);
#6319 = CARTESIAN_POINT('',(11.800000018027,31.5));
#6320 = DIRECTION('',(1.,0.));
#6321 = ( GEOMETRIC_REPRESENTATION_CONTEXT(2) 
PARAMETRIC_REPRESENTATION_CONTEXT() REPRESENTATION_CONTEXT('2D SPACE',''
  ) );
#6322 = PCURVE('',#6323,#6328);
#6323 = CYLINDRICAL_SURFACE('',#6324,1.85);
#6324 = AXIS2_PLACEMENT_3D('',#6325,#6326,#6327);
#6325 = CARTESIAN_POINT('',(11.8,31.5,12.25));
#6326 = DIRECTION('',(0.,0.,1.));
#6327 = DIRECTION('',(1.,0.,-0.));
#6328 = DEFINITIONAL_REPRESENTATION('',(#6329),#6333);
#6329 = LINE('',#6330,#6331);
#6330 = CARTESIAN_POINT('',(0.,0.75));
#6331 = VECTOR('',#6332,1.);
#6332 = DIRECTION('',(1.,0.));
#6333 = ( GEOMETRIC_REPRESENTATION_CONTEXT(2) 
PARAMETRIC_REPRESENTATION_CONTEXT() REPRESENTATION_CONTEXT('2D SPACE',''
  ) );
#6334 = ADVANCED_FACE('',(#6335),#4131,.F.);
#6335 = FACE_BOUND('',#6336,.F.);
#6336 = EDGE_LOOP('',(#6337,#6338,#6339,#6360));
#6337 = ORIENTED_EDGE('',*,*,#4113,.T.);
#6338 = ORIENTED_EDGE('',*,*,#4661,.T.);
#6339 = ORIENTED_EDGE('',*,*,#6340,.F.);
#6340 = EDGE_CURVE('',#4288,#4662,#6341,.T.);
#6341 = SURFACE_CURVE('',#6342,(#6346,#6353),.PCURVE_S1.);
#6342 = LINE('',#6343,#6344);
#6343 = CARTESIAN_POINT('',(10.999999900543,-38.,11.5));
#6344 = VECTOR('',#6345,1.);
#6345 = DIRECTION('',(0.,0.,1.));
#6346 = PCURVE('',#4131,#6347);
#6347 = DEFINITIONAL_REPRESENTATION('',(#6348),#6352);
#6348 = LINE('',#6349,#6350);
#6349 = CARTESIAN_POINT('',(21.999999900543,0.));
#6350 = VECTOR('',#6351,1.);
#6351 = DIRECTION('',(0.,-1.));
#6352 = ( GEOMETRIC_REPRESENTATION_CONTEXT(2) 
PARAMETRIC_REPRESENTATION_CONTEXT() REPRESENTATION_CONTEXT('2D SPACE',''
  ) );
#6353 = PCURVE('',#4331,#6354);
#6354 = DEFINITIONAL_REPRESENTATION('',(#6355),#6359);
#6355 = LINE('',#6356,#6357);
#6356 = CARTESIAN_POINT('',(4.712388980385,0.));
#6357 = VECTOR('',#6358,1.);
#6358 = DIRECTION('',(0.,-1.));
#6359 = ( GEOMETRIC_REPRESENTATION_CONTEXT(2) 
PARAMETRIC_REPRESENTATION_CONTEXT() REPRESENTATION_CONTEXT('2D SPACE',''
  ) );
#6360 = ORIENTED_EDGE('',*,*,#4287,.F.);
#6361 = ADVANCED_FACE('',(#6362),#4244,.T.);
#6362 = FACE_BOUND('',#6363,.T.);
#6363 = EDGE_LOOP('',(#6364,#6365,#6366,#6387));
#6364 = ORIENTED_EDGE('',*,*,#4228,.T.);
#6365 = ORIENTED_EDGE('',*,*,#4763,.T.);
#6366 = ORIENTED_EDGE('',*,*,#6367,.F.);
#6367 = EDGE_CURVE('',#4372,#4736,#6368,.T.);
#6368 = SURFACE_CURVE('',#6369,(#6373,#6380),.PCURVE_S1.);
#6369 = LINE('',#6370,#6371);
#6370 = CARTESIAN_POINT('',(10.999999900543,38.,11.5));
#6371 = VECTOR('',#6372,1.);
#6372 = DIRECTION('',(0.,0.,1.));
#6373 = PCURVE('',#4244,#6374);
#6374 = DEFINITIONAL_REPRESENTATION('',(#6375),#6379);
#6375 = LINE('',#6376,#6377);
#6376 = CARTESIAN_POINT('',(21.999999900543,0.));
#6377 = VECTOR('',#6378,1.);
#6378 = DIRECTION('',(0.,-1.));
#6379 = ( GEOMETRIC_REPRESENTATION_CONTEXT(2) 
PARAMETRIC_REPRESENTATION_CONTEXT() REPRESENTATION_CONTEXT('2D SPACE',''
  ) );
#6380 = PCURVE('',#4392,#6381);
#6381 = DEFINITIONAL_REPRESENTATION('',(#6382),#6386);
#6382 = LINE('',#6383,#6384);
#6383 = CARTESIAN_POINT('',(1.570796326795,0.));
#6384 = VECTOR('',#6385,1.);
#6385 = DIRECTION('',(0.,-1.));
#6386 = ( GEOMETRIC_REPRESENTATION_CONTEXT(2) 
PARAMETRIC_REPRESENTATION_CONTEXT() REPRESENTATION_CONTEXT('2D SPACE',''
  ) );
#6387 = ORIENTED_EDGE('',*,*,#4404,.F.);
#6388 = ADVANCED_FACE('',(#6389),#4331,.T.);
#6389 = FACE_BOUND('',#6390,.T.);
#6390 = EDGE_LOOP('',(#6391,#6412,#6413,#6414));
#6391 = ORIENTED_EDGE('',*,*,#6392,.T.);
#6392 = EDGE_CURVE('',#4311,#4685,#6393,.T.);
#6393 = SURFACE_CURVE('',#6394,(#6398,#6405),.PCURVE_S1.);
#6394 = LINE('',#6395,#6396);
#6395 = CARTESIAN_POINT('',(15.999999950271,-33.,11.5));
#6396 = VECTOR('',#6397,1.);
#6397 = DIRECTION('',(0.,0.,1.));
#6398 = PCURVE('',#4331,#6399);
#6399 = DEFINITIONAL_REPRESENTATION('',(#6400),#6404);
#6400 = LINE('',#6401,#6402);
#6401 = CARTESIAN_POINT('',(3.14159265359,0.));
#6402 = VECTOR('',#6403,1.);
#6403 = DIRECTION('',(0.,-1.));
#6404 = ( GEOMETRIC_REPRESENTATION_CONTEXT(2) 
PARAMETRIC_REPRESENTATION_CONTEXT() REPRESENTATION_CONTEXT('2D SPACE',''
  ) );
#6405 = PCURVE('',#4359,#6406);
#6406 = DEFINITIONAL_REPRESENTATION('',(#6407),#6411);
#6407 = LINE('',#6408,#6409);
#6408 = CARTESIAN_POINT('',(0.,0.));
#6409 = VECTOR('',#6410,1.);
#6410 = DIRECTION('',(0.,-1.));
#6411 = ( GEOMETRIC_REPRESENTATION_CONTEXT(2) 
PARAMETRIC_REPRESENTATION_CONTEXT() REPRESENTATION_CONTEXT('2D SPACE',''
  ) );
#6412 = ORIENTED_EDGE('',*,*,#4684,.T.);
#6413 = ORIENTED_EDGE('',*,*,#6340,.F.);
#6414 = ORIENTED_EDGE('',*,*,#4310,.F.);
#6415 = ADVANCED_FACE('',(#6416),#4392,.T.);
#6416 = FACE_BOUND('',#6417,.T.);
#6417 = EDGE_LOOP('',(#6418,#6419,#6420,#6441));
#6418 = ORIENTED_EDGE('',*,*,#6367,.T.);
#6419 = ORIENTED_EDGE('',*,*,#4735,.T.);
#6420 = ORIENTED_EDGE('',*,*,#6421,.F.);
#6421 = EDGE_CURVE('',#4344,#4713,#6422,.T.);
#6422 = SURFACE_CURVE('',#6423,(#6427,#6434),.PCURVE_S1.);
#6423 = LINE('',#6424,#6425);
#6424 = CARTESIAN_POINT('',(15.999999950271,33.,11.5));
#6425 = VECTOR('',#6426,1.);
#6426 = DIRECTION('',(0.,0.,1.));
#6427 = PCURVE('',#4392,#6428);
#6428 = DEFINITIONAL_REPRESENTATION('',(#6429),#6433);
#6429 = LINE('',#6430,#6431);
#6430 = CARTESIAN_POINT('',(3.14159265359,0.));
#6431 = VECTOR('',#6432,1.);
#6432 = DIRECTION('',(0.,-1.));
#6433 = ( GEOMETRIC_REPRESENTATION_CONTEXT(2) 
PARAMETRIC_REPRESENTATION_CONTEXT() REPRESENTATION_CONTEXT('2D SPACE',''
  ) );
#6434 = PCURVE('',#4359,#6435);
#6435 = DEFINITIONAL_REPRESENTATION('',(#6436),#6440);
#6436 = LINE('',#6437,#6438);
#6437 = CARTESIAN_POINT('',(66.,0.));
#6438 = VECTOR('',#6439,1.);
#6439 = DIRECTION('',(0.,-1.));
#6440 = ( GEOMETRIC_REPRESENTATION_CONTEXT(2) 
PARAMETRIC_REPRESENTATION_CONTEXT() REPRESENTATION_CONTEXT('2D SPACE',''
  ) );
#6441 = ORIENTED_EDGE('',*,*,#4371,.F.);
#6442 = ADVANCED_FACE('',(#6443),#4359,.F.);
#6443 = FACE_BOUND('',#6444,.F.);
#6444 = EDGE_LOOP('',(#6445,#6446,#6447,#6448));
#6445 = ORIENTED_EDGE('',*,*,#6392,.T.);
#6446 = ORIENTED_EDGE('',*,*,#4712,.T.);
#6447 = ORIENTED_EDGE('',*,*,#6421,.F.);
#6448 = ORIENTED_EDGE('',*,*,#4343,.F.);
#6449 = ADVANCED_FACE('',(#6450),#4447,.T.);
#6450 = FACE_BOUND('',#6451,.F.);
#6451 = EDGE_LOOP('',(#6452,#6475,#6476,#6499));
#6452 = ORIENTED_EDGE('',*,*,#6453,.T.);
#6453 = EDGE_CURVE('',#6454,#4429,#6456,.T.);
#6454 = VERTEX_POINT('',#6455);
#6455 = CARTESIAN_POINT('',(-14.25,-33.,9.9));
#6456 = SURFACE_CURVE('',#6457,(#6461,#6468),.PCURVE_S1.);
#6457 = LINE('',#6458,#6459);
#6458 = CARTESIAN_POINT('',(-14.25,-33.,9.9));
#6459 = VECTOR('',#6460,1.);
#6460 = DIRECTION('',(0.,0.,1.));
#6461 = PCURVE('',#4447,#6462);
#6462 = DEFINITIONAL_REPRESENTATION('',(#6463),#6467);
#6463 = LINE('',#6464,#6465);
#6464 = CARTESIAN_POINT('',(-3.14159265359,0.));
#6465 = VECTOR('',#6466,1.);
#6466 = DIRECTION('',(-0.,-1.));
#6467 = ( GEOMETRIC_REPRESENTATION_CONTEXT(2) 
PARAMETRIC_REPRESENTATION_CONTEXT() REPRESENTATION_CONTEXT('2D SPACE',''
  ) );
#6468 = PCURVE('',#4475,#6469);
#6469 = DEFINITIONAL_REPRESENTATION('',(#6470),#6474);
#6470 = LINE('',#6471,#6472);
#6471 = CARTESIAN_POINT('',(0.,0.));
#6472 = VECTOR('',#6473,1.);
#6473 = DIRECTION('',(0.,-1.));
#6474 = ( GEOMETRIC_REPRESENTATION_CONTEXT(2) 
PARAMETRIC_REPRESENTATION_CONTEXT() REPRESENTATION_CONTEXT('2D SPACE',''
  ) );
#6475 = ORIENTED_EDGE('',*,*,#4428,.T.);
#6476 = ORIENTED_EDGE('',*,*,#6477,.F.);
#6477 = EDGE_CURVE('',#6478,#4431,#6480,.T.);
#6478 = VERTEX_POINT('',#6479);
#6479 = CARTESIAN_POINT('',(-11.,-36.25,9.9));
#6480 = SURFACE_CURVE('',#6481,(#6485,#6492),.PCURVE_S1.);
#6481 = LINE('',#6482,#6483);
#6482 = CARTESIAN_POINT('',(-11.,-36.25,9.9));
#6483 = VECTOR('',#6484,1.);
#6484 = DIRECTION('',(0.,0.,1.));
#6485 = PCURVE('',#4447,#6486);
#6486 = DEFINITIONAL_REPRESENTATION('',(#6487),#6491);
#6487 = LINE('',#6488,#6489);
#6488 = CARTESIAN_POINT('',(-4.712388980385,0.));
#6489 = VECTOR('',#6490,1.);
#6490 = DIRECTION('',(-0.,-1.));
#6491 = ( GEOMETRIC_REPRESENTATION_CONTEXT(2) 
PARAMETRIC_REPRESENTATION_CONTEXT() REPRESENTATION_CONTEXT('2D SPACE',''
  ) );
#6492 = PCURVE('',#4644,#6493);
#6493 = DEFINITIONAL_REPRESENTATION('',(#6494),#6498);
#6494 = LINE('',#6495,#6496);
#6495 = CARTESIAN_POINT('',(-1.7763568394E-15,0.));
#6496 = VECTOR('',#6497,1.);
#6497 = DIRECTION('',(0.,-1.));
#6498 = ( GEOMETRIC_REPRESENTATION_CONTEXT(2) 
PARAMETRIC_REPRESENTATION_CONTEXT() REPRESENTATION_CONTEXT('2D SPACE',''
  ) );
#6499 = ORIENTED_EDGE('',*,*,#6500,.F.);
#6500 = EDGE_CURVE('',#6454,#6478,#6501,.T.);
#6501 = SURFACE_CURVE('',#6502,(#6507,#6514),.PCURVE_S1.);
#6502 = CIRCLE('',#6503,3.25);
#6503 = AXIS2_PLACEMENT_3D('',#6504,#6505,#6506);
#6504 = CARTESIAN_POINT('',(-11.,-33.,9.9));
#6505 = DIRECTION('',(0.,0.,1.));
#6506 = DIRECTION('',(1.,0.,0.));
#6507 = PCURVE('',#4447,#6508);
#6508 = DEFINITIONAL_REPRESENTATION('',(#6509),#6513);
#6509 = LINE('',#6510,#6511);
#6510 = CARTESIAN_POINT('',(-0.,0.));
#6511 = VECTOR('',#6512,1.);
#6512 = DIRECTION('',(-1.,0.));
#6513 = ( GEOMETRIC_REPRESENTATION_CONTEXT(2) 
PARAMETRIC_REPRESENTATION_CONTEXT() REPRESENTATION_CONTEXT('2D SPACE',''
  ) );
#6514 = PCURVE('',#6515,#6520);
#6515 = PLANE('',#6516);
#6516 = AXIS2_PLACEMENT_3D('',#6517,#6518,#6519);
#6517 = CARTESIAN_POINT('',(-2.362265158694E-10,2.191156472308E-15,9.9)
  );
#6518 = DIRECTION('',(0.,0.,1.));
#6519 = DIRECTION('',(1.,0.,-0.));
#6520 = DEFINITIONAL_REPRESENTATION('',(#6521),#6525);
#6521 = CIRCLE('',#6522,3.25);
#6522 = AXIS2_PLACEMENT_2D('',#6523,#6524);
#6523 = CARTESIAN_POINT('',(-10.99999999976,-33.));
#6524 = DIRECTION('',(1.,0.));
#6525 = ( GEOMETRIC_REPRESENTATION_CONTEXT(2) 
PARAMETRIC_REPRESENTATION_CONTEXT() REPRESENTATION_CONTEXT('2D SPACE',''
  ) );
#6526 = ADVANCED_FACE('',(#6527),#4644,.F.);
#6527 = FACE_BOUND('',#6528,.F.);
#6528 = EDGE_LOOP('',(#6529,#6530,#6531,#6554));
#6529 = ORIENTED_EDGE('',*,*,#6477,.T.);
#6530 = ORIENTED_EDGE('',*,*,#4630,.T.);
#6531 = ORIENTED_EDGE('',*,*,#6532,.F.);
#6532 = EDGE_CURVE('',#6533,#4602,#6535,.T.);
#6533 = VERTEX_POINT('',#6534);
#6534 = CARTESIAN_POINT('',(10.999999998556,-36.25,9.9));
#6535 = SURFACE_CURVE('',#6536,(#6540,#6547),.PCURVE_S1.);
#6536 = LINE('',#6537,#6538);
#6537 = CARTESIAN_POINT('',(10.999999998556,-36.25,9.9));
#6538 = VECTOR('',#6539,1.);
#6539 = DIRECTION('',(0.,0.,1.));
#6540 = PCURVE('',#4644,#6541);
#6541 = DEFINITIONAL_REPRESENTATION('',(#6542),#6546);
#6542 = LINE('',#6543,#6544);
#6543 = CARTESIAN_POINT('',(21.999999998556,0.));
#6544 = VECTOR('',#6545,1.);
#6545 = DIRECTION('',(0.,-1.));
#6546 = ( GEOMETRIC_REPRESENTATION_CONTEXT(2) 
PARAMETRIC_REPRESENTATION_CONTEXT() REPRESENTATION_CONTEXT('2D SPACE',''
  ) );
#6547 = PCURVE('',#4618,#6548);
#6548 = DEFINITIONAL_REPRESENTATION('',(#6549),#6553);
#6549 = LINE('',#6550,#6551);
#6550 = CARTESIAN_POINT('',(-4.712388980385,0.));
#6551 = VECTOR('',#6552,1.);
#6552 = DIRECTION('',(-0.,-1.));
#6553 = ( GEOMETRIC_REPRESENTATION_CONTEXT(2) 
PARAMETRIC_REPRESENTATION_CONTEXT() REPRESENTATION_CONTEXT('2D SPACE',''
  ) );
#6554 = ORIENTED_EDGE('',*,*,#6555,.F.);
#6555 = EDGE_CURVE('',#6478,#6533,#6556,.T.);
#6556 = SURFACE_CURVE('',#6557,(#6561,#6568),.PCURVE_S1.);
#6557 = LINE('',#6558,#6559);
#6558 = CARTESIAN_POINT('',(7.460698725481E-14,-36.25,9.9));
#6559 = VECTOR('',#6560,1.);
#6560 = DIRECTION('',(1.,0.,0.));
#6561 = PCURVE('',#4644,#6562);
#6562 = DEFINITIONAL_REPRESENTATION('',(#6563),#6567);
#6563 = LINE('',#6564,#6565);
#6564 = CARTESIAN_POINT('',(11.,0.));
#6565 = VECTOR('',#6566,1.);
#6566 = DIRECTION('',(1.,0.));
#6567 = ( GEOMETRIC_REPRESENTATION_CONTEXT(2) 
PARAMETRIC_REPRESENTATION_CONTEXT() REPRESENTATION_CONTEXT('2D SPACE',''
  ) );
#6568 = PCURVE('',#6515,#6569);
#6569 = DEFINITIONAL_REPRESENTATION('',(#6570),#6574);
#6570 = LINE('',#6571,#6572);
#6571 = CARTESIAN_POINT('',(2.363011228566E-10,-36.25));
#6572 = VECTOR('',#6573,1.);
#6573 = DIRECTION('',(1.,0.));
#6574 = ( GEOMETRIC_REPRESENTATION_CONTEXT(2) 
PARAMETRIC_REPRESENTATION_CONTEXT() REPRESENTATION_CONTEXT('2D SPACE',''
  ) );
#6575 = ADVANCED_FACE('',(#6576),#4618,.T.);
#6576 = FACE_BOUND('',#6577,.F.);
#6577 = EDGE_LOOP('',(#6578,#6579,#6580,#6603));
#6578 = ORIENTED_EDGE('',*,*,#6532,.T.);
#6579 = ORIENTED_EDGE('',*,*,#4601,.T.);
#6580 = ORIENTED_EDGE('',*,*,#6581,.F.);
#6581 = EDGE_CURVE('',#6582,#4574,#6584,.T.);
#6582 = VERTEX_POINT('',#6583);
#6583 = CARTESIAN_POINT('',(14.249999999278,-33.,9.9));
#6584 = SURFACE_CURVE('',#6585,(#6589,#6596),.PCURVE_S1.);
#6585 = LINE('',#6586,#6587);
#6586 = CARTESIAN_POINT('',(14.249999999278,-33.,9.9));
#6587 = VECTOR('',#6588,1.);
#6588 = DIRECTION('',(0.,0.,1.));
#6589 = PCURVE('',#4618,#6590);
#6590 = DEFINITIONAL_REPRESENTATION('',(#6591),#6595);
#6591 = LINE('',#6592,#6593);
#6592 = CARTESIAN_POINT('',(-6.28318530718,0.));
#6593 = VECTOR('',#6594,1.);
#6594 = DIRECTION('',(-0.,-1.));
#6595 = ( GEOMETRIC_REPRESENTATION_CONTEXT(2) 
PARAMETRIC_REPRESENTATION_CONTEXT() REPRESENTATION_CONTEXT('2D SPACE',''
  ) );
#6596 = PCURVE('',#4589,#6597);
#6597 = DEFINITIONAL_REPRESENTATION('',(#6598),#6602);
#6598 = LINE('',#6599,#6600);
#6599 = CARTESIAN_POINT('',(0.,0.));
#6600 = VECTOR('',#6601,1.);
#6601 = DIRECTION('',(0.,-1.));
#6602 = ( GEOMETRIC_REPRESENTATION_CONTEXT(2) 
PARAMETRIC_REPRESENTATION_CONTEXT() REPRESENTATION_CONTEXT('2D SPACE',''
  ) );
#6603 = ORIENTED_EDGE('',*,*,#6604,.F.);
#6604 = EDGE_CURVE('',#6533,#6582,#6605,.T.);
#6605 = SURFACE_CURVE('',#6606,(#6611,#6618),.PCURVE_S1.);
#6606 = CIRCLE('',#6607,3.25);
#6607 = AXIS2_PLACEMENT_3D('',#6608,#6609,#6610);
#6608 = CARTESIAN_POINT('',(10.999999998556,-33.,9.9));
#6609 = DIRECTION('',(0.,0.,1.));
#6610 = DIRECTION('',(1.,0.,0.));
#6611 = PCURVE('',#4618,#6612);
#6612 = DEFINITIONAL_REPRESENTATION('',(#6613),#6617);
#6613 = LINE('',#6614,#6615);
#6614 = CARTESIAN_POINT('',(-0.,0.));
#6615 = VECTOR('',#6616,1.);
#6616 = DIRECTION('',(-1.,0.));
#6617 = ( GEOMETRIC_REPRESENTATION_CONTEXT(2) 
PARAMETRIC_REPRESENTATION_CONTEXT() REPRESENTATION_CONTEXT('2D SPACE',''
  ) );
#6618 = PCURVE('',#6515,#6619);
#6619 = DEFINITIONAL_REPRESENTATION('',(#6620),#6624);
#6620 = CIRCLE('',#6621,3.25);
#6621 = AXIS2_PLACEMENT_2D('',#6622,#6623);
#6622 = CARTESIAN_POINT('',(10.999999998792,-33.));
#6623 = DIRECTION('',(1.,0.));
#6624 = ( GEOMETRIC_REPRESENTATION_CONTEXT(2) 
PARAMETRIC_REPRESENTATION_CONTEXT() REPRESENTATION_CONTEXT('2D SPACE',''
  ) );
#6625 = ADVANCED_FACE('',(#6626),#4589,.F.);
#6626 = FACE_BOUND('',#6627,.F.);
#6627 = EDGE_LOOP('',(#6628,#6629,#6630,#6653));
#6628 = ORIENTED_EDGE('',*,*,#6581,.T.);
#6629 = ORIENTED_EDGE('',*,*,#4573,.T.);
#6630 = ORIENTED_EDGE('',*,*,#6631,.F.);
#6631 = EDGE_CURVE('',#6632,#4545,#6634,.T.);
#6632 = VERTEX_POINT('',#6633);
#6633 = CARTESIAN_POINT('',(14.249999999278,33.,9.9));
#6634 = SURFACE_CURVE('',#6635,(#6639,#6646),.PCURVE_S1.);
#6635 = LINE('',#6636,#6637);
#6636 = CARTESIAN_POINT('',(14.249999999278,33.,9.9));
#6637 = VECTOR('',#6638,1.);
#6638 = DIRECTION('',(0.,0.,1.));
#6639 = PCURVE('',#4589,#6640);
#6640 = DEFINITIONAL_REPRESENTATION('',(#6641),#6645);
#6641 = LINE('',#6642,#6643);
#6642 = CARTESIAN_POINT('',(66.,0.));
#6643 = VECTOR('',#6644,1.);
#6644 = DIRECTION('',(0.,-1.));
#6645 = ( GEOMETRIC_REPRESENTATION_CONTEXT(2) 
PARAMETRIC_REPRESENTATION_CONTEXT() REPRESENTATION_CONTEXT('2D SPACE',''
  ) );
#6646 = PCURVE('',#4561,#6647);
#6647 = DEFINITIONAL_REPRESENTATION('',(#6648),#6652);
#6648 = LINE('',#6649,#6650);
#6649 = CARTESIAN_POINT('',(-0.,0.));
#6650 = VECTOR('',#6651,1.);
#6651 = DIRECTION('',(-0.,-1.));
#6652 = ( GEOMETRIC_REPRESENTATION_CONTEXT(2) 
PARAMETRIC_REPRESENTATION_CONTEXT() REPRESENTATION_CONTEXT('2D SPACE',''
  ) );
#6653 = ORIENTED_EDGE('',*,*,#6654,.F.);
#6654 = EDGE_CURVE('',#6582,#6632,#6655,.T.);
#6655 = SURFACE_CURVE('',#6656,(#6660,#6667),.PCURVE_S1.);
#6656 = LINE('',#6657,#6658);
#6657 = CARTESIAN_POINT('',(14.25,0.,9.9));
#6658 = VECTOR('',#6659,1.);
#6659 = DIRECTION('',(0.,1.,0.));
#6660 = PCURVE('',#4589,#6661);
#6661 = DEFINITIONAL_REPRESENTATION('',(#6662),#6666);
#6662 = LINE('',#6663,#6664);
#6663 = CARTESIAN_POINT('',(33.,0.));
#6664 = VECTOR('',#6665,1.);
#6665 = DIRECTION('',(1.,0.));
#6666 = ( GEOMETRIC_REPRESENTATION_CONTEXT(2) 
PARAMETRIC_REPRESENTATION_CONTEXT() REPRESENTATION_CONTEXT('2D SPACE',''
  ) );
#6667 = PCURVE('',#6515,#6668);
#6668 = DEFINITIONAL_REPRESENTATION('',(#6669),#6673);
#6669 = LINE('',#6670,#6671);
#6670 = CARTESIAN_POINT('',(14.250000000236,-2.191156472308E-15));
#6671 = VECTOR('',#6672,1.);
#6672 = DIRECTION('',(0.,1.));
#6673 = ( GEOMETRIC_REPRESENTATION_CONTEXT(2) 
PARAMETRIC_REPRESENTATION_CONTEXT() REPRESENTATION_CONTEXT('2D SPACE',''
  ) );
#6674 = ADVANCED_FACE('',(#6675),#4561,.T.);
#6675 = FACE_BOUND('',#6676,.F.);
#6676 = EDGE_LOOP('',(#6677,#6678,#6679,#6702));
#6677 = ORIENTED_EDGE('',*,*,#6631,.T.);
#6678 = ORIENTED_EDGE('',*,*,#4544,.T.);
#6679 = ORIENTED_EDGE('',*,*,#6680,.F.);
#6680 = EDGE_CURVE('',#6681,#4517,#6683,.T.);
#6681 = VERTEX_POINT('',#6682);
#6682 = CARTESIAN_POINT('',(10.999999998556,36.25,9.9));
#6683 = SURFACE_CURVE('',#6684,(#6688,#6695),.PCURVE_S1.);
#6684 = LINE('',#6685,#6686);
#6685 = CARTESIAN_POINT('',(10.999999998556,36.25,9.9));
#6686 = VECTOR('',#6687,1.);
#6687 = DIRECTION('',(0.,0.,1.));
#6688 = PCURVE('',#4561,#6689);
#6689 = DEFINITIONAL_REPRESENTATION('',(#6690),#6694);
#6690 = LINE('',#6691,#6692);
#6691 = CARTESIAN_POINT('',(-1.570796326795,0.));
#6692 = VECTOR('',#6693,1.);
#6693 = DIRECTION('',(-0.,-1.));
#6694 = ( GEOMETRIC_REPRESENTATION_CONTEXT(2) 
PARAMETRIC_REPRESENTATION_CONTEXT() REPRESENTATION_CONTEXT('2D SPACE',''
  ) );
#6695 = PCURVE('',#4532,#6696);
#6696 = DEFINITIONAL_REPRESENTATION('',(#6697),#6701);
#6697 = LINE('',#6698,#6699);
#6698 = CARTESIAN_POINT('',(21.999999998556,0.));
#6699 = VECTOR('',#6700,1.);
#6700 = DIRECTION('',(0.,-1.));
#6701 = ( GEOMETRIC_REPRESENTATION_CONTEXT(2) 
PARAMETRIC_REPRESENTATION_CONTEXT() REPRESENTATION_CONTEXT('2D SPACE',''
  ) );
#6702 = ORIENTED_EDGE('',*,*,#6703,.F.);
#6703 = EDGE_CURVE('',#6632,#6681,#6704,.T.);
#6704 = SURFACE_CURVE('',#6705,(#6710,#6717),.PCURVE_S1.);
#6705 = CIRCLE('',#6706,3.25);
#6706 = AXIS2_PLACEMENT_3D('',#6707,#6708,#6709);
#6707 = CARTESIAN_POINT('',(10.999999998556,33.,9.9));
#6708 = DIRECTION('',(0.,0.,1.));
#6709 = DIRECTION('',(1.,0.,0.));
#6710 = PCURVE('',#4561,#6711);
#6711 = DEFINITIONAL_REPRESENTATION('',(#6712),#6716);
#6712 = LINE('',#6713,#6714);
#6713 = CARTESIAN_POINT('',(-0.,0.));
#6714 = VECTOR('',#6715,1.);
#6715 = DIRECTION('',(-1.,0.));
#6716 = ( GEOMETRIC_REPRESENTATION_CONTEXT(2) 
PARAMETRIC_REPRESENTATION_CONTEXT() REPRESENTATION_CONTEXT('2D SPACE',''
  ) );
#6717 = PCURVE('',#6515,#6718);
#6718 = DEFINITIONAL_REPRESENTATION('',(#6719),#6723);
#6719 = CIRCLE('',#6720,3.25);
#6720 = AXIS2_PLACEMENT_2D('',#6721,#6722);
#6721 = CARTESIAN_POINT('',(10.999999998792,33.));
#6722 = DIRECTION('',(1.,0.));
#6723 = ( GEOMETRIC_REPRESENTATION_CONTEXT(2) 
PARAMETRIC_REPRESENTATION_CONTEXT() REPRESENTATION_CONTEXT('2D SPACE',''
  ) );
#6724 = ADVANCED_FACE('',(#6725),#4532,.T.);
#6725 = FACE_BOUND('',#6726,.T.);
#6726 = EDGE_LOOP('',(#6727,#6750,#6751,#6752));
#6727 = ORIENTED_EDGE('',*,*,#6728,.T.);
#6728 = EDGE_CURVE('',#6729,#4488,#6731,.T.);
#6729 = VERTEX_POINT('',#6730);
#6730 = CARTESIAN_POINT('',(-11.,36.25,9.9));
#6731 = SURFACE_CURVE('',#6732,(#6736,#6743),.PCURVE_S1.);
#6732 = LINE('',#6733,#6734);
#6733 = CARTESIAN_POINT('',(-11.,36.25,9.9));
#6734 = VECTOR('',#6735,1.);
#6735 = DIRECTION('',(0.,0.,1.));
#6736 = PCURVE('',#4532,#6737);
#6737 = DEFINITIONAL_REPRESENTATION('',(#6738),#6742);
#6738 = LINE('',#6739,#6740);
#6739 = CARTESIAN_POINT('',(-1.7763568394E-15,0.));
#6740 = VECTOR('',#6741,1.);
#6741 = DIRECTION('',(0.,-1.));
#6742 = ( GEOMETRIC_REPRESENTATION_CONTEXT(2) 
PARAMETRIC_REPRESENTATION_CONTEXT() REPRESENTATION_CONTEXT('2D SPACE',''
  ) );
#6743 = PCURVE('',#4504,#6744);
#6744 = DEFINITIONAL_REPRESENTATION('',(#6745),#6749);
#6745 = LINE('',#6746,#6747);
#6746 = CARTESIAN_POINT('',(-1.570796326795,0.));
#6747 = VECTOR('',#6748,1.);
#6748 = DIRECTION('',(-0.,-1.));
#6749 = ( GEOMETRIC_REPRESENTATION_CONTEXT(2) 
PARAMETRIC_REPRESENTATION_CONTEXT() REPRESENTATION_CONTEXT('2D SPACE',''
  ) );
#6750 = ORIENTED_EDGE('',*,*,#4516,.T.);
#6751 = ORIENTED_EDGE('',*,*,#6680,.F.);
#6752 = ORIENTED_EDGE('',*,*,#6753,.F.);
#6753 = EDGE_CURVE('',#6729,#6681,#6754,.T.);
#6754 = SURFACE_CURVE('',#6755,(#6759,#6766),.PCURVE_S1.);
#6755 = LINE('',#6756,#6757);
#6756 = CARTESIAN_POINT('',(7.460698725481E-14,36.25,9.9));
#6757 = VECTOR('',#6758,1.);
#6758 = DIRECTION('',(1.,0.,0.));
#6759 = PCURVE('',#4532,#6760);
#6760 = DEFINITIONAL_REPRESENTATION('',(#6761),#6765);
#6761 = LINE('',#6762,#6763);
#6762 = CARTESIAN_POINT('',(11.,0.));
#6763 = VECTOR('',#6764,1.);
#6764 = DIRECTION('',(1.,0.));
#6765 = ( GEOMETRIC_REPRESENTATION_CONTEXT(2) 
PARAMETRIC_REPRESENTATION_CONTEXT() REPRESENTATION_CONTEXT('2D SPACE',''
  ) );
#6766 = PCURVE('',#6515,#6767);
#6767 = DEFINITIONAL_REPRESENTATION('',(#6768),#6772);
#6768 = LINE('',#6769,#6770);
#6769 = CARTESIAN_POINT('',(2.363011228566E-10,36.25));
#6770 = VECTOR('',#6771,1.);
#6771 = DIRECTION('',(1.,0.));
#6772 = ( GEOMETRIC_REPRESENTATION_CONTEXT(2) 
PARAMETRIC_REPRESENTATION_CONTEXT() REPRESENTATION_CONTEXT('2D SPACE',''
  ) );
#6773 = ADVANCED_FACE('',(#6774),#4504,.T.);
#6774 = FACE_BOUND('',#6775,.F.);
#6775 = EDGE_LOOP('',(#6776,#6777,#6778,#6801));
#6776 = ORIENTED_EDGE('',*,*,#6728,.T.);
#6777 = ORIENTED_EDGE('',*,*,#4487,.T.);
#6778 = ORIENTED_EDGE('',*,*,#6779,.F.);
#6779 = EDGE_CURVE('',#6780,#4460,#6782,.T.);
#6780 = VERTEX_POINT('',#6781);
#6781 = CARTESIAN_POINT('',(-14.25,33.,9.9));
#6782 = SURFACE_CURVE('',#6783,(#6787,#6794),.PCURVE_S1.);
#6783 = LINE('',#6784,#6785);
#6784 = CARTESIAN_POINT('',(-14.25,33.,9.9));
#6785 = VECTOR('',#6786,1.);
#6786 = DIRECTION('',(0.,0.,1.));
#6787 = PCURVE('',#4504,#6788);
#6788 = DEFINITIONAL_REPRESENTATION('',(#6789),#6793);
#6789 = LINE('',#6790,#6791);
#6790 = CARTESIAN_POINT('',(-3.14159265359,0.));
#6791 = VECTOR('',#6792,1.);
#6792 = DIRECTION('',(-0.,-1.));
#6793 = ( GEOMETRIC_REPRESENTATION_CONTEXT(2) 
PARAMETRIC_REPRESENTATION_CONTEXT() REPRESENTATION_CONTEXT('2D SPACE',''
  ) );
#6794 = PCURVE('',#4475,#6795);
#6795 = DEFINITIONAL_REPRESENTATION('',(#6796),#6800);
#6796 = LINE('',#6797,#6798);
#6797 = CARTESIAN_POINT('',(66.,0.));
#6798 = VECTOR('',#6799,1.);
#6799 = DIRECTION('',(0.,-1.));
#6800 = ( GEOMETRIC_REPRESENTATION_CONTEXT(2) 
PARAMETRIC_REPRESENTATION_CONTEXT() REPRESENTATION_CONTEXT('2D SPACE',''
  ) );
#6801 = ORIENTED_EDGE('',*,*,#6802,.F.);
#6802 = EDGE_CURVE('',#6729,#6780,#6803,.T.);
#6803 = SURFACE_CURVE('',#6804,(#6809,#6816),.PCURVE_S1.);
#6804 = CIRCLE('',#6805,3.25);
#6805 = AXIS2_PLACEMENT_3D('',#6806,#6807,#6808);
#6806 = CARTESIAN_POINT('',(-11.,33.,9.9));
#6807 = DIRECTION('',(0.,0.,1.));
#6808 = DIRECTION('',(1.,0.,0.));
#6809 = PCURVE('',#4504,#6810);
#6810 = DEFINITIONAL_REPRESENTATION('',(#6811),#6815);
#6811 = LINE('',#6812,#6813);
#6812 = CARTESIAN_POINT('',(-0.,0.));
#6813 = VECTOR('',#6814,1.);
#6814 = DIRECTION('',(-1.,0.));
#6815 = ( GEOMETRIC_REPRESENTATION_CONTEXT(2) 
PARAMETRIC_REPRESENTATION_CONTEXT() REPRESENTATION_CONTEXT('2D SPACE',''
  ) );
#6816 = PCURVE('',#6515,#6817);
#6817 = DEFINITIONAL_REPRESENTATION('',(#6818),#6822);
#6818 = CIRCLE('',#6819,3.25);
#6819 = AXIS2_PLACEMENT_2D('',#6820,#6821);
#6820 = CARTESIAN_POINT('',(-10.99999999976,33.));
#6821 = DIRECTION('',(1.,0.));
#6822 = ( GEOMETRIC_REPRESENTATION_CONTEXT(2) 
PARAMETRIC_REPRESENTATION_CONTEXT() REPRESENTATION_CONTEXT('2D SPACE',''
  ) );
#6823 = ADVANCED_FACE('',(#6824),#4475,.T.);
#6824 = FACE_BOUND('',#6825,.T.);
#6825 = EDGE_LOOP('',(#6826,#6827,#6828,#6829));
#6826 = ORIENTED_EDGE('',*,*,#6453,.T.);
#6827 = ORIENTED_EDGE('',*,*,#4459,.T.);
#6828 = ORIENTED_EDGE('',*,*,#6779,.F.);
#6829 = ORIENTED_EDGE('',*,*,#6830,.F.);
#6830 = EDGE_CURVE('',#6454,#6780,#6831,.T.);
#6831 = SURFACE_CURVE('',#6832,(#6836,#6843),.PCURVE_S1.);
#6832 = LINE('',#6833,#6834);
#6833 = CARTESIAN_POINT('',(-14.25,0.,9.9));
#6834 = VECTOR('',#6835,1.);
#6835 = DIRECTION('',(0.,1.,0.));
#6836 = PCURVE('',#4475,#6837);
#6837 = DEFINITIONAL_REPRESENTATION('',(#6838),#6842);
#6838 = LINE('',#6839,#6840);
#6839 = CARTESIAN_POINT('',(33.,0.));
#6840 = VECTOR('',#6841,1.);
#6841 = DIRECTION('',(1.,0.));
#6842 = ( GEOMETRIC_REPRESENTATION_CONTEXT(2) 
PARAMETRIC_REPRESENTATION_CONTEXT() REPRESENTATION_CONTEXT('2D SPACE',''
  ) );
#6843 = PCURVE('',#6515,#6844);
#6844 = DEFINITIONAL_REPRESENTATION('',(#6845),#6849);
#6845 = LINE('',#6846,#6847);
#6846 = CARTESIAN_POINT('',(-14.24999999976,-2.191156472308E-15));
#6847 = VECTOR('',#6848,1.);
#6848 = DIRECTION('',(0.,1.));
#6849 = ( GEOMETRIC_REPRESENTATION_CONTEXT(2) 
PARAMETRIC_REPRESENTATION_CONTEXT() REPRESENTATION_CONTEXT('2D SPACE',''
  ) );
#6850 = ADVANCED_FACE('',(#6851),#4804,.F.);
#6851 = FACE_BOUND('',#6852,.F.);
#6852 = EDGE_LOOP('',(#6853,#6854,#6877,#6904));
#6853 = ORIENTED_EDGE('',*,*,#4787,.F.);
#6854 = ORIENTED_EDGE('',*,*,#6855,.F.);
#6855 = EDGE_CURVE('',#6856,#4788,#6858,.T.);
#6856 = VERTEX_POINT('',#6857);
#6857 = CARTESIAN_POINT('',(-9.95,-31.5,12.25));
#6858 = SEAM_CURVE('',#6859,(#6863,#6870),.PCURVE_S1.);
#6859 = LINE('',#6860,#6861);
#6860 = CARTESIAN_POINT('',(-9.95,-31.5,12.25));
#6861 = VECTOR('',#6862,1.);
#6862 = DIRECTION('',(0.,0.,1.));
#6863 = PCURVE('',#4804,#6864);
#6864 = DEFINITIONAL_REPRESENTATION('',(#6865),#6869);
#6865 = LINE('',#6866,#6867);
#6866 = CARTESIAN_POINT('',(6.28318530718,-0.));
#6867 = VECTOR('',#6868,1.);
#6868 = DIRECTION('',(0.,1.));
#6869 = ( GEOMETRIC_REPRESENTATION_CONTEXT(2) 
PARAMETRIC_REPRESENTATION_CONTEXT() REPRESENTATION_CONTEXT('2D SPACE',''
  ) );
#6870 = PCURVE('',#4804,#6871);
#6871 = DEFINITIONAL_REPRESENTATION('',(#6872),#6876);
#6872 = LINE('',#6873,#6874);
#6873 = CARTESIAN_POINT('',(0.,-0.));
#6874 = VECTOR('',#6875,1.);
#6875 = DIRECTION('',(0.,1.));
#6876 = ( GEOMETRIC_REPRESENTATION_CONTEXT(2) 
PARAMETRIC_REPRESENTATION_CONTEXT() REPRESENTATION_CONTEXT('2D SPACE',''
  ) );
#6877 = ORIENTED_EDGE('',*,*,#6878,.T.);
#6878 = EDGE_CURVE('',#6856,#6856,#6879,.T.);
#6879 = SURFACE_CURVE('',#6880,(#6885,#6892),.PCURVE_S1.);
#6880 = CIRCLE('',#6881,1.85);
#6881 = AXIS2_PLACEMENT_3D('',#6882,#6883,#6884);
#6882 = CARTESIAN_POINT('',(-11.8,-31.5,12.25));
#6883 = DIRECTION('',(0.,0.,1.));
#6884 = DIRECTION('',(1.,0.,-0.));
#6885 = PCURVE('',#4804,#6886);
#6886 = DEFINITIONAL_REPRESENTATION('',(#6887),#6891);
#6887 = LINE('',#6888,#6889);
#6888 = CARTESIAN_POINT('',(0.,0.));
#6889 = VECTOR('',#6890,1.);
#6890 = DIRECTION('',(1.,0.));
#6891 = ( GEOMETRIC_REPRESENTATION_CONTEXT(2) 
PARAMETRIC_REPRESENTATION_CONTEXT() REPRESENTATION_CONTEXT('2D SPACE',''
  ) );
#6892 = PCURVE('',#6893,#6898);
#6893 = PLANE('',#6894);
#6894 = AXIS2_PLACEMENT_3D('',#6895,#6896,#6897);
#6895 = CARTESIAN_POINT('',(-11.8,-31.5,12.25));
#6896 = DIRECTION('',(0.,0.,1.));
#6897 = DIRECTION('',(1.,0.,-0.));
#6898 = DEFINITIONAL_REPRESENTATION('',(#6899),#6903);
#6899 = CIRCLE('',#6900,1.85);
#6900 = AXIS2_PLACEMENT_2D('',#6901,#6902);
#6901 = CARTESIAN_POINT('',(0.,0.));
#6902 = DIRECTION('',(1.,0.));
#6903 = ( GEOMETRIC_REPRESENTATION_CONTEXT(2) 
PARAMETRIC_REPRESENTATION_CONTEXT() REPRESENTATION_CONTEXT('2D SPACE',''
  ) );
#6904 = ORIENTED_EDGE('',*,*,#6855,.T.);
#6905 = ADVANCED_FACE('',(#6906),#4835,.F.);
#6906 = FACE_BOUND('',#6907,.F.);
#6907 = EDGE_LOOP('',(#6908,#6909,#6932,#6959));
#6908 = ORIENTED_EDGE('',*,*,#4818,.F.);
#6909 = ORIENTED_EDGE('',*,*,#6910,.F.);
#6910 = EDGE_CURVE('',#6911,#4819,#6913,.T.);
#6911 = VERTEX_POINT('',#6912);
#6912 = CARTESIAN_POINT('',(-5.95,-26.2,11.5));
#6913 = SEAM_CURVE('',#6914,(#6918,#6925),.PCURVE_S1.);
#6914 = LINE('',#6915,#6916);
#6915 = CARTESIAN_POINT('',(-5.95,-26.2,11.3));
#6916 = VECTOR('',#6917,1.);
#6917 = DIRECTION('',(0.,0.,1.));
#6918 = PCURVE('',#4835,#6919);
#6919 = DEFINITIONAL_REPRESENTATION('',(#6920),#6924);
#6920 = LINE('',#6921,#6922);
#6921 = CARTESIAN_POINT('',(6.28318530718,-0.));
#6922 = VECTOR('',#6923,1.);
#6923 = DIRECTION('',(0.,1.));
#6924 = ( GEOMETRIC_REPRESENTATION_CONTEXT(2) 
PARAMETRIC_REPRESENTATION_CONTEXT() REPRESENTATION_CONTEXT('2D SPACE',''
  ) );
#6925 = PCURVE('',#4835,#6926);
#6926 = DEFINITIONAL_REPRESENTATION('',(#6927),#6931);
#6927 = LINE('',#6928,#6929);
#6928 = CARTESIAN_POINT('',(0.,-0.));
#6929 = VECTOR('',#6930,1.);
#6930 = DIRECTION('',(0.,1.));
#6931 = ( GEOMETRIC_REPRESENTATION_CONTEXT(2) 
PARAMETRIC_REPRESENTATION_CONTEXT() REPRESENTATION_CONTEXT('2D SPACE',''
  ) );
#6932 = ORIENTED_EDGE('',*,*,#6933,.T.);
#6933 = EDGE_CURVE('',#6911,#6911,#6934,.T.);
#6934 = SURFACE_CURVE('',#6935,(#6940,#6947),.PCURVE_S1.);
#6935 = CIRCLE('',#6936,0.45);
#6936 = AXIS2_PLACEMENT_3D('',#6937,#6938,#6939);
#6937 = CARTESIAN_POINT('',(-6.4,-26.2,11.5));
#6938 = DIRECTION('',(0.,0.,1.));
#6939 = DIRECTION('',(1.,0.,-0.));
#6940 = PCURVE('',#4835,#6941);
#6941 = DEFINITIONAL_REPRESENTATION('',(#6942),#6946);
#6942 = LINE('',#6943,#6944);
#6943 = CARTESIAN_POINT('',(0.,0.2));
#6944 = VECTOR('',#6945,1.);
#6945 = DIRECTION('',(1.,0.));
#6946 = ( GEOMETRIC_REPRESENTATION_CONTEXT(2) 
PARAMETRIC_REPRESENTATION_CONTEXT() REPRESENTATION_CONTEXT('2D SPACE',''
  ) );
#6947 = PCURVE('',#6948,#6953);
#6948 = PLANE('',#6949);
#6949 = AXIS2_PLACEMENT_3D('',#6950,#6951,#6952);
#6950 = CARTESIAN_POINT('',(-1.802653120241E-08,1.441275091753E-15,11.5)
  );
#6951 = DIRECTION('',(0.,0.,1.));
#6952 = DIRECTION('',(1.,0.,-0.));
#6953 = DEFINITIONAL_REPRESENTATION('',(#6954),#6958);
#6954 = CIRCLE('',#6955,0.45);
#6955 = AXIS2_PLACEMENT_2D('',#6956,#6957);
#6956 = CARTESIAN_POINT('',(-6.399999981973,-26.2));
#6957 = DIRECTION('',(1.,0.));
#6958 = ( GEOMETRIC_REPRESENTATION_CONTEXT(2) 
PARAMETRIC_REPRESENTATION_CONTEXT() REPRESENTATION_CONTEXT('2D SPACE',''
  ) );
#6959 = ORIENTED_EDGE('',*,*,#6910,.T.);
#6960 = ADVANCED_FACE('',(#6961),#4866,.F.);
#6961 = FACE_BOUND('',#6962,.F.);
#6962 = EDGE_LOOP('',(#6963,#6964,#6987,#7009));
#6963 = ORIENTED_EDGE('',*,*,#4849,.F.);
#6964 = ORIENTED_EDGE('',*,*,#6965,.F.);
#6965 = EDGE_CURVE('',#6966,#4850,#6968,.T.);
#6966 = VERTEX_POINT('',#6967);
#6967 = CARTESIAN_POINT('',(-4.35,-26.2,11.5));
#6968 = SEAM_CURVE('',#6969,(#6973,#6980),.PCURVE_S1.);
#6969 = LINE('',#6970,#6971);
#6970 = CARTESIAN_POINT('',(-4.35,-26.2,11.3));
#6971 = VECTOR('',#6972,1.);
#6972 = DIRECTION('',(0.,0.,1.));
#6973 = PCURVE('',#4866,#6974);
#6974 = DEFINITIONAL_REPRESENTATION('',(#6975),#6979);
#6975 = LINE('',#6976,#6977);
#6976 = CARTESIAN_POINT('',(6.28318530718,-0.));
#6977 = VECTOR('',#6978,1.);
#6978 = DIRECTION('',(0.,1.));
#6979 = ( GEOMETRIC_REPRESENTATION_CONTEXT(2) 
PARAMETRIC_REPRESENTATION_CONTEXT() REPRESENTATION_CONTEXT('2D SPACE',''
  ) );
#6980 = PCURVE('',#4866,#6981);
#6981 = DEFINITIONAL_REPRESENTATION('',(#6982),#6986);
#6982 = LINE('',#6983,#6984);
#6983 = CARTESIAN_POINT('',(0.,-0.));
#6984 = VECTOR('',#6985,1.);
#6985 = DIRECTION('',(0.,1.));
#6986 = ( GEOMETRIC_REPRESENTATION_CONTEXT(2) 
PARAMETRIC_REPRESENTATION_CONTEXT() REPRESENTATION_CONTEXT('2D SPACE',''
  ) );
#6987 = ORIENTED_EDGE('',*,*,#6988,.T.);
#6988 = EDGE_CURVE('',#6966,#6966,#6989,.T.);
#6989 = SURFACE_CURVE('',#6990,(#6995,#7002),.PCURVE_S1.);
#6990 = CIRCLE('',#6991,0.45);
#6991 = AXIS2_PLACEMENT_3D('',#6992,#6993,#6994);
#6992 = CARTESIAN_POINT('',(-4.8,-26.2,11.5));
#6993 = DIRECTION('',(0.,0.,1.));
#6994 = DIRECTION('',(1.,0.,-0.));
#6995 = PCURVE('',#4866,#6996);
#6996 = DEFINITIONAL_REPRESENTATION('',(#6997),#7001);
#6997 = LINE('',#6998,#6999);
#6998 = CARTESIAN_POINT('',(0.,0.2));
#6999 = VECTOR('',#7000,1.);
#7000 = DIRECTION('',(1.,0.));
#7001 = ( GEOMETRIC_REPRESENTATION_CONTEXT(2) 
PARAMETRIC_REPRESENTATION_CONTEXT() REPRESENTATION_CONTEXT('2D SPACE',''
  ) );
#7002 = PCURVE('',#6948,#7003);
#7003 = DEFINITIONAL_REPRESENTATION('',(#7004),#7008);
#7004 = CIRCLE('',#7005,0.45);
#7005 = AXIS2_PLACEMENT_2D('',#7006,#7007);
#7006 = CARTESIAN_POINT('',(-4.799999981973,-26.2));
#7007 = DIRECTION('',(1.,0.));
#7008 = ( GEOMETRIC_REPRESENTATION_CONTEXT(2) 
PARAMETRIC_REPRESENTATION_CONTEXT() REPRESENTATION_CONTEXT('2D SPACE',''
  ) );
#7009 = ORIENTED_EDGE('',*,*,#6965,.T.);
#7010 = ADVANCED_FACE('',(#7011),#4897,.F.);
#7011 = FACE_BOUND('',#7012,.F.);
#7012 = EDGE_LOOP('',(#7013,#7014,#7037,#7059));
#7013 = ORIENTED_EDGE('',*,*,#4880,.F.);
#7014 = ORIENTED_EDGE('',*,*,#7015,.F.);
#7015 = EDGE_CURVE('',#7016,#4881,#7018,.T.);
#7016 = VERTEX_POINT('',#7017);
#7017 = CARTESIAN_POINT('',(-2.75,-26.2,11.5));
#7018 = SEAM_CURVE('',#7019,(#7023,#7030),.PCURVE_S1.);
#7019 = LINE('',#7020,#7021);
#7020 = CARTESIAN_POINT('',(-2.75,-26.2,11.3));
#7021 = VECTOR('',#7022,1.);
#7022 = DIRECTION('',(0.,0.,1.));
#7023 = PCURVE('',#4897,#7024);
#7024 = DEFINITIONAL_REPRESENTATION('',(#7025),#7029);
#7025 = LINE('',#7026,#7027);
#7026 = CARTESIAN_POINT('',(6.28318530718,-0.));
#7027 = VECTOR('',#7028,1.);
#7028 = DIRECTION('',(0.,1.));
#7029 = ( GEOMETRIC_REPRESENTATION_CONTEXT(2) 
PARAMETRIC_REPRESENTATION_CONTEXT() REPRESENTATION_CONTEXT('2D SPACE',''
  ) );
#7030 = PCURVE('',#4897,#7031);
#7031 = DEFINITIONAL_REPRESENTATION('',(#7032),#7036);
#7032 = LINE('',#7033,#7034);
#7033 = CARTESIAN_POINT('',(0.,-0.));
#7034 = VECTOR('',#7035,1.);
#7035 = DIRECTION('',(0.,1.));
#7036 = ( GEOMETRIC_REPRESENTATION_CONTEXT(2) 
PARAMETRIC_REPRESENTATION_CONTEXT() REPRESENTATION_CONTEXT('2D SPACE',''
  ) );
#7037 = ORIENTED_EDGE('',*,*,#7038,.T.);
#7038 = EDGE_CURVE('',#7016,#7016,#7039,.T.);
#7039 = SURFACE_CURVE('',#7040,(#7045,#7052),.PCURVE_S1.);
#7040 = CIRCLE('',#7041,0.45);
#7041 = AXIS2_PLACEMENT_3D('',#7042,#7043,#7044);
#7042 = CARTESIAN_POINT('',(-3.2,-26.2,11.5));
#7043 = DIRECTION('',(0.,0.,1.));
#7044 = DIRECTION('',(1.,0.,-0.));
#7045 = PCURVE('',#4897,#7046);
#7046 = DEFINITIONAL_REPRESENTATION('',(#7047),#7051);
#7047 = LINE('',#7048,#7049);
#7048 = CARTESIAN_POINT('',(0.,0.2));
#7049 = VECTOR('',#7050,1.);
#7050 = DIRECTION('',(1.,0.));
#7051 = ( GEOMETRIC_REPRESENTATION_CONTEXT(2) 
PARAMETRIC_REPRESENTATION_CONTEXT() REPRESENTATION_CONTEXT('2D SPACE',''
  ) );
#7052 = PCURVE('',#6948,#7053);
#7053 = DEFINITIONAL_REPRESENTATION('',(#7054),#7058);
#7054 = CIRCLE('',#7055,0.45);
#7055 = AXIS2_PLACEMENT_2D('',#7056,#7057);
#7056 = CARTESIAN_POINT('',(-3.199999981973,-26.2));
#7057 = DIRECTION('',(1.,0.));
#7058 = ( GEOMETRIC_REPRESENTATION_CONTEXT(2) 
PARAMETRIC_REPRESENTATION_CONTEXT() REPRESENTATION_CONTEXT('2D SPACE',''
  ) );
#7059 = ORIENTED_EDGE('',*,*,#7015,.T.);
#7060 = ADVANCED_FACE('',(#7061),#4928,.F.);
#7061 = FACE_BOUND('',#7062,.F.);
#7062 = EDGE_LOOP('',(#7063,#7064,#7087,#7109));
#7063 = ORIENTED_EDGE('',*,*,#4911,.F.);
#7064 = ORIENTED_EDGE('',*,*,#7065,.F.);
#7065 = EDGE_CURVE('',#7066,#4912,#7068,.T.);
#7066 = VERTEX_POINT('',#7067);
#7067 = CARTESIAN_POINT('',(-1.15,-26.2,11.5));
#7068 = SEAM_CURVE('',#7069,(#7073,#7080),.PCURVE_S1.);
#7069 = LINE('',#7070,#7071);
#7070 = CARTESIAN_POINT('',(-1.15,-26.2,11.3));
#7071 = VECTOR('',#7072,1.);
#7072 = DIRECTION('',(0.,0.,1.));
#7073 = PCURVE('',#4928,#7074);
#7074 = DEFINITIONAL_REPRESENTATION('',(#7075),#7079);
#7075 = LINE('',#7076,#7077);
#7076 = CARTESIAN_POINT('',(6.28318530718,-0.));
#7077 = VECTOR('',#7078,1.);
#7078 = DIRECTION('',(0.,1.));
#7079 = ( GEOMETRIC_REPRESENTATION_CONTEXT(2) 
PARAMETRIC_REPRESENTATION_CONTEXT() REPRESENTATION_CONTEXT('2D SPACE',''
  ) );
#7080 = PCURVE('',#4928,#7081);
#7081 = DEFINITIONAL_REPRESENTATION('',(#7082),#7086);
#7082 = LINE('',#7083,#7084);
#7083 = CARTESIAN_POINT('',(0.,-0.));
#7084 = VECTOR('',#7085,1.);
#7085 = DIRECTION('',(0.,1.));
#7086 = ( GEOMETRIC_REPRESENTATION_CONTEXT(2) 
PARAMETRIC_REPRESENTATION_CONTEXT() REPRESENTATION_CONTEXT('2D SPACE',''
  ) );
#7087 = ORIENTED_EDGE('',*,*,#7088,.T.);
#7088 = EDGE_CURVE('',#7066,#7066,#7089,.T.);
#7089 = SURFACE_CURVE('',#7090,(#7095,#7102),.PCURVE_S1.);
#7090 = CIRCLE('',#7091,0.45);
#7091 = AXIS2_PLACEMENT_3D('',#7092,#7093,#7094);
#7092 = CARTESIAN_POINT('',(-1.6,-26.2,11.5));
#7093 = DIRECTION('',(0.,0.,1.));
#7094 = DIRECTION('',(1.,0.,-0.));
#7095 = PCURVE('',#4928,#7096);
#7096 = DEFINITIONAL_REPRESENTATION('',(#7097),#7101);
#7097 = LINE('',#7098,#7099);
#7098 = CARTESIAN_POINT('',(0.,0.2));
#7099 = VECTOR('',#7100,1.);
#7100 = DIRECTION('',(1.,0.));
#7101 = ( GEOMETRIC_REPRESENTATION_CONTEXT(2) 
PARAMETRIC_REPRESENTATION_CONTEXT() REPRESENTATION_CONTEXT('2D SPACE',''
  ) );
#7102 = PCURVE('',#6948,#7103);
#7103 = DEFINITIONAL_REPRESENTATION('',(#7104),#7108);
#7104 = CIRCLE('',#7105,0.45);
#7105 = AXIS2_PLACEMENT_2D('',#7106,#7107);
#7106 = CARTESIAN_POINT('',(-1.599999981973,-26.2));
#7107 = DIRECTION('',(1.,0.));
#7108 = ( GEOMETRIC_REPRESENTATION_CONTEXT(2) 
PARAMETRIC_REPRESENTATION_CONTEXT() REPRESENTATION_CONTEXT('2D SPACE',''
  ) );
#7109 = ORIENTED_EDGE('',*,*,#7065,.T.);
#7110 = ADVANCED_FACE('',(#7111),#4959,.F.);
#7111 = FACE_BOUND('',#7112,.F.);
#7112 = EDGE_LOOP('',(#7113,#7114,#7137,#7159));
#7113 = ORIENTED_EDGE('',*,*,#4942,.F.);
#7114 = ORIENTED_EDGE('',*,*,#7115,.F.);
#7115 = EDGE_CURVE('',#7116,#4943,#7118,.T.);
#7116 = VERTEX_POINT('',#7117);
#7117 = CARTESIAN_POINT('',(-5.95,-24.6,11.5));
#7118 = SEAM_CURVE('',#7119,(#7123,#7130),.PCURVE_S1.);
#7119 = LINE('',#7120,#7121);
#7120 = CARTESIAN_POINT('',(-5.95,-24.6,11.3));
#7121 = VECTOR('',#7122,1.);
#7122 = DIRECTION('',(0.,0.,1.));
#7123 = PCURVE('',#4959,#7124);
#7124 = DEFINITIONAL_REPRESENTATION('',(#7125),#7129);
#7125 = LINE('',#7126,#7127);
#7126 = CARTESIAN_POINT('',(6.28318530718,-0.));
#7127 = VECTOR('',#7128,1.);
#7128 = DIRECTION('',(0.,1.));
#7129 = ( GEOMETRIC_REPRESENTATION_CONTEXT(2) 
PARAMETRIC_REPRESENTATION_CONTEXT() REPRESENTATION_CONTEXT('2D SPACE',''
  ) );
#7130 = PCURVE('',#4959,#7131);
#7131 = DEFINITIONAL_REPRESENTATION('',(#7132),#7136);
#7132 = LINE('',#7133,#7134);
#7133 = CARTESIAN_POINT('',(0.,-0.));
#7134 = VECTOR('',#7135,1.);
#7135 = DIRECTION('',(0.,1.));
#7136 = ( GEOMETRIC_REPRESENTATION_CONTEXT(2) 
PARAMETRIC_REPRESENTATION_CONTEXT() REPRESENTATION_CONTEXT('2D SPACE',''
  ) );
#7137 = ORIENTED_EDGE('',*,*,#7138,.T.);
#7138 = EDGE_CURVE('',#7116,#7116,#7139,.T.);
#7139 = SURFACE_CURVE('',#7140,(#7145,#7152),.PCURVE_S1.);
#7140 = CIRCLE('',#7141,0.45);
#7141 = AXIS2_PLACEMENT_3D('',#7142,#7143,#7144);
#7142 = CARTESIAN_POINT('',(-6.4,-24.6,11.5));
#7143 = DIRECTION('',(0.,0.,1.));
#7144 = DIRECTION('',(1.,0.,-0.));
#7145 = PCURVE('',#4959,#7146);
#7146 = DEFINITIONAL_REPRESENTATION('',(#7147),#7151);
#7147 = LINE('',#7148,#7149);
#7148 = CARTESIAN_POINT('',(0.,0.2));
#7149 = VECTOR('',#7150,1.);
#7150 = DIRECTION('',(1.,0.));
#7151 = ( GEOMETRIC_REPRESENTATION_CONTEXT(2) 
PARAMETRIC_REPRESENTATION_CONTEXT() REPRESENTATION_CONTEXT('2D SPACE',''
  ) );
#7152 = PCURVE('',#6948,#7153);
#7153 = DEFINITIONAL_REPRESENTATION('',(#7154),#7158);
#7154 = CIRCLE('',#7155,0.45);
#7155 = AXIS2_PLACEMENT_2D('',#7156,#7157);
#7156 = CARTESIAN_POINT('',(-6.399999981973,-24.6));
#7157 = DIRECTION('',(1.,0.));
#7158 = ( GEOMETRIC_REPRESENTATION_CONTEXT(2) 
PARAMETRIC_REPRESENTATION_CONTEXT() REPRESENTATION_CONTEXT('2D SPACE',''
  ) );
#7159 = ORIENTED_EDGE('',*,*,#7115,.T.);
#7160 = ADVANCED_FACE('',(#7161),#4990,.F.);
#7161 = FACE_BOUND('',#7162,.F.);
#7162 = EDGE_LOOP('',(#7163,#7164,#7187,#7209));
#7163 = ORIENTED_EDGE('',*,*,#4973,.F.);
#7164 = ORIENTED_EDGE('',*,*,#7165,.F.);
#7165 = EDGE_CURVE('',#7166,#4974,#7168,.T.);
#7166 = VERTEX_POINT('',#7167);
#7167 = CARTESIAN_POINT('',(-5.95,-23.,11.5));
#7168 = SEAM_CURVE('',#7169,(#7173,#7180),.PCURVE_S1.);
#7169 = LINE('',#7170,#7171);
#7170 = CARTESIAN_POINT('',(-5.95,-23.,11.3));
#7171 = VECTOR('',#7172,1.);
#7172 = DIRECTION('',(0.,0.,1.));
#7173 = PCURVE('',#4990,#7174);
#7174 = DEFINITIONAL_REPRESENTATION('',(#7175),#7179);
#7175 = LINE('',#7176,#7177);
#7176 = CARTESIAN_POINT('',(6.28318530718,-0.));
#7177 = VECTOR('',#7178,1.);
#7178 = DIRECTION('',(0.,1.));
#7179 = ( GEOMETRIC_REPRESENTATION_CONTEXT(2) 
PARAMETRIC_REPRESENTATION_CONTEXT() REPRESENTATION_CONTEXT('2D SPACE',''
  ) );
#7180 = PCURVE('',#4990,#7181);
#7181 = DEFINITIONAL_REPRESENTATION('',(#7182),#7186);
#7182 = LINE('',#7183,#7184);
#7183 = CARTESIAN_POINT('',(0.,-0.));
#7184 = VECTOR('',#7185,1.);
#7185 = DIRECTION('',(0.,1.));
#7186 = ( GEOMETRIC_REPRESENTATION_CONTEXT(2) 
PARAMETRIC_REPRESENTATION_CONTEXT() REPRESENTATION_CONTEXT('2D SPACE',''
  ) );
#7187 = ORIENTED_EDGE('',*,*,#7188,.T.);
#7188 = EDGE_CURVE('',#7166,#7166,#7189,.T.);
#7189 = SURFACE_CURVE('',#7190,(#7195,#7202),.PCURVE_S1.);
#7190 = CIRCLE('',#7191,0.45);
#7191 = AXIS2_PLACEMENT_3D('',#7192,#7193,#7194);
#7192 = CARTESIAN_POINT('',(-6.4,-23.,11.5));
#7193 = DIRECTION('',(0.,0.,1.));
#7194 = DIRECTION('',(1.,0.,-0.));
#7195 = PCURVE('',#4990,#7196);
#7196 = DEFINITIONAL_REPRESENTATION('',(#7197),#7201);
#7197 = LINE('',#7198,#7199);
#7198 = CARTESIAN_POINT('',(0.,0.2));
#7199 = VECTOR('',#7200,1.);
#7200 = DIRECTION('',(1.,0.));
#7201 = ( GEOMETRIC_REPRESENTATION_CONTEXT(2) 
PARAMETRIC_REPRESENTATION_CONTEXT() REPRESENTATION_CONTEXT('2D SPACE',''
  ) );
#7202 = PCURVE('',#6948,#7203);
#7203 = DEFINITIONAL_REPRESENTATION('',(#7204),#7208);
#7204 = CIRCLE('',#7205,0.45);
#7205 = AXIS2_PLACEMENT_2D('',#7206,#7207);
#7206 = CARTESIAN_POINT('',(-6.399999981973,-23.));
#7207 = DIRECTION('',(1.,0.));
#7208 = ( GEOMETRIC_REPRESENTATION_CONTEXT(2) 
PARAMETRIC_REPRESENTATION_CONTEXT() REPRESENTATION_CONTEXT('2D SPACE',''
  ) );
#7209 = ORIENTED_EDGE('',*,*,#7165,.T.);
#7210 = ADVANCED_FACE('',(#7211),#5021,.F.);
#7211 = FACE_BOUND('',#7212,.F.);
#7212 = EDGE_LOOP('',(#7213,#7214,#7237,#7259));
#7213 = ORIENTED_EDGE('',*,*,#5004,.F.);
#7214 = ORIENTED_EDGE('',*,*,#7215,.F.);
#7215 = EDGE_CURVE('',#7216,#5005,#7218,.T.);
#7216 = VERTEX_POINT('',#7217);
#7217 = CARTESIAN_POINT('',(-5.95,-21.4,11.5));
#7218 = SEAM_CURVE('',#7219,(#7223,#7230),.PCURVE_S1.);
#7219 = LINE('',#7220,#7221);
#7220 = CARTESIAN_POINT('',(-5.95,-21.4,11.3));
#7221 = VECTOR('',#7222,1.);
#7222 = DIRECTION('',(0.,0.,1.));
#7223 = PCURVE('',#5021,#7224);
#7224 = DEFINITIONAL_REPRESENTATION('',(#7225),#7229);
#7225 = LINE('',#7226,#7227);
#7226 = CARTESIAN_POINT('',(6.28318530718,-0.));
#7227 = VECTOR('',#7228,1.);
#7228 = DIRECTION('',(0.,1.));
#7229 = ( GEOMETRIC_REPRESENTATION_CONTEXT(2) 
PARAMETRIC_REPRESENTATION_CONTEXT() REPRESENTATION_CONTEXT('2D SPACE',''
  ) );
#7230 = PCURVE('',#5021,#7231);
#7231 = DEFINITIONAL_REPRESENTATION('',(#7232),#7236);
#7232 = LINE('',#7233,#7234);
#7233 = CARTESIAN_POINT('',(0.,-0.));
#7234 = VECTOR('',#7235,1.);
#7235 = DIRECTION('',(0.,1.));
#7236 = ( GEOMETRIC_REPRESENTATION_CONTEXT(2) 
PARAMETRIC_REPRESENTATION_CONTEXT() REPRESENTATION_CONTEXT('2D SPACE',''
  ) );
#7237 = ORIENTED_EDGE('',*,*,#7238,.T.);
#7238 = EDGE_CURVE('',#7216,#7216,#7239,.T.);
#7239 = SURFACE_CURVE('',#7240,(#7245,#7252),.PCURVE_S1.);
#7240 = CIRCLE('',#7241,0.45);
#7241 = AXIS2_PLACEMENT_3D('',#7242,#7243,#7244);
#7242 = CARTESIAN_POINT('',(-6.4,-21.4,11.5));
#7243 = DIRECTION('',(0.,0.,1.));
#7244 = DIRECTION('',(1.,0.,-0.));
#7245 = PCURVE('',#5021,#7246);
#7246 = DEFINITIONAL_REPRESENTATION('',(#7247),#7251);
#7247 = LINE('',#7248,#7249);
#7248 = CARTESIAN_POINT('',(0.,0.2));
#7249 = VECTOR('',#7250,1.);
#7250 = DIRECTION('',(1.,0.));
#7251 = ( GEOMETRIC_REPRESENTATION_CONTEXT(2) 
PARAMETRIC_REPRESENTATION_CONTEXT() REPRESENTATION_CONTEXT('2D SPACE',''
  ) );
#7252 = PCURVE('',#6948,#7253);
#7253 = DEFINITIONAL_REPRESENTATION('',(#7254),#7258);
#7254 = CIRCLE('',#7255,0.45);
#7255 = AXIS2_PLACEMENT_2D('',#7256,#7257);
#7256 = CARTESIAN_POINT('',(-6.399999981973,-21.4));
#7257 = DIRECTION('',(1.,0.));
#7258 = ( GEOMETRIC_REPRESENTATION_CONTEXT(2) 
PARAMETRIC_REPRESENTATION_CONTEXT() REPRESENTATION_CONTEXT('2D SPACE',''
  ) );
#7259 = ORIENTED_EDGE('',*,*,#7215,.T.);
#7260 = ADVANCED_FACE('',(#7261),#5052,.F.);
#7261 = FACE_BOUND('',#7262,.F.);
#7262 = EDGE_LOOP('',(#7263,#7264,#7287,#7309));
#7263 = ORIENTED_EDGE('',*,*,#5035,.F.);
#7264 = ORIENTED_EDGE('',*,*,#7265,.F.);
#7265 = EDGE_CURVE('',#7266,#5036,#7268,.T.);
#7266 = VERTEX_POINT('',#7267);
#7267 = CARTESIAN_POINT('',(-4.35,-24.6,11.5));
#7268 = SEAM_CURVE('',#7269,(#7273,#7280),.PCURVE_S1.);
#7269 = LINE('',#7270,#7271);
#7270 = CARTESIAN_POINT('',(-4.35,-24.6,11.3));
#7271 = VECTOR('',#7272,1.);
#7272 = DIRECTION('',(0.,0.,1.));
#7273 = PCURVE('',#5052,#7274);
#7274 = DEFINITIONAL_REPRESENTATION('',(#7275),#7279);
#7275 = LINE('',#7276,#7277);
#7276 = CARTESIAN_POINT('',(6.28318530718,-0.));
#7277 = VECTOR('',#7278,1.);
#7278 = DIRECTION('',(0.,1.));
#7279 = ( GEOMETRIC_REPRESENTATION_CONTEXT(2) 
PARAMETRIC_REPRESENTATION_CONTEXT() REPRESENTATION_CONTEXT('2D SPACE',''
  ) );
#7280 = PCURVE('',#5052,#7281);
#7281 = DEFINITIONAL_REPRESENTATION('',(#7282),#7286);
#7282 = LINE('',#7283,#7284);
#7283 = CARTESIAN_POINT('',(0.,-0.));
#7284 = VECTOR('',#7285,1.);
#7285 = DIRECTION('',(0.,1.));
#7286 = ( GEOMETRIC_REPRESENTATION_CONTEXT(2) 
PARAMETRIC_REPRESENTATION_CONTEXT() REPRESENTATION_CONTEXT('2D SPACE',''
  ) );
#7287 = ORIENTED_EDGE('',*,*,#7288,.T.);
#7288 = EDGE_CURVE('',#7266,#7266,#7289,.T.);
#7289 = SURFACE_CURVE('',#7290,(#7295,#7302),.PCURVE_S1.);
#7290 = CIRCLE('',#7291,0.45);
#7291 = AXIS2_PLACEMENT_3D('',#7292,#7293,#7294);
#7292 = CARTESIAN_POINT('',(-4.8,-24.6,11.5));
#7293 = DIRECTION('',(0.,0.,1.));
#7294 = DIRECTION('',(1.,0.,-0.));
#7295 = PCURVE('',#5052,#7296);
#7296 = DEFINITIONAL_REPRESENTATION('',(#7297),#7301);
#7297 = LINE('',#7298,#7299);
#7298 = CARTESIAN_POINT('',(0.,0.2));
#7299 = VECTOR('',#7300,1.);
#7300 = DIRECTION('',(1.,0.));
#7301 = ( GEOMETRIC_REPRESENTATION_CONTEXT(2) 
PARAMETRIC_REPRESENTATION_CONTEXT() REPRESENTATION_CONTEXT('2D SPACE',''
  ) );
#7302 = PCURVE('',#6948,#7303);
#7303 = DEFINITIONAL_REPRESENTATION('',(#7304),#7308);
#7304 = CIRCLE('',#7305,0.45);
#7305 = AXIS2_PLACEMENT_2D('',#7306,#7307);
#7306 = CARTESIAN_POINT('',(-4.799999981973,-24.6));
#7307 = DIRECTION('',(1.,0.));
#7308 = ( GEOMETRIC_REPRESENTATION_CONTEXT(2) 
PARAMETRIC_REPRESENTATION_CONTEXT() REPRESENTATION_CONTEXT('2D SPACE',''
  ) );
#7309 = ORIENTED_EDGE('',*,*,#7265,.T.);
#7310 = ADVANCED_FACE('',(#7311),#5083,.F.);
#7311 = FACE_BOUND('',#7312,.F.);
#7312 = EDGE_LOOP('',(#7313,#7314,#7337,#7359));
#7313 = ORIENTED_EDGE('',*,*,#5066,.F.);
#7314 = ORIENTED_EDGE('',*,*,#7315,.F.);
#7315 = EDGE_CURVE('',#7316,#5067,#7318,.T.);
#7316 = VERTEX_POINT('',#7317);
#7317 = CARTESIAN_POINT('',(-4.35,-23.,11.5));
#7318 = SEAM_CURVE('',#7319,(#7323,#7330),.PCURVE_S1.);
#7319 = LINE('',#7320,#7321);
#7320 = CARTESIAN_POINT('',(-4.35,-23.,11.3));
#7321 = VECTOR('',#7322,1.);
#7322 = DIRECTION('',(0.,0.,1.));
#7323 = PCURVE('',#5083,#7324);
#7324 = DEFINITIONAL_REPRESENTATION('',(#7325),#7329);
#7325 = LINE('',#7326,#7327);
#7326 = CARTESIAN_POINT('',(6.28318530718,-0.));
#7327 = VECTOR('',#7328,1.);
#7328 = DIRECTION('',(0.,1.));
#7329 = ( GEOMETRIC_REPRESENTATION_CONTEXT(2) 
PARAMETRIC_REPRESENTATION_CONTEXT() REPRESENTATION_CONTEXT('2D SPACE',''
  ) );
#7330 = PCURVE('',#5083,#7331);
#7331 = DEFINITIONAL_REPRESENTATION('',(#7332),#7336);
#7332 = LINE('',#7333,#7334);
#7333 = CARTESIAN_POINT('',(0.,-0.));
#7334 = VECTOR('',#7335,1.);
#7335 = DIRECTION('',(0.,1.));
#7336 = ( GEOMETRIC_REPRESENTATION_CONTEXT(2) 
PARAMETRIC_REPRESENTATION_CONTEXT() REPRESENTATION_CONTEXT('2D SPACE',''
  ) );
#7337 = ORIENTED_EDGE('',*,*,#7338,.T.);
#7338 = EDGE_CURVE('',#7316,#7316,#7339,.T.);
#7339 = SURFACE_CURVE('',#7340,(#7345,#7352),.PCURVE_S1.);
#7340 = CIRCLE('',#7341,0.45);
#7341 = AXIS2_PLACEMENT_3D('',#7342,#7343,#7344);
#7342 = CARTESIAN_POINT('',(-4.8,-23.,11.5));
#7343 = DIRECTION('',(0.,0.,1.));
#7344 = DIRECTION('',(1.,0.,-0.));
#7345 = PCURVE('',#5083,#7346);
#7346 = DEFINITIONAL_REPRESENTATION('',(#7347),#7351);
#7347 = LINE('',#7348,#7349);
#7348 = CARTESIAN_POINT('',(0.,0.2));
#7349 = VECTOR('',#7350,1.);
#7350 = DIRECTION('',(1.,0.));
#7351 = ( GEOMETRIC_REPRESENTATION_CONTEXT(2) 
PARAMETRIC_REPRESENTATION_CONTEXT() REPRESENTATION_CONTEXT('2D SPACE',''
  ) );
#7352 = PCURVE('',#6948,#7353);
#7353 = DEFINITIONAL_REPRESENTATION('',(#7354),#7358);
#7354 = CIRCLE('',#7355,0.45);
#7355 = AXIS2_PLACEMENT_2D('',#7356,#7357);
#7356 = CARTESIAN_POINT('',(-4.799999981973,-23.));
#7357 = DIRECTION('',(1.,0.));
#7358 = ( GEOMETRIC_REPRESENTATION_CONTEXT(2) 
PARAMETRIC_REPRESENTATION_CONTEXT() REPRESENTATION_CONTEXT('2D SPACE',''
  ) );
#7359 = ORIENTED_EDGE('',*,*,#7315,.T.);
#7360 = ADVANCED_FACE('',(#7361),#5114,.F.);
#7361 = FACE_BOUND('',#7362,.F.);
#7362 = EDGE_LOOP('',(#7363,#7364,#7387,#7409));
#7363 = ORIENTED_EDGE('',*,*,#5097,.F.);
#7364 = ORIENTED_EDGE('',*,*,#7365,.F.);
#7365 = EDGE_CURVE('',#7366,#5098,#7368,.T.);
#7366 = VERTEX_POINT('',#7367);
#7367 = CARTESIAN_POINT('',(-4.35,-21.4,11.5));
#7368 = SEAM_CURVE('',#7369,(#7373,#7380),.PCURVE_S1.);
#7369 = LINE('',#7370,#7371);
#7370 = CARTESIAN_POINT('',(-4.35,-21.4,11.3));
#7371 = VECTOR('',#7372,1.);
#7372 = DIRECTION('',(0.,0.,1.));
#7373 = PCURVE('',#5114,#7374);
#7374 = DEFINITIONAL_REPRESENTATION('',(#7375),#7379);
#7375 = LINE('',#7376,#7377);
#7376 = CARTESIAN_POINT('',(6.28318530718,-0.));
#7377 = VECTOR('',#7378,1.);
#7378 = DIRECTION('',(0.,1.));
#7379 = ( GEOMETRIC_REPRESENTATION_CONTEXT(2) 
PARAMETRIC_REPRESENTATION_CONTEXT() REPRESENTATION_CONTEXT('2D SPACE',''
  ) );
#7380 = PCURVE('',#5114,#7381);
#7381 = DEFINITIONAL_REPRESENTATION('',(#7382),#7386);
#7382 = LINE('',#7383,#7384);
#7383 = CARTESIAN_POINT('',(0.,-0.));
#7384 = VECTOR('',#7385,1.);
#7385 = DIRECTION('',(0.,1.));
#7386 = ( GEOMETRIC_REPRESENTATION_CONTEXT(2) 
PARAMETRIC_REPRESENTATION_CONTEXT() REPRESENTATION_CONTEXT('2D SPACE',''
  ) );
#7387 = ORIENTED_EDGE('',*,*,#7388,.T.);
#7388 = EDGE_CURVE('',#7366,#7366,#7389,.T.);
#7389 = SURFACE_CURVE('',#7390,(#7395,#7402),.PCURVE_S1.);
#7390 = CIRCLE('',#7391,0.45);
#7391 = AXIS2_PLACEMENT_3D('',#7392,#7393,#7394);
#7392 = CARTESIAN_POINT('',(-4.8,-21.4,11.5));
#7393 = DIRECTION('',(0.,0.,1.));
#7394 = DIRECTION('',(1.,0.,-0.));
#7395 = PCURVE('',#5114,#7396);
#7396 = DEFINITIONAL_REPRESENTATION('',(#7397),#7401);
#7397 = LINE('',#7398,#7399);
#7398 = CARTESIAN_POINT('',(0.,0.2));
#7399 = VECTOR('',#7400,1.);
#7400 = DIRECTION('',(1.,0.));
#7401 = ( GEOMETRIC_REPRESENTATION_CONTEXT(2) 
PARAMETRIC_REPRESENTATION_CONTEXT() REPRESENTATION_CONTEXT('2D SPACE',''
  ) );
#7402 = PCURVE('',#6948,#7403);
#7403 = DEFINITIONAL_REPRESENTATION('',(#7404),#7408);
#7404 = CIRCLE('',#7405,0.45);
#7405 = AXIS2_PLACEMENT_2D('',#7406,#7407);
#7406 = CARTESIAN_POINT('',(-4.799999981973,-21.4));
#7407 = DIRECTION('',(1.,0.));
#7408 = ( GEOMETRIC_REPRESENTATION_CONTEXT(2) 
PARAMETRIC_REPRESENTATION_CONTEXT() REPRESENTATION_CONTEXT('2D SPACE',''
  ) );
#7409 = ORIENTED_EDGE('',*,*,#7365,.T.);
#7410 = ADVANCED_FACE('',(#7411),#5145,.F.);
#7411 = FACE_BOUND('',#7412,.F.);
#7412 = EDGE_LOOP('',(#7413,#7414,#7437,#7459));
#7413 = ORIENTED_EDGE('',*,*,#5128,.F.);
#7414 = ORIENTED_EDGE('',*,*,#7415,.F.);
#7415 = EDGE_CURVE('',#7416,#5129,#7418,.T.);
#7416 = VERTEX_POINT('',#7417);
#7417 = CARTESIAN_POINT('',(-5.95,-19.8,11.5));
#7418 = SEAM_CURVE('',#7419,(#7423,#7430),.PCURVE_S1.);
#7419 = LINE('',#7420,#7421);
#7420 = CARTESIAN_POINT('',(-5.95,-19.8,11.3));
#7421 = VECTOR('',#7422,1.);
#7422 = DIRECTION('',(0.,0.,1.));
#7423 = PCURVE('',#5145,#7424);
#7424 = DEFINITIONAL_REPRESENTATION('',(#7425),#7429);
#7425 = LINE('',#7426,#7427);
#7426 = CARTESIAN_POINT('',(6.28318530718,-0.));
#7427 = VECTOR('',#7428,1.);
#7428 = DIRECTION('',(0.,1.));
#7429 = ( GEOMETRIC_REPRESENTATION_CONTEXT(2) 
PARAMETRIC_REPRESENTATION_CONTEXT() REPRESENTATION_CONTEXT('2D SPACE',''
  ) );
#7430 = PCURVE('',#5145,#7431);
#7431 = DEFINITIONAL_REPRESENTATION('',(#7432),#7436);
#7432 = LINE('',#7433,#7434);
#7433 = CARTESIAN_POINT('',(0.,-0.));
#7434 = VECTOR('',#7435,1.);
#7435 = DIRECTION('',(0.,1.));
#7436 = ( GEOMETRIC_REPRESENTATION_CONTEXT(2) 
PARAMETRIC_REPRESENTATION_CONTEXT() REPRESENTATION_CONTEXT('2D SPACE',''
  ) );
#7437 = ORIENTED_EDGE('',*,*,#7438,.T.);
#7438 = EDGE_CURVE('',#7416,#7416,#7439,.T.);
#7439 = SURFACE_CURVE('',#7440,(#7445,#7452),.PCURVE_S1.);
#7440 = CIRCLE('',#7441,0.45);
#7441 = AXIS2_PLACEMENT_3D('',#7442,#7443,#7444);
#7442 = CARTESIAN_POINT('',(-6.4,-19.8,11.5));
#7443 = DIRECTION('',(0.,0.,1.));
#7444 = DIRECTION('',(1.,0.,-0.));
#7445 = PCURVE('',#5145,#7446);
#7446 = DEFINITIONAL_REPRESENTATION('',(#7447),#7451);
#7447 = LINE('',#7448,#7449);
#7448 = CARTESIAN_POINT('',(0.,0.2));
#7449 = VECTOR('',#7450,1.);
#7450 = DIRECTION('',(1.,0.));
#7451 = ( GEOMETRIC_REPRESENTATION_CONTEXT(2) 
PARAMETRIC_REPRESENTATION_CONTEXT() REPRESENTATION_CONTEXT('2D SPACE',''
  ) );
#7452 = PCURVE('',#6948,#7453);
#7453 = DEFINITIONAL_REPRESENTATION('',(#7454),#7458);
#7454 = CIRCLE('',#7455,0.45);
#7455 = AXIS2_PLACEMENT_2D('',#7456,#7457);
#7456 = CARTESIAN_POINT('',(-6.399999981973,-19.8));
#7457 = DIRECTION('',(1.,0.));
#7458 = ( GEOMETRIC_REPRESENTATION_CONTEXT(2) 
PARAMETRIC_REPRESENTATION_CONTEXT() REPRESENTATION_CONTEXT('2D SPACE',''
  ) );
#7459 = ORIENTED_EDGE('',*,*,#7415,.T.);
#7460 = ADVANCED_FACE('',(#7461),#5176,.F.);
#7461 = FACE_BOUND('',#7462,.F.);
#7462 = EDGE_LOOP('',(#7463,#7464,#7487,#7509));
#7463 = ORIENTED_EDGE('',*,*,#5159,.F.);
#7464 = ORIENTED_EDGE('',*,*,#7465,.F.);
#7465 = EDGE_CURVE('',#7466,#5160,#7468,.T.);
#7466 = VERTEX_POINT('',#7467);
#7467 = CARTESIAN_POINT('',(-4.35,-19.8,11.5));
#7468 = SEAM_CURVE('',#7469,(#7473,#7480),.PCURVE_S1.);
#7469 = LINE('',#7470,#7471);
#7470 = CARTESIAN_POINT('',(-4.35,-19.8,11.3));
#7471 = VECTOR('',#7472,1.);
#7472 = DIRECTION('',(0.,0.,1.));
#7473 = PCURVE('',#5176,#7474);
#7474 = DEFINITIONAL_REPRESENTATION('',(#7475),#7479);
#7475 = LINE('',#7476,#7477);
#7476 = CARTESIAN_POINT('',(6.28318530718,-0.));
#7477 = VECTOR('',#7478,1.);
#7478 = DIRECTION('',(0.,1.));
#7479 = ( GEOMETRIC_REPRESENTATION_CONTEXT(2) 
PARAMETRIC_REPRESENTATION_CONTEXT() REPRESENTATION_CONTEXT('2D SPACE',''
  ) );
#7480 = PCURVE('',#5176,#7481);
#7481 = DEFINITIONAL_REPRESENTATION('',(#7482),#7486);
#7482 = LINE('',#7483,#7484);
#7483 = CARTESIAN_POINT('',(0.,-0.));
#7484 = VECTOR('',#7485,1.);
#7485 = DIRECTION('',(0.,1.));
#7486 = ( GEOMETRIC_REPRESENTATION_CONTEXT(2) 
PARAMETRIC_REPRESENTATION_CONTEXT() REPRESENTATION_CONTEXT('2D SPACE',''
  ) );
#7487 = ORIENTED_EDGE('',*,*,#7488,.T.);
#7488 = EDGE_CURVE('',#7466,#7466,#7489,.T.);
#7489 = SURFACE_CURVE('',#7490,(#7495,#7502),.PCURVE_S1.);
#7490 = CIRCLE('',#7491,0.45);
#7491 = AXIS2_PLACEMENT_3D('',#7492,#7493,#7494);
#7492 = CARTESIAN_POINT('',(-4.8,-19.8,11.5));
#7493 = DIRECTION('',(0.,0.,1.));
#7494 = DIRECTION('',(1.,0.,-0.));
#7495 = PCURVE('',#5176,#7496);
#7496 = DEFINITIONAL_REPRESENTATION('',(#7497),#7501);
#7497 = LINE('',#7498,#7499);
#7498 = CARTESIAN_POINT('',(0.,0.2));
#7499 = VECTOR('',#7500,1.);
#7500 = DIRECTION('',(1.,0.));
#7501 = ( GEOMETRIC_REPRESENTATION_CONTEXT(2) 
PARAMETRIC_REPRESENTATION_CONTEXT() REPRESENTATION_CONTEXT('2D SPACE',''
  ) );
#7502 = PCURVE('',#6948,#7503);
#7503 = DEFINITIONAL_REPRESENTATION('',(#7504),#7508);
#7504 = CIRCLE('',#7505,0.45);
#7505 = AXIS2_PLACEMENT_2D('',#7506,#7507);
#7506 = CARTESIAN_POINT('',(-4.799999981973,-19.8));
#7507 = DIRECTION('',(1.,0.));
#7508 = ( GEOMETRIC_REPRESENTATION_CONTEXT(2) 
PARAMETRIC_REPRESENTATION_CONTEXT() REPRESENTATION_CONTEXT('2D SPACE',''
  ) );
#7509 = ORIENTED_EDGE('',*,*,#7465,.T.);
#7510 = ADVANCED_FACE('',(#7511),#5207,.F.);
#7511 = FACE_BOUND('',#7512,.F.);
#7512 = EDGE_LOOP('',(#7513,#7514,#7537,#7559));
#7513 = ORIENTED_EDGE('',*,*,#5190,.F.);
#7514 = ORIENTED_EDGE('',*,*,#7515,.F.);
#7515 = EDGE_CURVE('',#7516,#5191,#7518,.T.);
#7516 = VERTEX_POINT('',#7517);
#7517 = CARTESIAN_POINT('',(-2.75,-24.6,11.5));
#7518 = SEAM_CURVE('',#7519,(#7523,#7530),.PCURVE_S1.);
#7519 = LINE('',#7520,#7521);
#7520 = CARTESIAN_POINT('',(-2.75,-24.6,11.3));
#7521 = VECTOR('',#7522,1.);
#7522 = DIRECTION('',(0.,0.,1.));
#7523 = PCURVE('',#5207,#7524);
#7524 = DEFINITIONAL_REPRESENTATION('',(#7525),#7529);
#7525 = LINE('',#7526,#7527);
#7526 = CARTESIAN_POINT('',(6.28318530718,-0.));
#7527 = VECTOR('',#7528,1.);
#7528 = DIRECTION('',(0.,1.));
#7529 = ( GEOMETRIC_REPRESENTATION_CONTEXT(2) 
PARAMETRIC_REPRESENTATION_CONTEXT() REPRESENTATION_CONTEXT('2D SPACE',''
  ) );
#7530 = PCURVE('',#5207,#7531);
#7531 = DEFINITIONAL_REPRESENTATION('',(#7532),#7536);
#7532 = LINE('',#7533,#7534);
#7533 = CARTESIAN_POINT('',(0.,-0.));
#7534 = VECTOR('',#7535,1.);
#7535 = DIRECTION('',(0.,1.));
#7536 = ( GEOMETRIC_REPRESENTATION_CONTEXT(2) 
PARAMETRIC_REPRESENTATION_CONTEXT() REPRESENTATION_CONTEXT('2D SPACE',''
  ) );
#7537 = ORIENTED_EDGE('',*,*,#7538,.T.);
#7538 = EDGE_CURVE('',#7516,#7516,#7539,.T.);
#7539 = SURFACE_CURVE('',#7540,(#7545,#7552),.PCURVE_S1.);
#7540 = CIRCLE('',#7541,0.45);
#7541 = AXIS2_PLACEMENT_3D('',#7542,#7543,#7544);
#7542 = CARTESIAN_POINT('',(-3.2,-24.6,11.5));
#7543 = DIRECTION('',(0.,0.,1.));
#7544 = DIRECTION('',(1.,0.,-0.));
#7545 = PCURVE('',#5207,#7546);
#7546 = DEFINITIONAL_REPRESENTATION('',(#7547),#7551);
#7547 = LINE('',#7548,#7549);
#7548 = CARTESIAN_POINT('',(0.,0.2));
#7549 = VECTOR('',#7550,1.);
#7550 = DIRECTION('',(1.,0.));
#7551 = ( GEOMETRIC_REPRESENTATION_CONTEXT(2) 
PARAMETRIC_REPRESENTATION_CONTEXT() REPRESENTATION_CONTEXT('2D SPACE',''
  ) );
#7552 = PCURVE('',#6948,#7553);
#7553 = DEFINITIONAL_REPRESENTATION('',(#7554),#7558);
#7554 = CIRCLE('',#7555,0.45);
#7555 = AXIS2_PLACEMENT_2D('',#7556,#7557);
#7556 = CARTESIAN_POINT('',(-3.199999981973,-24.6));
#7557 = DIRECTION('',(1.,0.));
#7558 = ( GEOMETRIC_REPRESENTATION_CONTEXT(2) 
PARAMETRIC_REPRESENTATION_CONTEXT() REPRESENTATION_CONTEXT('2D SPACE',''
  ) );
#7559 = ORIENTED_EDGE('',*,*,#7515,.T.);
#7560 = ADVANCED_FACE('',(#7561),#5238,.F.);
#7561 = FACE_BOUND('',#7562,.F.);
#7562 = EDGE_LOOP('',(#7563,#7564,#7587,#7609));
#7563 = ORIENTED_EDGE('',*,*,#5221,.F.);
#7564 = ORIENTED_EDGE('',*,*,#7565,.F.);
#7565 = EDGE_CURVE('',#7566,#5222,#7568,.T.);
#7566 = VERTEX_POINT('',#7567);
#7567 = CARTESIAN_POINT('',(-2.75,-23.,11.5));
#7568 = SEAM_CURVE('',#7569,(#7573,#7580),.PCURVE_S1.);
#7569 = LINE('',#7570,#7571);
#7570 = CARTESIAN_POINT('',(-2.75,-23.,11.3));
#7571 = VECTOR('',#7572,1.);
#7572 = DIRECTION('',(0.,0.,1.));
#7573 = PCURVE('',#5238,#7574);
#7574 = DEFINITIONAL_REPRESENTATION('',(#7575),#7579);
#7575 = LINE('',#7576,#7577);
#7576 = CARTESIAN_POINT('',(6.28318530718,-0.));
#7577 = VECTOR('',#7578,1.);
#7578 = DIRECTION('',(0.,1.));
#7579 = ( GEOMETRIC_REPRESENTATION_CONTEXT(2) 
PARAMETRIC_REPRESENTATION_CONTEXT() REPRESENTATION_CONTEXT('2D SPACE',''
  ) );
#7580 = PCURVE('',#5238,#7581);
#7581 = DEFINITIONAL_REPRESENTATION('',(#7582),#7586);
#7582 = LINE('',#7583,#7584);
#7583 = CARTESIAN_POINT('',(0.,-0.));
#7584 = VECTOR('',#7585,1.);
#7585 = DIRECTION('',(0.,1.));
#7586 = ( GEOMETRIC_REPRESENTATION_CONTEXT(2) 
PARAMETRIC_REPRESENTATION_CONTEXT() REPRESENTATION_CONTEXT('2D SPACE',''
  ) );
#7587 = ORIENTED_EDGE('',*,*,#7588,.T.);
#7588 = EDGE_CURVE('',#7566,#7566,#7589,.T.);
#7589 = SURFACE_CURVE('',#7590,(#7595,#7602),.PCURVE_S1.);
#7590 = CIRCLE('',#7591,0.45);
#7591 = AXIS2_PLACEMENT_3D('',#7592,#7593,#7594);
#7592 = CARTESIAN_POINT('',(-3.2,-23.,11.5));
#7593 = DIRECTION('',(0.,0.,1.));
#7594 = DIRECTION('',(1.,0.,-0.));
#7595 = PCURVE('',#5238,#7596);
#7596 = DEFINITIONAL_REPRESENTATION('',(#7597),#7601);
#7597 = LINE('',#7598,#7599);
#7598 = CARTESIAN_POINT('',(0.,0.2));
#7599 = VECTOR('',#7600,1.);
#7600 = DIRECTION('',(1.,0.));
#7601 = ( GEOMETRIC_REPRESENTATION_CONTEXT(2) 
PARAMETRIC_REPRESENTATION_CONTEXT() REPRESENTATION_CONTEXT('2D SPACE',''
  ) );
#7602 = PCURVE('',#6948,#7603);
#7603 = DEFINITIONAL_REPRESENTATION('',(#7604),#7608);
#7604 = CIRCLE('',#7605,0.45);
#7605 = AXIS2_PLACEMENT_2D('',#7606,#7607);
#7606 = CARTESIAN_POINT('',(-3.199999981973,-23.));
#7607 = DIRECTION('',(1.,0.));
#7608 = ( GEOMETRIC_REPRESENTATION_CONTEXT(2) 
PARAMETRIC_REPRESENTATION_CONTEXT() REPRESENTATION_CONTEXT('2D SPACE',''
  ) );
#7609 = ORIENTED_EDGE('',*,*,#7565,.T.);
#7610 = ADVANCED_FACE('',(#7611),#5269,.F.);
#7611 = FACE_BOUND('',#7612,.F.);
#7612 = EDGE_LOOP('',(#7613,#7614,#7637,#7659));
#7613 = ORIENTED_EDGE('',*,*,#5252,.F.);
#7614 = ORIENTED_EDGE('',*,*,#7615,.F.);
#7615 = EDGE_CURVE('',#7616,#5253,#7618,.T.);
#7616 = VERTEX_POINT('',#7617);
#7617 = CARTESIAN_POINT('',(-2.75,-21.4,11.5));
#7618 = SEAM_CURVE('',#7619,(#7623,#7630),.PCURVE_S1.);
#7619 = LINE('',#7620,#7621);
#7620 = CARTESIAN_POINT('',(-2.75,-21.4,11.3));
#7621 = VECTOR('',#7622,1.);
#7622 = DIRECTION('',(0.,0.,1.));
#7623 = PCURVE('',#5269,#7624);
#7624 = DEFINITIONAL_REPRESENTATION('',(#7625),#7629);
#7625 = LINE('',#7626,#7627);
#7626 = CARTESIAN_POINT('',(6.28318530718,-0.));
#7627 = VECTOR('',#7628,1.);
#7628 = DIRECTION('',(0.,1.));
#7629 = ( GEOMETRIC_REPRESENTATION_CONTEXT(2) 
PARAMETRIC_REPRESENTATION_CONTEXT() REPRESENTATION_CONTEXT('2D SPACE',''
  ) );
#7630 = PCURVE('',#5269,#7631);
#7631 = DEFINITIONAL_REPRESENTATION('',(#7632),#7636);
#7632 = LINE('',#7633,#7634);
#7633 = CARTESIAN_POINT('',(0.,-0.));
#7634 = VECTOR('',#7635,1.);
#7635 = DIRECTION('',(0.,1.));
#7636 = ( GEOMETRIC_REPRESENTATION_CONTEXT(2) 
PARAMETRIC_REPRESENTATION_CONTEXT() REPRESENTATION_CONTEXT('2D SPACE',''
  ) );
#7637 = ORIENTED_EDGE('',*,*,#7638,.T.);
#7638 = EDGE_CURVE('',#7616,#7616,#7639,.T.);
#7639 = SURFACE_CURVE('',#7640,(#7645,#7652),.PCURVE_S1.);
#7640 = CIRCLE('',#7641,0.45);
#7641 = AXIS2_PLACEMENT_3D('',#7642,#7643,#7644);
#7642 = CARTESIAN_POINT('',(-3.2,-21.4,11.5));
#7643 = DIRECTION('',(0.,0.,1.));
#7644 = DIRECTION('',(1.,0.,-0.));
#7645 = PCURVE('',#5269,#7646);
#7646 = DEFINITIONAL_REPRESENTATION('',(#7647),#7651);
#7647 = LINE('',#7648,#7649);
#7648 = CARTESIAN_POINT('',(0.,0.2));
#7649 = VECTOR('',#7650,1.);
#7650 = DIRECTION('',(1.,0.));
#7651 = ( GEOMETRIC_REPRESENTATION_CONTEXT(2) 
PARAMETRIC_REPRESENTATION_CONTEXT() REPRESENTATION_CONTEXT('2D SPACE',''
  ) );
#7652 = PCURVE('',#6948,#7653);
#7653 = DEFINITIONAL_REPRESENTATION('',(#7654),#7658);
#7654 = CIRCLE('',#7655,0.45);
#7655 = AXIS2_PLACEMENT_2D('',#7656,#7657);
#7656 = CARTESIAN_POINT('',(-3.199999981973,-21.4));
#7657 = DIRECTION('',(1.,0.));
#7658 = ( GEOMETRIC_REPRESENTATION_CONTEXT(2) 
PARAMETRIC_REPRESENTATION_CONTEXT() REPRESENTATION_CONTEXT('2D SPACE',''
  ) );
#7659 = ORIENTED_EDGE('',*,*,#7615,.T.);
#7660 = ADVANCED_FACE('',(#7661),#5300,.F.);
#7661 = FACE_BOUND('',#7662,.F.);
#7662 = EDGE_LOOP('',(#7663,#7664,#7687,#7709));
#7663 = ORIENTED_EDGE('',*,*,#5283,.F.);
#7664 = ORIENTED_EDGE('',*,*,#7665,.F.);
#7665 = EDGE_CURVE('',#7666,#5284,#7668,.T.);
#7666 = VERTEX_POINT('',#7667);
#7667 = CARTESIAN_POINT('',(-1.15,-24.6,11.5));
#7668 = SEAM_CURVE('',#7669,(#7673,#7680),.PCURVE_S1.);
#7669 = LINE('',#7670,#7671);
#7670 = CARTESIAN_POINT('',(-1.15,-24.6,11.3));
#7671 = VECTOR('',#7672,1.);
#7672 = DIRECTION('',(0.,0.,1.));
#7673 = PCURVE('',#5300,#7674);
#7674 = DEFINITIONAL_REPRESENTATION('',(#7675),#7679);
#7675 = LINE('',#7676,#7677);
#7676 = CARTESIAN_POINT('',(6.28318530718,-0.));
#7677 = VECTOR('',#7678,1.);
#7678 = DIRECTION('',(0.,1.));
#7679 = ( GEOMETRIC_REPRESENTATION_CONTEXT(2) 
PARAMETRIC_REPRESENTATION_CONTEXT() REPRESENTATION_CONTEXT('2D SPACE',''
  ) );
#7680 = PCURVE('',#5300,#7681);
#7681 = DEFINITIONAL_REPRESENTATION('',(#7682),#7686);
#7682 = LINE('',#7683,#7684);
#7683 = CARTESIAN_POINT('',(0.,-0.));
#7684 = VECTOR('',#7685,1.);
#7685 = DIRECTION('',(0.,1.));
#7686 = ( GEOMETRIC_REPRESENTATION_CONTEXT(2) 
PARAMETRIC_REPRESENTATION_CONTEXT() REPRESENTATION_CONTEXT('2D SPACE',''
  ) );
#7687 = ORIENTED_EDGE('',*,*,#7688,.T.);
#7688 = EDGE_CURVE('',#7666,#7666,#7689,.T.);
#7689 = SURFACE_CURVE('',#7690,(#7695,#7702),.PCURVE_S1.);
#7690 = CIRCLE('',#7691,0.45);
#7691 = AXIS2_PLACEMENT_3D('',#7692,#7693,#7694);
#7692 = CARTESIAN_POINT('',(-1.6,-24.6,11.5));
#7693 = DIRECTION('',(0.,0.,1.));
#7694 = DIRECTION('',(1.,0.,-0.));
#7695 = PCURVE('',#5300,#7696);
#7696 = DEFINITIONAL_REPRESENTATION('',(#7697),#7701);
#7697 = LINE('',#7698,#7699);
#7698 = CARTESIAN_POINT('',(0.,0.2));
#7699 = VECTOR('',#7700,1.);
#7700 = DIRECTION('',(1.,0.));
#7701 = ( GEOMETRIC_REPRESENTATION_CONTEXT(2) 
PARAMETRIC_REPRESENTATION_CONTEXT() REPRESENTATION_CONTEXT('2D SPACE',''
  ) );
#7702 = PCURVE('',#6948,#7703);
#7703 = DEFINITIONAL_REPRESENTATION('',(#7704),#7708);
#7704 = CIRCLE('',#7705,0.45);
#7705 = AXIS2_PLACEMENT_2D('',#7706,#7707);
#7706 = CARTESIAN_POINT('',(-1.599999981973,-24.6));
#7707 = DIRECTION('',(1.,0.));
#7708 = ( GEOMETRIC_REPRESENTATION_CONTEXT(2) 
PARAMETRIC_REPRESENTATION_CONTEXT() REPRESENTATION_CONTEXT('2D SPACE',''
  ) );
#7709 = ORIENTED_EDGE('',*,*,#7665,.T.);
#7710 = ADVANCED_FACE('',(#7711),#5331,.F.);
#7711 = FACE_BOUND('',#7712,.F.);
#7712 = EDGE_LOOP('',(#7713,#7714,#7737,#7759));
#7713 = ORIENTED_EDGE('',*,*,#5314,.F.);
#7714 = ORIENTED_EDGE('',*,*,#7715,.F.);
#7715 = EDGE_CURVE('',#7716,#5315,#7718,.T.);
#7716 = VERTEX_POINT('',#7717);
#7717 = CARTESIAN_POINT('',(-1.15,-23.,11.5));
#7718 = SEAM_CURVE('',#7719,(#7723,#7730),.PCURVE_S1.);
#7719 = LINE('',#7720,#7721);
#7720 = CARTESIAN_POINT('',(-1.15,-23.,11.3));
#7721 = VECTOR('',#7722,1.);
#7722 = DIRECTION('',(0.,0.,1.));
#7723 = PCURVE('',#5331,#7724);
#7724 = DEFINITIONAL_REPRESENTATION('',(#7725),#7729);
#7725 = LINE('',#7726,#7727);
#7726 = CARTESIAN_POINT('',(6.28318530718,-0.));
#7727 = VECTOR('',#7728,1.);
#7728 = DIRECTION('',(0.,1.));
#7729 = ( GEOMETRIC_REPRESENTATION_CONTEXT(2) 
PARAMETRIC_REPRESENTATION_CONTEXT() REPRESENTATION_CONTEXT('2D SPACE',''
  ) );
#7730 = PCURVE('',#5331,#7731);
#7731 = DEFINITIONAL_REPRESENTATION('',(#7732),#7736);
#7732 = LINE('',#7733,#7734);
#7733 = CARTESIAN_POINT('',(0.,-0.));
#7734 = VECTOR('',#7735,1.);
#7735 = DIRECTION('',(0.,1.));
#7736 = ( GEOMETRIC_REPRESENTATION_CONTEXT(2) 
PARAMETRIC_REPRESENTATION_CONTEXT() REPRESENTATION_CONTEXT('2D SPACE',''
  ) );
#7737 = ORIENTED_EDGE('',*,*,#7738,.T.);
#7738 = EDGE_CURVE('',#7716,#7716,#7739,.T.);
#7739 = SURFACE_CURVE('',#7740,(#7745,#7752),.PCURVE_S1.);
#7740 = CIRCLE('',#7741,0.45);
#7741 = AXIS2_PLACEMENT_3D('',#7742,#7743,#7744);
#7742 = CARTESIAN_POINT('',(-1.6,-23.,11.5));
#7743 = DIRECTION('',(0.,0.,1.));
#7744 = DIRECTION('',(1.,0.,-0.));
#7745 = PCURVE('',#5331,#7746);
#7746 = DEFINITIONAL_REPRESENTATION('',(#7747),#7751);
#7747 = LINE('',#7748,#7749);
#7748 = CARTESIAN_POINT('',(0.,0.2));
#7749 = VECTOR('',#7750,1.);
#7750 = DIRECTION('',(1.,0.));
#7751 = ( GEOMETRIC_REPRESENTATION_CONTEXT(2) 
PARAMETRIC_REPRESENTATION_CONTEXT() REPRESENTATION_CONTEXT('2D SPACE',''
  ) );
#7752 = PCURVE('',#6948,#7753);
#7753 = DEFINITIONAL_REPRESENTATION('',(#7754),#7758);
#7754 = CIRCLE('',#7755,0.45);
#7755 = AXIS2_PLACEMENT_2D('',#7756,#7757);
#7756 = CARTESIAN_POINT('',(-1.599999981973,-23.));
#7757 = DIRECTION('',(1.,0.));
#7758 = ( GEOMETRIC_REPRESENTATION_CONTEXT(2) 
PARAMETRIC_REPRESENTATION_CONTEXT() REPRESENTATION_CONTEXT('2D SPACE',''
  ) );
#7759 = ORIENTED_EDGE('',*,*,#7715,.T.);
#7760 = ADVANCED_FACE('',(#7761),#5362,.F.);
#7761 = FACE_BOUND('',#7762,.F.);
#7762 = EDGE_LOOP('',(#7763,#7764,#7787,#7809));
#7763 = ORIENTED_EDGE('',*,*,#5345,.F.);
#7764 = ORIENTED_EDGE('',*,*,#7765,.F.);
#7765 = EDGE_CURVE('',#7766,#5346,#7768,.T.);
#7766 = VERTEX_POINT('',#7767);
#7767 = CARTESIAN_POINT('',(-1.15,-21.4,11.5));
#7768 = SEAM_CURVE('',#7769,(#7773,#7780),.PCURVE_S1.);
#7769 = LINE('',#7770,#7771);
#7770 = CARTESIAN_POINT('',(-1.15,-21.4,11.3));
#7771 = VECTOR('',#7772,1.);
#7772 = DIRECTION('',(0.,0.,1.));
#7773 = PCURVE('',#5362,#7774);
#7774 = DEFINITIONAL_REPRESENTATION('',(#7775),#7779);
#7775 = LINE('',#7776,#7777);
#7776 = CARTESIAN_POINT('',(6.28318530718,-0.));
#7777 = VECTOR('',#7778,1.);
#7778 = DIRECTION('',(0.,1.));
#7779 = ( GEOMETRIC_REPRESENTATION_CONTEXT(2) 
PARAMETRIC_REPRESENTATION_CONTEXT() REPRESENTATION_CONTEXT('2D SPACE',''
  ) );
#7780 = PCURVE('',#5362,#7781);
#7781 = DEFINITIONAL_REPRESENTATION('',(#7782),#7786);
#7782 = LINE('',#7783,#7784);
#7783 = CARTESIAN_POINT('',(0.,-0.));
#7784 = VECTOR('',#7785,1.);
#7785 = DIRECTION('',(0.,1.));
#7786 = ( GEOMETRIC_REPRESENTATION_CONTEXT(2) 
PARAMETRIC_REPRESENTATION_CONTEXT() REPRESENTATION_CONTEXT('2D SPACE',''
  ) );
#7787 = ORIENTED_EDGE('',*,*,#7788,.T.);
#7788 = EDGE_CURVE('',#7766,#7766,#7789,.T.);
#7789 = SURFACE_CURVE('',#7790,(#7795,#7802),.PCURVE_S1.);
#7790 = CIRCLE('',#7791,0.45);
#7791 = AXIS2_PLACEMENT_3D('',#7792,#7793,#7794);
#7792 = CARTESIAN_POINT('',(-1.6,-21.4,11.5));
#7793 = DIRECTION('',(0.,0.,1.));
#7794 = DIRECTION('',(1.,0.,-0.));
#7795 = PCURVE('',#5362,#7796);
#7796 = DEFINITIONAL_REPRESENTATION('',(#7797),#7801);
#7797 = LINE('',#7798,#7799);
#7798 = CARTESIAN_POINT('',(0.,0.2));
#7799 = VECTOR('',#7800,1.);
#7800 = DIRECTION('',(1.,0.));
#7801 = ( GEOMETRIC_REPRESENTATION_CONTEXT(2) 
PARAMETRIC_REPRESENTATION_CONTEXT() REPRESENTATION_CONTEXT('2D SPACE',''
  ) );
#7802 = PCURVE('',#6948,#7803);
#7803 = DEFINITIONAL_REPRESENTATION('',(#7804),#7808);
#7804 = CIRCLE('',#7805,0.45);
#7805 = AXIS2_PLACEMENT_2D('',#7806,#7807);
#7806 = CARTESIAN_POINT('',(-1.599999981973,-21.4));
#7807 = DIRECTION('',(1.,0.));
#7808 = ( GEOMETRIC_REPRESENTATION_CONTEXT(2) 
PARAMETRIC_REPRESENTATION_CONTEXT() REPRESENTATION_CONTEXT('2D SPACE',''
  ) );
#7809 = ORIENTED_EDGE('',*,*,#7765,.T.);
#7810 = ADVANCED_FACE('',(#7811),#5393,.F.);
#7811 = FACE_BOUND('',#7812,.F.);
#7812 = EDGE_LOOP('',(#7813,#7814,#7837,#7859));
#7813 = ORIENTED_EDGE('',*,*,#5376,.F.);
#7814 = ORIENTED_EDGE('',*,*,#7815,.F.);
#7815 = EDGE_CURVE('',#7816,#5377,#7818,.T.);
#7816 = VERTEX_POINT('',#7817);
#7817 = CARTESIAN_POINT('',(-2.75,-19.8,11.5));
#7818 = SEAM_CURVE('',#7819,(#7823,#7830),.PCURVE_S1.);
#7819 = LINE('',#7820,#7821);
#7820 = CARTESIAN_POINT('',(-2.75,-19.8,11.3));
#7821 = VECTOR('',#7822,1.);
#7822 = DIRECTION('',(0.,0.,1.));
#7823 = PCURVE('',#5393,#7824);
#7824 = DEFINITIONAL_REPRESENTATION('',(#7825),#7829);
#7825 = LINE('',#7826,#7827);
#7826 = CARTESIAN_POINT('',(6.28318530718,-0.));
#7827 = VECTOR('',#7828,1.);
#7828 = DIRECTION('',(0.,1.));
#7829 = ( GEOMETRIC_REPRESENTATION_CONTEXT(2) 
PARAMETRIC_REPRESENTATION_CONTEXT() REPRESENTATION_CONTEXT('2D SPACE',''
  ) );
#7830 = PCURVE('',#5393,#7831);
#7831 = DEFINITIONAL_REPRESENTATION('',(#7832),#7836);
#7832 = LINE('',#7833,#7834);
#7833 = CARTESIAN_POINT('',(0.,-0.));
#7834 = VECTOR('',#7835,1.);
#7835 = DIRECTION('',(0.,1.));
#7836 = ( GEOMETRIC_REPRESENTATION_CONTEXT(2) 
PARAMETRIC_REPRESENTATION_CONTEXT() REPRESENTATION_CONTEXT('2D SPACE',''
  ) );
#7837 = ORIENTED_EDGE('',*,*,#7838,.T.);
#7838 = EDGE_CURVE('',#7816,#7816,#7839,.T.);
#7839 = SURFACE_CURVE('',#7840,(#7845,#7852),.PCURVE_S1.);
#7840 = CIRCLE('',#7841,0.45);
#7841 = AXIS2_PLACEMENT_3D('',#7842,#7843,#7844);
#7842 = CARTESIAN_POINT('',(-3.2,-19.8,11.5));
#7843 = DIRECTION('',(0.,0.,1.));
#7844 = DIRECTION('',(1.,0.,-0.));
#7845 = PCURVE('',#5393,#7846);
#7846 = DEFINITIONAL_REPRESENTATION('',(#7847),#7851);
#7847 = LINE('',#7848,#7849);
#7848 = CARTESIAN_POINT('',(0.,0.2));
#7849 = VECTOR('',#7850,1.);
#7850 = DIRECTION('',(1.,0.));
#7851 = ( GEOMETRIC_REPRESENTATION_CONTEXT(2) 
PARAMETRIC_REPRESENTATION_CONTEXT() REPRESENTATION_CONTEXT('2D SPACE',''
  ) );
#7852 = PCURVE('',#6948,#7853);
#7853 = DEFINITIONAL_REPRESENTATION('',(#7854),#7858);
#7854 = CIRCLE('',#7855,0.45);
#7855 = AXIS2_PLACEMENT_2D('',#7856,#7857);
#7856 = CARTESIAN_POINT('',(-3.199999981973,-19.8));
#7857 = DIRECTION('',(1.,0.));
#7858 = ( GEOMETRIC_REPRESENTATION_CONTEXT(2) 
PARAMETRIC_REPRESENTATION_CONTEXT() REPRESENTATION_CONTEXT('2D SPACE',''
  ) );
#7859 = ORIENTED_EDGE('',*,*,#7815,.T.);
#7860 = ADVANCED_FACE('',(#7861),#5424,.F.);
#7861 = FACE_BOUND('',#7862,.F.);
#7862 = EDGE_LOOP('',(#7863,#7864,#7887,#7909));
#7863 = ORIENTED_EDGE('',*,*,#5407,.F.);
#7864 = ORIENTED_EDGE('',*,*,#7865,.F.);
#7865 = EDGE_CURVE('',#7866,#5408,#7868,.T.);
#7866 = VERTEX_POINT('',#7867);
#7867 = CARTESIAN_POINT('',(-1.15,-19.8,11.5));
#7868 = SEAM_CURVE('',#7869,(#7873,#7880),.PCURVE_S1.);
#7869 = LINE('',#7870,#7871);
#7870 = CARTESIAN_POINT('',(-1.15,-19.8,11.3));
#7871 = VECTOR('',#7872,1.);
#7872 = DIRECTION('',(0.,0.,1.));
#7873 = PCURVE('',#5424,#7874);
#7874 = DEFINITIONAL_REPRESENTATION('',(#7875),#7879);
#7875 = LINE('',#7876,#7877);
#7876 = CARTESIAN_POINT('',(6.28318530718,-0.));
#7877 = VECTOR('',#7878,1.);
#7878 = DIRECTION('',(0.,1.));
#7879 = ( GEOMETRIC_REPRESENTATION_CONTEXT(2) 
PARAMETRIC_REPRESENTATION_CONTEXT() REPRESENTATION_CONTEXT('2D SPACE',''
  ) );
#7880 = PCURVE('',#5424,#7881);
#7881 = DEFINITIONAL_REPRESENTATION('',(#7882),#7886);
#7882 = LINE('',#7883,#7884);
#7883 = CARTESIAN_POINT('',(0.,-0.));
#7884 = VECTOR('',#7885,1.);
#7885 = DIRECTION('',(0.,1.));
#7886 = ( GEOMETRIC_REPRESENTATION_CONTEXT(2) 
PARAMETRIC_REPRESENTATION_CONTEXT() REPRESENTATION_CONTEXT('2D SPACE',''
  ) );
#7887 = ORIENTED_EDGE('',*,*,#7888,.T.);
#7888 = EDGE_CURVE('',#7866,#7866,#7889,.T.);
#7889 = SURFACE_CURVE('',#7890,(#7895,#7902),.PCURVE_S1.);
#7890 = CIRCLE('',#7891,0.45);
#7891 = AXIS2_PLACEMENT_3D('',#7892,#7893,#7894);
#7892 = CARTESIAN_POINT('',(-1.6,-19.8,11.5));
#7893 = DIRECTION('',(0.,0.,1.));
#7894 = DIRECTION('',(1.,0.,-0.));
#7895 = PCURVE('',#5424,#7896);
#7896 = DEFINITIONAL_REPRESENTATION('',(#7897),#7901);
#7897 = LINE('',#7898,#7899);
#7898 = CARTESIAN_POINT('',(0.,0.2));
#7899 = VECTOR('',#7900,1.);
#7900 = DIRECTION('',(1.,0.));
#7901 = ( GEOMETRIC_REPRESENTATION_CONTEXT(2) 
PARAMETRIC_REPRESENTATION_CONTEXT() REPRESENTATION_CONTEXT('2D SPACE',''
  ) );
#7902 = PCURVE('',#6948,#7903);
#7903 = DEFINITIONAL_REPRESENTATION('',(#7904),#7908);
#7904 = CIRCLE('',#7905,0.45);
#7905 = AXIS2_PLACEMENT_2D('',#7906,#7907);
#7906 = CARTESIAN_POINT('',(-1.599999981973,-19.8));
#7907 = DIRECTION('',(1.,0.));
#7908 = ( GEOMETRIC_REPRESENTATION_CONTEXT(2) 
PARAMETRIC_REPRESENTATION_CONTEXT() REPRESENTATION_CONTEXT('2D SPACE',''
  ) );
#7909 = ORIENTED_EDGE('',*,*,#7865,.T.);
#7910 = ADVANCED_FACE('',(#7911),#5455,.F.);
#7911 = FACE_BOUND('',#7912,.F.);
#7912 = EDGE_LOOP('',(#7913,#7914,#7937,#7959));
#7913 = ORIENTED_EDGE('',*,*,#5438,.F.);
#7914 = ORIENTED_EDGE('',*,*,#7915,.F.);
#7915 = EDGE_CURVE('',#7916,#5439,#7918,.T.);
#7916 = VERTEX_POINT('',#7917);
#7917 = CARTESIAN_POINT('',(0.45,-26.2,11.5));
#7918 = SEAM_CURVE('',#7919,(#7923,#7930),.PCURVE_S1.);
#7919 = LINE('',#7920,#7921);
#7920 = CARTESIAN_POINT('',(0.45,-26.2,11.3));
#7921 = VECTOR('',#7922,1.);
#7922 = DIRECTION('',(0.,0.,1.));
#7923 = PCURVE('',#5455,#7924);
#7924 = DEFINITIONAL_REPRESENTATION('',(#7925),#7929);
#7925 = LINE('',#7926,#7927);
#7926 = CARTESIAN_POINT('',(6.28318530718,-0.));
#7927 = VECTOR('',#7928,1.);
#7928 = DIRECTION('',(0.,1.));
#7929 = ( GEOMETRIC_REPRESENTATION_CONTEXT(2) 
PARAMETRIC_REPRESENTATION_CONTEXT() REPRESENTATION_CONTEXT('2D SPACE',''
  ) );
#7930 = PCURVE('',#5455,#7931);
#7931 = DEFINITIONAL_REPRESENTATION('',(#7932),#7936);
#7932 = LINE('',#7933,#7934);
#7933 = CARTESIAN_POINT('',(0.,-0.));
#7934 = VECTOR('',#7935,1.);
#7935 = DIRECTION('',(0.,1.));
#7936 = ( GEOMETRIC_REPRESENTATION_CONTEXT(2) 
PARAMETRIC_REPRESENTATION_CONTEXT() REPRESENTATION_CONTEXT('2D SPACE',''
  ) );
#7937 = ORIENTED_EDGE('',*,*,#7938,.T.);
#7938 = EDGE_CURVE('',#7916,#7916,#7939,.T.);
#7939 = SURFACE_CURVE('',#7940,(#7945,#7952),.PCURVE_S1.);
#7940 = CIRCLE('',#7941,0.45);
#7941 = AXIS2_PLACEMENT_3D('',#7942,#7943,#7944);
#7942 = CARTESIAN_POINT('',(0.,-26.2,11.5));
#7943 = DIRECTION('',(0.,0.,1.));
#7944 = DIRECTION('',(1.,0.,-0.));
#7945 = PCURVE('',#5455,#7946);
#7946 = DEFINITIONAL_REPRESENTATION('',(#7947),#7951);
#7947 = LINE('',#7948,#7949);
#7948 = CARTESIAN_POINT('',(0.,0.2));
#7949 = VECTOR('',#7950,1.);
#7950 = DIRECTION('',(1.,0.));
#7951 = ( GEOMETRIC_REPRESENTATION_CONTEXT(2) 
PARAMETRIC_REPRESENTATION_CONTEXT() REPRESENTATION_CONTEXT('2D SPACE',''
  ) );
#7952 = PCURVE('',#6948,#7953);
#7953 = DEFINITIONAL_REPRESENTATION('',(#7954),#7958);
#7954 = CIRCLE('',#7955,0.45);
#7955 = AXIS2_PLACEMENT_2D('',#7956,#7957);
#7956 = CARTESIAN_POINT('',(1.802653120241E-08,-26.2));
#7957 = DIRECTION('',(1.,0.));
#7958 = ( GEOMETRIC_REPRESENTATION_CONTEXT(2) 
PARAMETRIC_REPRESENTATION_CONTEXT() REPRESENTATION_CONTEXT('2D SPACE',''
  ) );
#7959 = ORIENTED_EDGE('',*,*,#7915,.T.);
#7960 = ADVANCED_FACE('',(#7961),#5486,.F.);
#7961 = FACE_BOUND('',#7962,.F.);
#7962 = EDGE_LOOP('',(#7963,#7964,#7987,#8009));
#7963 = ORIENTED_EDGE('',*,*,#5469,.F.);
#7964 = ORIENTED_EDGE('',*,*,#7965,.F.);
#7965 = EDGE_CURVE('',#7966,#5470,#7968,.T.);
#7966 = VERTEX_POINT('',#7967);
#7967 = CARTESIAN_POINT('',(2.05,-26.2,11.5));
#7968 = SEAM_CURVE('',#7969,(#7973,#7980),.PCURVE_S1.);
#7969 = LINE('',#7970,#7971);
#7970 = CARTESIAN_POINT('',(2.05,-26.2,11.3));
#7971 = VECTOR('',#7972,1.);
#7972 = DIRECTION('',(0.,0.,1.));
#7973 = PCURVE('',#5486,#7974);
#7974 = DEFINITIONAL_REPRESENTATION('',(#7975),#7979);
#7975 = LINE('',#7976,#7977);
#7976 = CARTESIAN_POINT('',(6.28318530718,-0.));
#7977 = VECTOR('',#7978,1.);
#7978 = DIRECTION('',(0.,1.));
#7979 = ( GEOMETRIC_REPRESENTATION_CONTEXT(2) 
PARAMETRIC_REPRESENTATION_CONTEXT() REPRESENTATION_CONTEXT('2D SPACE',''
  ) );
#7980 = PCURVE('',#5486,#7981);
#7981 = DEFINITIONAL_REPRESENTATION('',(#7982),#7986);
#7982 = LINE('',#7983,#7984);
#7983 = CARTESIAN_POINT('',(0.,-0.));
#7984 = VECTOR('',#7985,1.);
#7985 = DIRECTION('',(0.,1.));
#7986 = ( GEOMETRIC_REPRESENTATION_CONTEXT(2) 
PARAMETRIC_REPRESENTATION_CONTEXT() REPRESENTATION_CONTEXT('2D SPACE',''
  ) );
#7987 = ORIENTED_EDGE('',*,*,#7988,.T.);
#7988 = EDGE_CURVE('',#7966,#7966,#7989,.T.);
#7989 = SURFACE_CURVE('',#7990,(#7995,#8002),.PCURVE_S1.);
#7990 = CIRCLE('',#7991,0.45);
#7991 = AXIS2_PLACEMENT_3D('',#7992,#7993,#7994);
#7992 = CARTESIAN_POINT('',(1.6,-26.2,11.5));
#7993 = DIRECTION('',(0.,0.,1.));
#7994 = DIRECTION('',(1.,0.,-0.));
#7995 = PCURVE('',#5486,#7996);
#7996 = DEFINITIONAL_REPRESENTATION('',(#7997),#8001);
#7997 = LINE('',#7998,#7999);
#7998 = CARTESIAN_POINT('',(0.,0.2));
#7999 = VECTOR('',#8000,1.);
#8000 = DIRECTION('',(1.,0.));
#8001 = ( GEOMETRIC_REPRESENTATION_CONTEXT(2) 
PARAMETRIC_REPRESENTATION_CONTEXT() REPRESENTATION_CONTEXT('2D SPACE',''
  ) );
#8002 = PCURVE('',#6948,#8003);
#8003 = DEFINITIONAL_REPRESENTATION('',(#8004),#8008);
#8004 = CIRCLE('',#8005,0.45);
#8005 = AXIS2_PLACEMENT_2D('',#8006,#8007);
#8006 = CARTESIAN_POINT('',(1.600000018027,-26.2));
#8007 = DIRECTION('',(1.,0.));
#8008 = ( GEOMETRIC_REPRESENTATION_CONTEXT(2) 
PARAMETRIC_REPRESENTATION_CONTEXT() REPRESENTATION_CONTEXT('2D SPACE',''
  ) );
#8009 = ORIENTED_EDGE('',*,*,#7965,.T.);
#8010 = ADVANCED_FACE('',(#8011),#5517,.F.);
#8011 = FACE_BOUND('',#8012,.F.);
#8012 = EDGE_LOOP('',(#8013,#8014,#8037,#8059));
#8013 = ORIENTED_EDGE('',*,*,#5500,.F.);
#8014 = ORIENTED_EDGE('',*,*,#8015,.F.);
#8015 = EDGE_CURVE('',#8016,#5501,#8018,.T.);
#8016 = VERTEX_POINT('',#8017);
#8017 = CARTESIAN_POINT('',(3.65,-26.2,11.5));
#8018 = SEAM_CURVE('',#8019,(#8023,#8030),.PCURVE_S1.);
#8019 = LINE('',#8020,#8021);
#8020 = CARTESIAN_POINT('',(3.65,-26.2,11.3));
#8021 = VECTOR('',#8022,1.);
#8022 = DIRECTION('',(0.,0.,1.));
#8023 = PCURVE('',#5517,#8024);
#8024 = DEFINITIONAL_REPRESENTATION('',(#8025),#8029);
#8025 = LINE('',#8026,#8027);
#8026 = CARTESIAN_POINT('',(6.28318530718,-0.));
#8027 = VECTOR('',#8028,1.);
#8028 = DIRECTION('',(0.,1.));
#8029 = ( GEOMETRIC_REPRESENTATION_CONTEXT(2) 
PARAMETRIC_REPRESENTATION_CONTEXT() REPRESENTATION_CONTEXT('2D SPACE',''
  ) );
#8030 = PCURVE('',#5517,#8031);
#8031 = DEFINITIONAL_REPRESENTATION('',(#8032),#8036);
#8032 = LINE('',#8033,#8034);
#8033 = CARTESIAN_POINT('',(0.,-0.));
#8034 = VECTOR('',#8035,1.);
#8035 = DIRECTION('',(0.,1.));
#8036 = ( GEOMETRIC_REPRESENTATION_CONTEXT(2) 
PARAMETRIC_REPRESENTATION_CONTEXT() REPRESENTATION_CONTEXT('2D SPACE',''
  ) );
#8037 = ORIENTED_EDGE('',*,*,#8038,.T.);
#8038 = EDGE_CURVE('',#8016,#8016,#8039,.T.);
#8039 = SURFACE_CURVE('',#8040,(#8045,#8052),.PCURVE_S1.);
#8040 = CIRCLE('',#8041,0.45);
#8041 = AXIS2_PLACEMENT_3D('',#8042,#8043,#8044);
#8042 = CARTESIAN_POINT('',(3.2,-26.2,11.5));
#8043 = DIRECTION('',(0.,0.,1.));
#8044 = DIRECTION('',(1.,0.,-0.));
#8045 = PCURVE('',#5517,#8046);
#8046 = DEFINITIONAL_REPRESENTATION('',(#8047),#8051);
#8047 = LINE('',#8048,#8049);
#8048 = CARTESIAN_POINT('',(0.,0.2));
#8049 = VECTOR('',#8050,1.);
#8050 = DIRECTION('',(1.,0.));
#8051 = ( GEOMETRIC_REPRESENTATION_CONTEXT(2) 
PARAMETRIC_REPRESENTATION_CONTEXT() REPRESENTATION_CONTEXT('2D SPACE',''
  ) );
#8052 = PCURVE('',#6948,#8053);
#8053 = DEFINITIONAL_REPRESENTATION('',(#8054),#8058);
#8054 = CIRCLE('',#8055,0.45);
#8055 = AXIS2_PLACEMENT_2D('',#8056,#8057);
#8056 = CARTESIAN_POINT('',(3.200000018027,-26.2));
#8057 = DIRECTION('',(1.,0.));
#8058 = ( GEOMETRIC_REPRESENTATION_CONTEXT(2) 
PARAMETRIC_REPRESENTATION_CONTEXT() REPRESENTATION_CONTEXT('2D SPACE',''
  ) );
#8059 = ORIENTED_EDGE('',*,*,#8015,.T.);
#8060 = ADVANCED_FACE('',(#8061),#5548,.F.);
#8061 = FACE_BOUND('',#8062,.F.);
#8062 = EDGE_LOOP('',(#8063,#8064,#8087,#8109));
#8063 = ORIENTED_EDGE('',*,*,#5531,.F.);
#8064 = ORIENTED_EDGE('',*,*,#8065,.F.);
#8065 = EDGE_CURVE('',#8066,#5532,#8068,.T.);
#8066 = VERTEX_POINT('',#8067);
#8067 = CARTESIAN_POINT('',(5.25,-26.2,11.5));
#8068 = SEAM_CURVE('',#8069,(#8073,#8080),.PCURVE_S1.);
#8069 = LINE('',#8070,#8071);
#8070 = CARTESIAN_POINT('',(5.25,-26.2,11.3));
#8071 = VECTOR('',#8072,1.);
#8072 = DIRECTION('',(0.,0.,1.));
#8073 = PCURVE('',#5548,#8074);
#8074 = DEFINITIONAL_REPRESENTATION('',(#8075),#8079);
#8075 = LINE('',#8076,#8077);
#8076 = CARTESIAN_POINT('',(6.28318530718,-0.));
#8077 = VECTOR('',#8078,1.);
#8078 = DIRECTION('',(0.,1.));
#8079 = ( GEOMETRIC_REPRESENTATION_CONTEXT(2) 
PARAMETRIC_REPRESENTATION_CONTEXT() REPRESENTATION_CONTEXT('2D SPACE',''
  ) );
#8080 = PCURVE('',#5548,#8081);
#8081 = DEFINITIONAL_REPRESENTATION('',(#8082),#8086);
#8082 = LINE('',#8083,#8084);
#8083 = CARTESIAN_POINT('',(0.,-0.));
#8084 = VECTOR('',#8085,1.);
#8085 = DIRECTION('',(0.,1.));
#8086 = ( GEOMETRIC_REPRESENTATION_CONTEXT(2) 
PARAMETRIC_REPRESENTATION_CONTEXT() REPRESENTATION_CONTEXT('2D SPACE',''
  ) );
#8087 = ORIENTED_EDGE('',*,*,#8088,.T.);
#8088 = EDGE_CURVE('',#8066,#8066,#8089,.T.);
#8089 = SURFACE_CURVE('',#8090,(#8095,#8102),.PCURVE_S1.);
#8090 = CIRCLE('',#8091,0.45);
#8091 = AXIS2_PLACEMENT_3D('',#8092,#8093,#8094);
#8092 = CARTESIAN_POINT('',(4.8,-26.2,11.5));
#8093 = DIRECTION('',(0.,0.,1.));
#8094 = DIRECTION('',(1.,0.,-0.));
#8095 = PCURVE('',#5548,#8096);
#8096 = DEFINITIONAL_REPRESENTATION('',(#8097),#8101);
#8097 = LINE('',#8098,#8099);
#8098 = CARTESIAN_POINT('',(0.,0.2));
#8099 = VECTOR('',#8100,1.);
#8100 = DIRECTION('',(1.,0.));
#8101 = ( GEOMETRIC_REPRESENTATION_CONTEXT(2) 
PARAMETRIC_REPRESENTATION_CONTEXT() REPRESENTATION_CONTEXT('2D SPACE',''
  ) );
#8102 = PCURVE('',#6948,#8103);
#8103 = DEFINITIONAL_REPRESENTATION('',(#8104),#8108);
#8104 = CIRCLE('',#8105,0.45);
#8105 = AXIS2_PLACEMENT_2D('',#8106,#8107);
#8106 = CARTESIAN_POINT('',(4.800000018027,-26.2));
#8107 = DIRECTION('',(1.,0.));
#8108 = ( GEOMETRIC_REPRESENTATION_CONTEXT(2) 
PARAMETRIC_REPRESENTATION_CONTEXT() REPRESENTATION_CONTEXT('2D SPACE',''
  ) );
#8109 = ORIENTED_EDGE('',*,*,#8065,.T.);
#8110 = ADVANCED_FACE('',(#8111),#5579,.F.);
#8111 = FACE_BOUND('',#8112,.F.);
#8112 = EDGE_LOOP('',(#8113,#8114,#8137,#8159));
#8113 = ORIENTED_EDGE('',*,*,#5562,.F.);
#8114 = ORIENTED_EDGE('',*,*,#8115,.F.);
#8115 = EDGE_CURVE('',#8116,#5563,#8118,.T.);
#8116 = VERTEX_POINT('',#8117);
#8117 = CARTESIAN_POINT('',(6.85,-26.2,11.5));
#8118 = SEAM_CURVE('',#8119,(#8123,#8130),.PCURVE_S1.);
#8119 = LINE('',#8120,#8121);
#8120 = CARTESIAN_POINT('',(6.85,-26.2,11.3));
#8121 = VECTOR('',#8122,1.);
#8122 = DIRECTION('',(0.,0.,1.));
#8123 = PCURVE('',#5579,#8124);
#8124 = DEFINITIONAL_REPRESENTATION('',(#8125),#8129);
#8125 = LINE('',#8126,#8127);
#8126 = CARTESIAN_POINT('',(6.28318530718,-0.));
#8127 = VECTOR('',#8128,1.);
#8128 = DIRECTION('',(0.,1.));
#8129 = ( GEOMETRIC_REPRESENTATION_CONTEXT(2) 
PARAMETRIC_REPRESENTATION_CONTEXT() REPRESENTATION_CONTEXT('2D SPACE',''
  ) );
#8130 = PCURVE('',#5579,#8131);
#8131 = DEFINITIONAL_REPRESENTATION('',(#8132),#8136);
#8132 = LINE('',#8133,#8134);
#8133 = CARTESIAN_POINT('',(0.,-0.));
#8134 = VECTOR('',#8135,1.);
#8135 = DIRECTION('',(0.,1.));
#8136 = ( GEOMETRIC_REPRESENTATION_CONTEXT(2) 
PARAMETRIC_REPRESENTATION_CONTEXT() REPRESENTATION_CONTEXT('2D SPACE',''
  ) );
#8137 = ORIENTED_EDGE('',*,*,#8138,.T.);
#8138 = EDGE_CURVE('',#8116,#8116,#8139,.T.);
#8139 = SURFACE_CURVE('',#8140,(#8145,#8152),.PCURVE_S1.);
#8140 = CIRCLE('',#8141,0.45);
#8141 = AXIS2_PLACEMENT_3D('',#8142,#8143,#8144);
#8142 = CARTESIAN_POINT('',(6.4,-26.2,11.5));
#8143 = DIRECTION('',(0.,0.,1.));
#8144 = DIRECTION('',(1.,0.,-0.));
#8145 = PCURVE('',#5579,#8146);
#8146 = DEFINITIONAL_REPRESENTATION('',(#8147),#8151);
#8147 = LINE('',#8148,#8149);
#8148 = CARTESIAN_POINT('',(0.,0.2));
#8149 = VECTOR('',#8150,1.);
#8150 = DIRECTION('',(1.,0.));
#8151 = ( GEOMETRIC_REPRESENTATION_CONTEXT(2) 
PARAMETRIC_REPRESENTATION_CONTEXT() REPRESENTATION_CONTEXT('2D SPACE',''
  ) );
#8152 = PCURVE('',#6948,#8153);
#8153 = DEFINITIONAL_REPRESENTATION('',(#8154),#8158);
#8154 = CIRCLE('',#8155,0.45);
#8155 = AXIS2_PLACEMENT_2D('',#8156,#8157);
#8156 = CARTESIAN_POINT('',(6.400000018027,-26.2));
#8157 = DIRECTION('',(1.,0.));
#8158 = ( GEOMETRIC_REPRESENTATION_CONTEXT(2) 
PARAMETRIC_REPRESENTATION_CONTEXT() REPRESENTATION_CONTEXT('2D SPACE',''
  ) );
#8159 = ORIENTED_EDGE('',*,*,#8115,.T.);
#8160 = ADVANCED_FACE('',(#8161),#5610,.F.);
#8161 = FACE_BOUND('',#8162,.F.);
#8162 = EDGE_LOOP('',(#8163,#8164,#8187,#8209));
#8163 = ORIENTED_EDGE('',*,*,#5593,.F.);
#8164 = ORIENTED_EDGE('',*,*,#8165,.F.);
#8165 = EDGE_CURVE('',#8166,#5594,#8168,.T.);
#8166 = VERTEX_POINT('',#8167);
#8167 = CARTESIAN_POINT('',(0.45,-24.6,11.5));
#8168 = SEAM_CURVE('',#8169,(#8173,#8180),.PCURVE_S1.);
#8169 = LINE('',#8170,#8171);
#8170 = CARTESIAN_POINT('',(0.45,-24.6,11.3));
#8171 = VECTOR('',#8172,1.);
#8172 = DIRECTION('',(0.,0.,1.));
#8173 = PCURVE('',#5610,#8174);
#8174 = DEFINITIONAL_REPRESENTATION('',(#8175),#8179);
#8175 = LINE('',#8176,#8177);
#8176 = CARTESIAN_POINT('',(6.28318530718,-0.));
#8177 = VECTOR('',#8178,1.);
#8178 = DIRECTION('',(0.,1.));
#8179 = ( GEOMETRIC_REPRESENTATION_CONTEXT(2) 
PARAMETRIC_REPRESENTATION_CONTEXT() REPRESENTATION_CONTEXT('2D SPACE',''
  ) );
#8180 = PCURVE('',#5610,#8181);
#8181 = DEFINITIONAL_REPRESENTATION('',(#8182),#8186);
#8182 = LINE('',#8183,#8184);
#8183 = CARTESIAN_POINT('',(0.,-0.));
#8184 = VECTOR('',#8185,1.);
#8185 = DIRECTION('',(0.,1.));
#8186 = ( GEOMETRIC_REPRESENTATION_CONTEXT(2) 
PARAMETRIC_REPRESENTATION_CONTEXT() REPRESENTATION_CONTEXT('2D SPACE',''
  ) );
#8187 = ORIENTED_EDGE('',*,*,#8188,.T.);
#8188 = EDGE_CURVE('',#8166,#8166,#8189,.T.);
#8189 = SURFACE_CURVE('',#8190,(#8195,#8202),.PCURVE_S1.);
#8190 = CIRCLE('',#8191,0.45);
#8191 = AXIS2_PLACEMENT_3D('',#8192,#8193,#8194);
#8192 = CARTESIAN_POINT('',(0.,-24.6,11.5));
#8193 = DIRECTION('',(0.,0.,1.));
#8194 = DIRECTION('',(1.,0.,-0.));
#8195 = PCURVE('',#5610,#8196);
#8196 = DEFINITIONAL_REPRESENTATION('',(#8197),#8201);
#8197 = LINE('',#8198,#8199);
#8198 = CARTESIAN_POINT('',(0.,0.2));
#8199 = VECTOR('',#8200,1.);
#8200 = DIRECTION('',(1.,0.));
#8201 = ( GEOMETRIC_REPRESENTATION_CONTEXT(2) 
PARAMETRIC_REPRESENTATION_CONTEXT() REPRESENTATION_CONTEXT('2D SPACE',''
  ) );
#8202 = PCURVE('',#6948,#8203);
#8203 = DEFINITIONAL_REPRESENTATION('',(#8204),#8208);
#8204 = CIRCLE('',#8205,0.45);
#8205 = AXIS2_PLACEMENT_2D('',#8206,#8207);
#8206 = CARTESIAN_POINT('',(1.802653120241E-08,-24.6));
#8207 = DIRECTION('',(1.,0.));
#8208 = ( GEOMETRIC_REPRESENTATION_CONTEXT(2) 
PARAMETRIC_REPRESENTATION_CONTEXT() REPRESENTATION_CONTEXT('2D SPACE',''
  ) );
#8209 = ORIENTED_EDGE('',*,*,#8165,.T.);
#8210 = ADVANCED_FACE('',(#8211),#5641,.F.);
#8211 = FACE_BOUND('',#8212,.F.);
#8212 = EDGE_LOOP('',(#8213,#8214,#8237,#8259));
#8213 = ORIENTED_EDGE('',*,*,#5624,.F.);
#8214 = ORIENTED_EDGE('',*,*,#8215,.F.);
#8215 = EDGE_CURVE('',#8216,#5625,#8218,.T.);
#8216 = VERTEX_POINT('',#8217);
#8217 = CARTESIAN_POINT('',(0.45,-23.,11.5));
#8218 = SEAM_CURVE('',#8219,(#8223,#8230),.PCURVE_S1.);
#8219 = LINE('',#8220,#8221);
#8220 = CARTESIAN_POINT('',(0.45,-23.,11.3));
#8221 = VECTOR('',#8222,1.);
#8222 = DIRECTION('',(0.,0.,1.));
#8223 = PCURVE('',#5641,#8224);
#8224 = DEFINITIONAL_REPRESENTATION('',(#8225),#8229);
#8225 = LINE('',#8226,#8227);
#8226 = CARTESIAN_POINT('',(6.28318530718,-0.));
#8227 = VECTOR('',#8228,1.);
#8228 = DIRECTION('',(0.,1.));
#8229 = ( GEOMETRIC_REPRESENTATION_CONTEXT(2) 
PARAMETRIC_REPRESENTATION_CONTEXT() REPRESENTATION_CONTEXT('2D SPACE',''
  ) );
#8230 = PCURVE('',#5641,#8231);
#8231 = DEFINITIONAL_REPRESENTATION('',(#8232),#8236);
#8232 = LINE('',#8233,#8234);
#8233 = CARTESIAN_POINT('',(0.,-0.));
#8234 = VECTOR('',#8235,1.);
#8235 = DIRECTION('',(0.,1.));
#8236 = ( GEOMETRIC_REPRESENTATION_CONTEXT(2) 
PARAMETRIC_REPRESENTATION_CONTEXT() REPRESENTATION_CONTEXT('2D SPACE',''
  ) );
#8237 = ORIENTED_EDGE('',*,*,#8238,.T.);
#8238 = EDGE_CURVE('',#8216,#8216,#8239,.T.);
#8239 = SURFACE_CURVE('',#8240,(#8245,#8252),.PCURVE_S1.);
#8240 = CIRCLE('',#8241,0.45);
#8241 = AXIS2_PLACEMENT_3D('',#8242,#8243,#8244);
#8242 = CARTESIAN_POINT('',(0.,-23.,11.5));
#8243 = DIRECTION('',(0.,0.,1.));
#8244 = DIRECTION('',(1.,0.,-0.));
#8245 = PCURVE('',#5641,#8246);
#8246 = DEFINITIONAL_REPRESENTATION('',(#8247),#8251);
#8247 = LINE('',#8248,#8249);
#8248 = CARTESIAN_POINT('',(0.,0.2));
#8249 = VECTOR('',#8250,1.);
#8250 = DIRECTION('',(1.,0.));
#8251 = ( GEOMETRIC_REPRESENTATION_CONTEXT(2) 
PARAMETRIC_REPRESENTATION_CONTEXT() REPRESENTATION_CONTEXT('2D SPACE',''
  ) );
#8252 = PCURVE('',#6948,#8253);
#8253 = DEFINITIONAL_REPRESENTATION('',(#8254),#8258);
#8254 = CIRCLE('',#8255,0.45);
#8255 = AXIS2_PLACEMENT_2D('',#8256,#8257);
#8256 = CARTESIAN_POINT('',(1.802653120241E-08,-23.));
#8257 = DIRECTION('',(1.,0.));
#8258 = ( GEOMETRIC_REPRESENTATION_CONTEXT(2) 
PARAMETRIC_REPRESENTATION_CONTEXT() REPRESENTATION_CONTEXT('2D SPACE',''
  ) );
#8259 = ORIENTED_EDGE('',*,*,#8215,.T.);
#8260 = ADVANCED_FACE('',(#8261),#5672,.F.);
#8261 = FACE_BOUND('',#8262,.F.);
#8262 = EDGE_LOOP('',(#8263,#8264,#8287,#8309));
#8263 = ORIENTED_EDGE('',*,*,#5655,.F.);
#8264 = ORIENTED_EDGE('',*,*,#8265,.F.);
#8265 = EDGE_CURVE('',#8266,#5656,#8268,.T.);
#8266 = VERTEX_POINT('',#8267);
#8267 = CARTESIAN_POINT('',(2.05,-24.6,11.5));
#8268 = SEAM_CURVE('',#8269,(#8273,#8280),.PCURVE_S1.);
#8269 = LINE('',#8270,#8271);
#8270 = CARTESIAN_POINT('',(2.05,-24.6,11.3));
#8271 = VECTOR('',#8272,1.);
#8272 = DIRECTION('',(0.,0.,1.));
#8273 = PCURVE('',#5672,#8274);
#8274 = DEFINITIONAL_REPRESENTATION('',(#8275),#8279);
#8275 = LINE('',#8276,#8277);
#8276 = CARTESIAN_POINT('',(6.28318530718,-0.));
#8277 = VECTOR('',#8278,1.);
#8278 = DIRECTION('',(0.,1.));
#8279 = ( GEOMETRIC_REPRESENTATION_CONTEXT(2) 
PARAMETRIC_REPRESENTATION_CONTEXT() REPRESENTATION_CONTEXT('2D SPACE',''
  ) );
#8280 = PCURVE('',#5672,#8281);
#8281 = DEFINITIONAL_REPRESENTATION('',(#8282),#8286);
#8282 = LINE('',#8283,#8284);
#8283 = CARTESIAN_POINT('',(0.,-0.));
#8284 = VECTOR('',#8285,1.);
#8285 = DIRECTION('',(0.,1.));
#8286 = ( GEOMETRIC_REPRESENTATION_CONTEXT(2) 
PARAMETRIC_REPRESENTATION_CONTEXT() REPRESENTATION_CONTEXT('2D SPACE',''
  ) );
#8287 = ORIENTED_EDGE('',*,*,#8288,.T.);
#8288 = EDGE_CURVE('',#8266,#8266,#8289,.T.);
#8289 = SURFACE_CURVE('',#8290,(#8295,#8302),.PCURVE_S1.);
#8290 = CIRCLE('',#8291,0.45);
#8291 = AXIS2_PLACEMENT_3D('',#8292,#8293,#8294);
#8292 = CARTESIAN_POINT('',(1.6,-24.6,11.5));
#8293 = DIRECTION('',(0.,0.,1.));
#8294 = DIRECTION('',(1.,0.,-0.));
#8295 = PCURVE('',#5672,#8296);
#8296 = DEFINITIONAL_REPRESENTATION('',(#8297),#8301);
#8297 = LINE('',#8298,#8299);
#8298 = CARTESIAN_POINT('',(0.,0.2));
#8299 = VECTOR('',#8300,1.);
#8300 = DIRECTION('',(1.,0.));
#8301 = ( GEOMETRIC_REPRESENTATION_CONTEXT(2) 
PARAMETRIC_REPRESENTATION_CONTEXT() REPRESENTATION_CONTEXT('2D SPACE',''
  ) );
#8302 = PCURVE('',#6948,#8303);
#8303 = DEFINITIONAL_REPRESENTATION('',(#8304),#8308);
#8304 = CIRCLE('',#8305,0.45);
#8305 = AXIS2_PLACEMENT_2D('',#8306,#8307);
#8306 = CARTESIAN_POINT('',(1.600000018027,-24.6));
#8307 = DIRECTION('',(1.,0.));
#8308 = ( GEOMETRIC_REPRESENTATION_CONTEXT(2) 
PARAMETRIC_REPRESENTATION_CONTEXT() REPRESENTATION_CONTEXT('2D SPACE',''
  ) );
#8309 = ORIENTED_EDGE('',*,*,#8265,.T.);
#8310 = ADVANCED_FACE('',(#8311),#5703,.F.);
#8311 = FACE_BOUND('',#8312,.F.);
#8312 = EDGE_LOOP('',(#8313,#8314,#8337,#8359));
#8313 = ORIENTED_EDGE('',*,*,#5686,.F.);
#8314 = ORIENTED_EDGE('',*,*,#8315,.F.);
#8315 = EDGE_CURVE('',#8316,#5687,#8318,.T.);
#8316 = VERTEX_POINT('',#8317);
#8317 = CARTESIAN_POINT('',(2.05,-23.,11.5));
#8318 = SEAM_CURVE('',#8319,(#8323,#8330),.PCURVE_S1.);
#8319 = LINE('',#8320,#8321);
#8320 = CARTESIAN_POINT('',(2.05,-23.,11.3));
#8321 = VECTOR('',#8322,1.);
#8322 = DIRECTION('',(0.,0.,1.));
#8323 = PCURVE('',#5703,#8324);
#8324 = DEFINITIONAL_REPRESENTATION('',(#8325),#8329);
#8325 = LINE('',#8326,#8327);
#8326 = CARTESIAN_POINT('',(6.28318530718,-0.));
#8327 = VECTOR('',#8328,1.);
#8328 = DIRECTION('',(0.,1.));
#8329 = ( GEOMETRIC_REPRESENTATION_CONTEXT(2) 
PARAMETRIC_REPRESENTATION_CONTEXT() REPRESENTATION_CONTEXT('2D SPACE',''
  ) );
#8330 = PCURVE('',#5703,#8331);
#8331 = DEFINITIONAL_REPRESENTATION('',(#8332),#8336);
#8332 = LINE('',#8333,#8334);
#8333 = CARTESIAN_POINT('',(0.,-0.));
#8334 = VECTOR('',#8335,1.);
#8335 = DIRECTION('',(0.,1.));
#8336 = ( GEOMETRIC_REPRESENTATION_CONTEXT(2) 
PARAMETRIC_REPRESENTATION_CONTEXT() REPRESENTATION_CONTEXT('2D SPACE',''
  ) );
#8337 = ORIENTED_EDGE('',*,*,#8338,.T.);
#8338 = EDGE_CURVE('',#8316,#8316,#8339,.T.);
#8339 = SURFACE_CURVE('',#8340,(#8345,#8352),.PCURVE_S1.);
#8340 = CIRCLE('',#8341,0.45);
#8341 = AXIS2_PLACEMENT_3D('',#8342,#8343,#8344);
#8342 = CARTESIAN_POINT('',(1.6,-23.,11.5));
#8343 = DIRECTION('',(0.,0.,1.));
#8344 = DIRECTION('',(1.,0.,-0.));
#8345 = PCURVE('',#5703,#8346);
#8346 = DEFINITIONAL_REPRESENTATION('',(#8347),#8351);
#8347 = LINE('',#8348,#8349);
#8348 = CARTESIAN_POINT('',(0.,0.2));
#8349 = VECTOR('',#8350,1.);
#8350 = DIRECTION('',(1.,0.));
#8351 = ( GEOMETRIC_REPRESENTATION_CONTEXT(2) 
PARAMETRIC_REPRESENTATION_CONTEXT() REPRESENTATION_CONTEXT('2D SPACE',''
  ) );
#8352 = PCURVE('',#6948,#8353);
#8353 = DEFINITIONAL_REPRESENTATION('',(#8354),#8358);
#8354 = CIRCLE('',#8355,0.45);
#8355 = AXIS2_PLACEMENT_2D('',#8356,#8357);
#8356 = CARTESIAN_POINT('',(1.600000018027,-23.));
#8357 = DIRECTION('',(1.,0.));
#8358 = ( GEOMETRIC_REPRESENTATION_CONTEXT(2) 
PARAMETRIC_REPRESENTATION_CONTEXT() REPRESENTATION_CONTEXT('2D SPACE',''
  ) );
#8359 = ORIENTED_EDGE('',*,*,#8315,.T.);
#8360 = ADVANCED_FACE('',(#8361),#5734,.F.);
#8361 = FACE_BOUND('',#8362,.F.);
#8362 = EDGE_LOOP('',(#8363,#8364,#8387,#8409));
#8363 = ORIENTED_EDGE('',*,*,#5717,.F.);
#8364 = ORIENTED_EDGE('',*,*,#8365,.F.);
#8365 = EDGE_CURVE('',#8366,#5718,#8368,.T.);
#8366 = VERTEX_POINT('',#8367);
#8367 = CARTESIAN_POINT('',(0.45,-21.4,11.5));
#8368 = SEAM_CURVE('',#8369,(#8373,#8380),.PCURVE_S1.);
#8369 = LINE('',#8370,#8371);
#8370 = CARTESIAN_POINT('',(0.45,-21.4,11.3));
#8371 = VECTOR('',#8372,1.);
#8372 = DIRECTION('',(0.,0.,1.));
#8373 = PCURVE('',#5734,#8374);
#8374 = DEFINITIONAL_REPRESENTATION('',(#8375),#8379);
#8375 = LINE('',#8376,#8377);
#8376 = CARTESIAN_POINT('',(6.28318530718,-0.));
#8377 = VECTOR('',#8378,1.);
#8378 = DIRECTION('',(0.,1.));
#8379 = ( GEOMETRIC_REPRESENTATION_CONTEXT(2) 
PARAMETRIC_REPRESENTATION_CONTEXT() REPRESENTATION_CONTEXT('2D SPACE',''
  ) );
#8380 = PCURVE('',#5734,#8381);
#8381 = DEFINITIONAL_REPRESENTATION('',(#8382),#8386);
#8382 = LINE('',#8383,#8384);
#8383 = CARTESIAN_POINT('',(0.,-0.));
#8384 = VECTOR('',#8385,1.);
#8385 = DIRECTION('',(0.,1.));
#8386 = ( GEOMETRIC_REPRESENTATION_CONTEXT(2) 
PARAMETRIC_REPRESENTATION_CONTEXT() REPRESENTATION_CONTEXT('2D SPACE',''
  ) );
#8387 = ORIENTED_EDGE('',*,*,#8388,.T.);
#8388 = EDGE_CURVE('',#8366,#8366,#8389,.T.);
#8389 = SURFACE_CURVE('',#8390,(#8395,#8402),.PCURVE_S1.);
#8390 = CIRCLE('',#8391,0.45);
#8391 = AXIS2_PLACEMENT_3D('',#8392,#8393,#8394);
#8392 = CARTESIAN_POINT('',(0.,-21.4,11.5));
#8393 = DIRECTION('',(0.,0.,1.));
#8394 = DIRECTION('',(1.,0.,-0.));
#8395 = PCURVE('',#5734,#8396);
#8396 = DEFINITIONAL_REPRESENTATION('',(#8397),#8401);
#8397 = LINE('',#8398,#8399);
#8398 = CARTESIAN_POINT('',(0.,0.2));
#8399 = VECTOR('',#8400,1.);
#8400 = DIRECTION('',(1.,0.));
#8401 = ( GEOMETRIC_REPRESENTATION_CONTEXT(2) 
PARAMETRIC_REPRESENTATION_CONTEXT() REPRESENTATION_CONTEXT('2D SPACE',''
  ) );
#8402 = PCURVE('',#6948,#8403);
#8403 = DEFINITIONAL_REPRESENTATION('',(#8404),#8408);
#8404 = CIRCLE('',#8405,0.45);
#8405 = AXIS2_PLACEMENT_2D('',#8406,#8407);
#8406 = CARTESIAN_POINT('',(1.802653120241E-08,-21.4));
#8407 = DIRECTION('',(1.,0.));
#8408 = ( GEOMETRIC_REPRESENTATION_CONTEXT(2) 
PARAMETRIC_REPRESENTATION_CONTEXT() REPRESENTATION_CONTEXT('2D SPACE',''
  ) );
#8409 = ORIENTED_EDGE('',*,*,#8365,.T.);
#8410 = ADVANCED_FACE('',(#8411),#5765,.F.);
#8411 = FACE_BOUND('',#8412,.F.);
#8412 = EDGE_LOOP('',(#8413,#8414,#8437,#8459));
#8413 = ORIENTED_EDGE('',*,*,#5748,.F.);
#8414 = ORIENTED_EDGE('',*,*,#8415,.F.);
#8415 = EDGE_CURVE('',#8416,#5749,#8418,.T.);
#8416 = VERTEX_POINT('',#8417);
#8417 = CARTESIAN_POINT('',(2.05,-21.4,11.5));
#8418 = SEAM_CURVE('',#8419,(#8423,#8430),.PCURVE_S1.);
#8419 = LINE('',#8420,#8421);
#8420 = CARTESIAN_POINT('',(2.05,-21.4,11.3));
#8421 = VECTOR('',#8422,1.);
#8422 = DIRECTION('',(0.,0.,1.));
#8423 = PCURVE('',#5765,#8424);
#8424 = DEFINITIONAL_REPRESENTATION('',(#8425),#8429);
#8425 = LINE('',#8426,#8427);
#8426 = CARTESIAN_POINT('',(6.28318530718,-0.));
#8427 = VECTOR('',#8428,1.);
#8428 = DIRECTION('',(0.,1.));
#8429 = ( GEOMETRIC_REPRESENTATION_CONTEXT(2) 
PARAMETRIC_REPRESENTATION_CONTEXT() REPRESENTATION_CONTEXT('2D SPACE',''
  ) );
#8430 = PCURVE('',#5765,#8431);
#8431 = DEFINITIONAL_REPRESENTATION('',(#8432),#8436);
#8432 = LINE('',#8433,#8434);
#8433 = CARTESIAN_POINT('',(0.,-0.));
#8434 = VECTOR('',#8435,1.);
#8435 = DIRECTION('',(0.,1.));
#8436 = ( GEOMETRIC_REPRESENTATION_CONTEXT(2) 
PARAMETRIC_REPRESENTATION_CONTEXT() REPRESENTATION_CONTEXT('2D SPACE',''
  ) );
#8437 = ORIENTED_EDGE('',*,*,#8438,.T.);
#8438 = EDGE_CURVE('',#8416,#8416,#8439,.T.);
#8439 = SURFACE_CURVE('',#8440,(#8445,#8452),.PCURVE_S1.);
#8440 = CIRCLE('',#8441,0.45);
#8441 = AXIS2_PLACEMENT_3D('',#8442,#8443,#8444);
#8442 = CARTESIAN_POINT('',(1.6,-21.4,11.5));
#8443 = DIRECTION('',(0.,0.,1.));
#8444 = DIRECTION('',(1.,0.,-0.));
#8445 = PCURVE('',#5765,#8446);
#8446 = DEFINITIONAL_REPRESENTATION('',(#8447),#8451);
#8447 = LINE('',#8448,#8449);
#8448 = CARTESIAN_POINT('',(0.,0.2));
#8449 = VECTOR('',#8450,1.);
#8450 = DIRECTION('',(1.,0.));
#8451 = ( GEOMETRIC_REPRESENTATION_CONTEXT(2) 
PARAMETRIC_REPRESENTATION_CONTEXT() REPRESENTATION_CONTEXT('2D SPACE',''
  ) );
#8452 = PCURVE('',#6948,#8453);
#8453 = DEFINITIONAL_REPRESENTATION('',(#8454),#8458);
#8454 = CIRCLE('',#8455,0.45);
#8455 = AXIS2_PLACEMENT_2D('',#8456,#8457);
#8456 = CARTESIAN_POINT('',(1.600000018027,-21.4));
#8457 = DIRECTION('',(1.,0.));
#8458 = ( GEOMETRIC_REPRESENTATION_CONTEXT(2) 
PARAMETRIC_REPRESENTATION_CONTEXT() REPRESENTATION_CONTEXT('2D SPACE',''
  ) );
#8459 = ORIENTED_EDGE('',*,*,#8415,.T.);
#8460 = ADVANCED_FACE('',(#8461),#5796,.F.);
#8461 = FACE_BOUND('',#8462,.F.);
#8462 = EDGE_LOOP('',(#8463,#8464,#8487,#8509));
#8463 = ORIENTED_EDGE('',*,*,#5779,.F.);
#8464 = ORIENTED_EDGE('',*,*,#8465,.F.);
#8465 = EDGE_CURVE('',#8466,#5780,#8468,.T.);
#8466 = VERTEX_POINT('',#8467);
#8467 = CARTESIAN_POINT('',(3.65,-24.6,11.5));
#8468 = SEAM_CURVE('',#8469,(#8473,#8480),.PCURVE_S1.);
#8469 = LINE('',#8470,#8471);
#8470 = CARTESIAN_POINT('',(3.65,-24.6,11.3));
#8471 = VECTOR('',#8472,1.);
#8472 = DIRECTION('',(0.,0.,1.));
#8473 = PCURVE('',#5796,#8474);
#8474 = DEFINITIONAL_REPRESENTATION('',(#8475),#8479);
#8475 = LINE('',#8476,#8477);
#8476 = CARTESIAN_POINT('',(6.28318530718,-0.));
#8477 = VECTOR('',#8478,1.);
#8478 = DIRECTION('',(0.,1.));
#8479 = ( GEOMETRIC_REPRESENTATION_CONTEXT(2) 
PARAMETRIC_REPRESENTATION_CONTEXT() REPRESENTATION_CONTEXT('2D SPACE',''
  ) );
#8480 = PCURVE('',#5796,#8481);
#8481 = DEFINITIONAL_REPRESENTATION('',(#8482),#8486);
#8482 = LINE('',#8483,#8484);
#8483 = CARTESIAN_POINT('',(0.,-0.));
#8484 = VECTOR('',#8485,1.);
#8485 = DIRECTION('',(0.,1.));
#8486 = ( GEOMETRIC_REPRESENTATION_CONTEXT(2) 
PARAMETRIC_REPRESENTATION_CONTEXT() REPRESENTATION_CONTEXT('2D SPACE',''
  ) );
#8487 = ORIENTED_EDGE('',*,*,#8488,.T.);
#8488 = EDGE_CURVE('',#8466,#8466,#8489,.T.);
#8489 = SURFACE_CURVE('',#8490,(#8495,#8502),.PCURVE_S1.);
#8490 = CIRCLE('',#8491,0.45);
#8491 = AXIS2_PLACEMENT_3D('',#8492,#8493,#8494);
#8492 = CARTESIAN_POINT('',(3.2,-24.6,11.5));
#8493 = DIRECTION('',(0.,0.,1.));
#8494 = DIRECTION('',(1.,0.,-0.));
#8495 = PCURVE('',#5796,#8496);
#8496 = DEFINITIONAL_REPRESENTATION('',(#8497),#8501);
#8497 = LINE('',#8498,#8499);
#8498 = CARTESIAN_POINT('',(0.,0.2));
#8499 = VECTOR('',#8500,1.);
#8500 = DIRECTION('',(1.,0.));
#8501 = ( GEOMETRIC_REPRESENTATION_CONTEXT(2) 
PARAMETRIC_REPRESENTATION_CONTEXT() REPRESENTATION_CONTEXT('2D SPACE',''
  ) );
#8502 = PCURVE('',#6948,#8503);
#8503 = DEFINITIONAL_REPRESENTATION('',(#8504),#8508);
#8504 = CIRCLE('',#8505,0.45);
#8505 = AXIS2_PLACEMENT_2D('',#8506,#8507);
#8506 = CARTESIAN_POINT('',(3.200000018027,-24.6));
#8507 = DIRECTION('',(1.,0.));
#8508 = ( GEOMETRIC_REPRESENTATION_CONTEXT(2) 
PARAMETRIC_REPRESENTATION_CONTEXT() REPRESENTATION_CONTEXT('2D SPACE',''
  ) );
#8509 = ORIENTED_EDGE('',*,*,#8465,.T.);
#8510 = ADVANCED_FACE('',(#8511),#5827,.F.);
#8511 = FACE_BOUND('',#8512,.F.);
#8512 = EDGE_LOOP('',(#8513,#8514,#8537,#8559));
#8513 = ORIENTED_EDGE('',*,*,#5810,.F.);
#8514 = ORIENTED_EDGE('',*,*,#8515,.F.);
#8515 = EDGE_CURVE('',#8516,#5811,#8518,.T.);
#8516 = VERTEX_POINT('',#8517);
#8517 = CARTESIAN_POINT('',(3.65,-23.,11.5));
#8518 = SEAM_CURVE('',#8519,(#8523,#8530),.PCURVE_S1.);
#8519 = LINE('',#8520,#8521);
#8520 = CARTESIAN_POINT('',(3.65,-23.,11.3));
#8521 = VECTOR('',#8522,1.);
#8522 = DIRECTION('',(0.,0.,1.));
#8523 = PCURVE('',#5827,#8524);
#8524 = DEFINITIONAL_REPRESENTATION('',(#8525),#8529);
#8525 = LINE('',#8526,#8527);
#8526 = CARTESIAN_POINT('',(6.28318530718,-0.));
#8527 = VECTOR('',#8528,1.);
#8528 = DIRECTION('',(0.,1.));
#8529 = ( GEOMETRIC_REPRESENTATION_CONTEXT(2) 
PARAMETRIC_REPRESENTATION_CONTEXT() REPRESENTATION_CONTEXT('2D SPACE',''
  ) );
#8530 = PCURVE('',#5827,#8531);
#8531 = DEFINITIONAL_REPRESENTATION('',(#8532),#8536);
#8532 = LINE('',#8533,#8534);
#8533 = CARTESIAN_POINT('',(0.,-0.));
#8534 = VECTOR('',#8535,1.);
#8535 = DIRECTION('',(0.,1.));
#8536 = ( GEOMETRIC_REPRESENTATION_CONTEXT(2) 
PARAMETRIC_REPRESENTATION_CONTEXT() REPRESENTATION_CONTEXT('2D SPACE',''
  ) );
#8537 = ORIENTED_EDGE('',*,*,#8538,.T.);
#8538 = EDGE_CURVE('',#8516,#8516,#8539,.T.);
#8539 = SURFACE_CURVE('',#8540,(#8545,#8552),.PCURVE_S1.);
#8540 = CIRCLE('',#8541,0.45);
#8541 = AXIS2_PLACEMENT_3D('',#8542,#8543,#8544);
#8542 = CARTESIAN_POINT('',(3.2,-23.,11.5));
#8543 = DIRECTION('',(0.,0.,1.));
#8544 = DIRECTION('',(1.,0.,-0.));
#8545 = PCURVE('',#5827,#8546);
#8546 = DEFINITIONAL_REPRESENTATION('',(#8547),#8551);
#8547 = LINE('',#8548,#8549);
#8548 = CARTESIAN_POINT('',(0.,0.2));
#8549 = VECTOR('',#8550,1.);
#8550 = DIRECTION('',(1.,0.));
#8551 = ( GEOMETRIC_REPRESENTATION_CONTEXT(2) 
PARAMETRIC_REPRESENTATION_CONTEXT() REPRESENTATION_CONTEXT('2D SPACE',''
  ) );
#8552 = PCURVE('',#6948,#8553);
#8553 = DEFINITIONAL_REPRESENTATION('',(#8554),#8558);
#8554 = CIRCLE('',#8555,0.45);
#8555 = AXIS2_PLACEMENT_2D('',#8556,#8557);
#8556 = CARTESIAN_POINT('',(3.200000018027,-23.));
#8557 = DIRECTION('',(1.,0.));
#8558 = ( GEOMETRIC_REPRESENTATION_CONTEXT(2) 
PARAMETRIC_REPRESENTATION_CONTEXT() REPRESENTATION_CONTEXT('2D SPACE',''
  ) );
#8559 = ORIENTED_EDGE('',*,*,#8515,.T.);
#8560 = ADVANCED_FACE('',(#8561),#5858,.F.);
#8561 = FACE_BOUND('',#8562,.F.);
#8562 = EDGE_LOOP('',(#8563,#8564,#8587,#8609));
#8563 = ORIENTED_EDGE('',*,*,#5841,.F.);
#8564 = ORIENTED_EDGE('',*,*,#8565,.F.);
#8565 = EDGE_CURVE('',#8566,#5842,#8568,.T.);
#8566 = VERTEX_POINT('',#8567);
#8567 = CARTESIAN_POINT('',(3.65,-21.4,11.5));
#8568 = SEAM_CURVE('',#8569,(#8573,#8580),.PCURVE_S1.);
#8569 = LINE('',#8570,#8571);
#8570 = CARTESIAN_POINT('',(3.65,-21.4,11.3));
#8571 = VECTOR('',#8572,1.);
#8572 = DIRECTION('',(0.,0.,1.));
#8573 = PCURVE('',#5858,#8574);
#8574 = DEFINITIONAL_REPRESENTATION('',(#8575),#8579);
#8575 = LINE('',#8576,#8577);
#8576 = CARTESIAN_POINT('',(6.28318530718,-0.));
#8577 = VECTOR('',#8578,1.);
#8578 = DIRECTION('',(0.,1.));
#8579 = ( GEOMETRIC_REPRESENTATION_CONTEXT(2) 
PARAMETRIC_REPRESENTATION_CONTEXT() REPRESENTATION_CONTEXT('2D SPACE',''
  ) );
#8580 = PCURVE('',#5858,#8581);
#8581 = DEFINITIONAL_REPRESENTATION('',(#8582),#8586);
#8582 = LINE('',#8583,#8584);
#8583 = CARTESIAN_POINT('',(0.,-0.));
#8584 = VECTOR('',#8585,1.);
#8585 = DIRECTION('',(0.,1.));
#8586 = ( GEOMETRIC_REPRESENTATION_CONTEXT(2) 
PARAMETRIC_REPRESENTATION_CONTEXT() REPRESENTATION_CONTEXT('2D SPACE',''
  ) );
#8587 = ORIENTED_EDGE('',*,*,#8588,.T.);
#8588 = EDGE_CURVE('',#8566,#8566,#8589,.T.);
#8589 = SURFACE_CURVE('',#8590,(#8595,#8602),.PCURVE_S1.);
#8590 = CIRCLE('',#8591,0.45);
#8591 = AXIS2_PLACEMENT_3D('',#8592,#8593,#8594);
#8592 = CARTESIAN_POINT('',(3.2,-21.4,11.5));
#8593 = DIRECTION('',(0.,0.,1.));
#8594 = DIRECTION('',(1.,0.,-0.));
#8595 = PCURVE('',#5858,#8596);
#8596 = DEFINITIONAL_REPRESENTATION('',(#8597),#8601);
#8597 = LINE('',#8598,#8599);
#8598 = CARTESIAN_POINT('',(0.,0.2));
#8599 = VECTOR('',#8600,1.);
#8600 = DIRECTION('',(1.,0.));
#8601 = ( GEOMETRIC_REPRESENTATION_CONTEXT(2) 
PARAMETRIC_REPRESENTATION_CONTEXT() REPRESENTATION_CONTEXT('2D SPACE',''
  ) );
#8602 = PCURVE('',#6948,#8603);
#8603 = DEFINITIONAL_REPRESENTATION('',(#8604),#8608);
#8604 = CIRCLE('',#8605,0.45);
#8605 = AXIS2_PLACEMENT_2D('',#8606,#8607);
#8606 = CARTESIAN_POINT('',(3.200000018027,-21.4));
#8607 = DIRECTION('',(1.,0.));
#8608 = ( GEOMETRIC_REPRESENTATION_CONTEXT(2) 
PARAMETRIC_REPRESENTATION_CONTEXT() REPRESENTATION_CONTEXT('2D SPACE',''
  ) );
#8609 = ORIENTED_EDGE('',*,*,#8565,.T.);
#8610 = ADVANCED_FACE('',(#8611),#5889,.F.);
#8611 = FACE_BOUND('',#8612,.F.);
#8612 = EDGE_LOOP('',(#8613,#8614,#8637,#8659));
#8613 = ORIENTED_EDGE('',*,*,#5872,.F.);
#8614 = ORIENTED_EDGE('',*,*,#8615,.F.);
#8615 = EDGE_CURVE('',#8616,#5873,#8618,.T.);
#8616 = VERTEX_POINT('',#8617);
#8617 = CARTESIAN_POINT('',(0.45,-19.8,11.5));
#8618 = SEAM_CURVE('',#8619,(#8623,#8630),.PCURVE_S1.);
#8619 = LINE('',#8620,#8621);
#8620 = CARTESIAN_POINT('',(0.45,-19.8,11.3));
#8621 = VECTOR('',#8622,1.);
#8622 = DIRECTION('',(0.,0.,1.));
#8623 = PCURVE('',#5889,#8624);
#8624 = DEFINITIONAL_REPRESENTATION('',(#8625),#8629);
#8625 = LINE('',#8626,#8627);
#8626 = CARTESIAN_POINT('',(6.28318530718,-0.));
#8627 = VECTOR('',#8628,1.);
#8628 = DIRECTION('',(0.,1.));
#8629 = ( GEOMETRIC_REPRESENTATION_CONTEXT(2) 
PARAMETRIC_REPRESENTATION_CONTEXT() REPRESENTATION_CONTEXT('2D SPACE',''
  ) );
#8630 = PCURVE('',#5889,#8631);
#8631 = DEFINITIONAL_REPRESENTATION('',(#8632),#8636);
#8632 = LINE('',#8633,#8634);
#8633 = CARTESIAN_POINT('',(0.,-0.));
#8634 = VECTOR('',#8635,1.);
#8635 = DIRECTION('',(0.,1.));
#8636 = ( GEOMETRIC_REPRESENTATION_CONTEXT(2) 
PARAMETRIC_REPRESENTATION_CONTEXT() REPRESENTATION_CONTEXT('2D SPACE',''
  ) );
#8637 = ORIENTED_EDGE('',*,*,#8638,.T.);
#8638 = EDGE_CURVE('',#8616,#8616,#8639,.T.);
#8639 = SURFACE_CURVE('',#8640,(#8645,#8652),.PCURVE_S1.);
#8640 = CIRCLE('',#8641,0.45);
#8641 = AXIS2_PLACEMENT_3D('',#8642,#8643,#8644);
#8642 = CARTESIAN_POINT('',(0.,-19.8,11.5));
#8643 = DIRECTION('',(0.,0.,1.));
#8644 = DIRECTION('',(1.,0.,-0.));
#8645 = PCURVE('',#5889,#8646);
#8646 = DEFINITIONAL_REPRESENTATION('',(#8647),#8651);
#8647 = LINE('',#8648,#8649);
#8648 = CARTESIAN_POINT('',(0.,0.2));
#8649 = VECTOR('',#8650,1.);
#8650 = DIRECTION('',(1.,0.));
#8651 = ( GEOMETRIC_REPRESENTATION_CONTEXT(2) 
PARAMETRIC_REPRESENTATION_CONTEXT() REPRESENTATION_CONTEXT('2D SPACE',''
  ) );
#8652 = PCURVE('',#6948,#8653);
#8653 = DEFINITIONAL_REPRESENTATION('',(#8654),#8658);
#8654 = CIRCLE('',#8655,0.45);
#8655 = AXIS2_PLACEMENT_2D('',#8656,#8657);
#8656 = CARTESIAN_POINT('',(1.802653120241E-08,-19.8));
#8657 = DIRECTION('',(1.,0.));
#8658 = ( GEOMETRIC_REPRESENTATION_CONTEXT(2) 
PARAMETRIC_REPRESENTATION_CONTEXT() REPRESENTATION_CONTEXT('2D SPACE',''
  ) );
#8659 = ORIENTED_EDGE('',*,*,#8615,.T.);
#8660 = ADVANCED_FACE('',(#8661),#5920,.F.);
#8661 = FACE_BOUND('',#8662,.F.);
#8662 = EDGE_LOOP('',(#8663,#8664,#8687,#8709));
#8663 = ORIENTED_EDGE('',*,*,#5903,.F.);
#8664 = ORIENTED_EDGE('',*,*,#8665,.F.);
#8665 = EDGE_CURVE('',#8666,#5904,#8668,.T.);
#8666 = VERTEX_POINT('',#8667);
#8667 = CARTESIAN_POINT('',(2.05,-19.8,11.5));
#8668 = SEAM_CURVE('',#8669,(#8673,#8680),.PCURVE_S1.);
#8669 = LINE('',#8670,#8671);
#8670 = CARTESIAN_POINT('',(2.05,-19.8,11.3));
#8671 = VECTOR('',#8672,1.);
#8672 = DIRECTION('',(0.,0.,1.));
#8673 = PCURVE('',#5920,#8674);
#8674 = DEFINITIONAL_REPRESENTATION('',(#8675),#8679);
#8675 = LINE('',#8676,#8677);
#8676 = CARTESIAN_POINT('',(6.28318530718,-0.));
#8677 = VECTOR('',#8678,1.);
#8678 = DIRECTION('',(0.,1.));
#8679 = ( GEOMETRIC_REPRESENTATION_CONTEXT(2) 
PARAMETRIC_REPRESENTATION_CONTEXT() REPRESENTATION_CONTEXT('2D SPACE',''
  ) );
#8680 = PCURVE('',#5920,#8681);
#8681 = DEFINITIONAL_REPRESENTATION('',(#8682),#8686);
#8682 = LINE('',#8683,#8684);
#8683 = CARTESIAN_POINT('',(0.,-0.));
#8684 = VECTOR('',#8685,1.);
#8685 = DIRECTION('',(0.,1.));
#8686 = ( GEOMETRIC_REPRESENTATION_CONTEXT(2) 
PARAMETRIC_REPRESENTATION_CONTEXT() REPRESENTATION_CONTEXT('2D SPACE',''
  ) );
#8687 = ORIENTED_EDGE('',*,*,#8688,.T.);
#8688 = EDGE_CURVE('',#8666,#8666,#8689,.T.);
#8689 = SURFACE_CURVE('',#8690,(#8695,#8702),.PCURVE_S1.);
#8690 = CIRCLE('',#8691,0.45);
#8691 = AXIS2_PLACEMENT_3D('',#8692,#8693,#8694);
#8692 = CARTESIAN_POINT('',(1.6,-19.8,11.5));
#8693 = DIRECTION('',(0.,0.,1.));
#8694 = DIRECTION('',(1.,0.,-0.));
#8695 = PCURVE('',#5920,#8696);
#8696 = DEFINITIONAL_REPRESENTATION('',(#8697),#8701);
#8697 = LINE('',#8698,#8699);
#8698 = CARTESIAN_POINT('',(0.,0.2));
#8699 = VECTOR('',#8700,1.);
#8700 = DIRECTION('',(1.,0.));
#8701 = ( GEOMETRIC_REPRESENTATION_CONTEXT(2) 
PARAMETRIC_REPRESENTATION_CONTEXT() REPRESENTATION_CONTEXT('2D SPACE',''
  ) );
#8702 = PCURVE('',#6948,#8703);
#8703 = DEFINITIONAL_REPRESENTATION('',(#8704),#8708);
#8704 = CIRCLE('',#8705,0.45);
#8705 = AXIS2_PLACEMENT_2D('',#8706,#8707);
#8706 = CARTESIAN_POINT('',(1.600000018027,-19.8));
#8707 = DIRECTION('',(1.,0.));
#8708 = ( GEOMETRIC_REPRESENTATION_CONTEXT(2) 
PARAMETRIC_REPRESENTATION_CONTEXT() REPRESENTATION_CONTEXT('2D SPACE',''
  ) );
#8709 = ORIENTED_EDGE('',*,*,#8665,.T.);
#8710 = ADVANCED_FACE('',(#8711),#5951,.F.);
#8711 = FACE_BOUND('',#8712,.F.);
#8712 = EDGE_LOOP('',(#8713,#8714,#8737,#8759));
#8713 = ORIENTED_EDGE('',*,*,#5934,.F.);
#8714 = ORIENTED_EDGE('',*,*,#8715,.F.);
#8715 = EDGE_CURVE('',#8716,#5935,#8718,.T.);
#8716 = VERTEX_POINT('',#8717);
#8717 = CARTESIAN_POINT('',(3.65,-19.8,11.5));
#8718 = SEAM_CURVE('',#8719,(#8723,#8730),.PCURVE_S1.);
#8719 = LINE('',#8720,#8721);
#8720 = CARTESIAN_POINT('',(3.65,-19.8,11.3));
#8721 = VECTOR('',#8722,1.);
#8722 = DIRECTION('',(0.,0.,1.));
#8723 = PCURVE('',#5951,#8724);
#8724 = DEFINITIONAL_REPRESENTATION('',(#8725),#8729);
#8725 = LINE('',#8726,#8727);
#8726 = CARTESIAN_POINT('',(6.28318530718,-0.));
#8727 = VECTOR('',#8728,1.);
#8728 = DIRECTION('',(0.,1.));
#8729 = ( GEOMETRIC_REPRESENTATION_CONTEXT(2) 
PARAMETRIC_REPRESENTATION_CONTEXT() REPRESENTATION_CONTEXT('2D SPACE',''
  ) );
#8730 = PCURVE('',#5951,#8731);
#8731 = DEFINITIONAL_REPRESENTATION('',(#8732),#8736);
#8732 = LINE('',#8733,#8734);
#8733 = CARTESIAN_POINT('',(0.,-0.));
#8734 = VECTOR('',#8735,1.);
#8735 = DIRECTION('',(0.,1.));
#8736 = ( GEOMETRIC_REPRESENTATION_CONTEXT(2) 
PARAMETRIC_REPRESENTATION_CONTEXT() REPRESENTATION_CONTEXT('2D SPACE',''
  ) );
#8737 = ORIENTED_EDGE('',*,*,#8738,.T.);
#8738 = EDGE_CURVE('',#8716,#8716,#8739,.T.);
#8739 = SURFACE_CURVE('',#8740,(#8745,#8752),.PCURVE_S1.);
#8740 = CIRCLE('',#8741,0.45);
#8741 = AXIS2_PLACEMENT_3D('',#8742,#8743,#8744);
#8742 = CARTESIAN_POINT('',(3.2,-19.8,11.5));
#8743 = DIRECTION('',(0.,0.,1.));
#8744 = DIRECTION('',(1.,0.,-0.));
#8745 = PCURVE('',#5951,#8746);
#8746 = DEFINITIONAL_REPRESENTATION('',(#8747),#8751);
#8747 = LINE('',#8748,#8749);
#8748 = CARTESIAN_POINT('',(0.,0.2));
#8749 = VECTOR('',#8750,1.);
#8750 = DIRECTION('',(1.,0.));
#8751 = ( GEOMETRIC_REPRESENTATION_CONTEXT(2) 
PARAMETRIC_REPRESENTATION_CONTEXT() REPRESENTATION_CONTEXT('2D SPACE',''
  ) );
#8752 = PCURVE('',#6948,#8753);
#8753 = DEFINITIONAL_REPRESENTATION('',(#8754),#8758);
#8754 = CIRCLE('',#8755,0.45);
#8755 = AXIS2_PLACEMENT_2D('',#8756,#8757);
#8756 = CARTESIAN_POINT('',(3.200000018027,-19.8));
#8757 = DIRECTION('',(1.,0.));
#8758 = ( GEOMETRIC_REPRESENTATION_CONTEXT(2) 
PARAMETRIC_REPRESENTATION_CONTEXT() REPRESENTATION_CONTEXT('2D SPACE',''
  ) );
#8759 = ORIENTED_EDGE('',*,*,#8715,.T.);
#8760 = ADVANCED_FACE('',(#8761),#5982,.F.);
#8761 = FACE_BOUND('',#8762,.F.);
#8762 = EDGE_LOOP('',(#8763,#8764,#8787,#8809));
#8763 = ORIENTED_EDGE('',*,*,#5965,.F.);
#8764 = ORIENTED_EDGE('',*,*,#8765,.F.);
#8765 = EDGE_CURVE('',#8766,#5966,#8768,.T.);
#8766 = VERTEX_POINT('',#8767);
#8767 = CARTESIAN_POINT('',(5.25,-24.6,11.5));
#8768 = SEAM_CURVE('',#8769,(#8773,#8780),.PCURVE_S1.);
#8769 = LINE('',#8770,#8771);
#8770 = CARTESIAN_POINT('',(5.25,-24.6,11.3));
#8771 = VECTOR('',#8772,1.);
#8772 = DIRECTION('',(0.,0.,1.));
#8773 = PCURVE('',#5982,#8774);
#8774 = DEFINITIONAL_REPRESENTATION('',(#8775),#8779);
#8775 = LINE('',#8776,#8777);
#8776 = CARTESIAN_POINT('',(6.28318530718,-0.));
#8777 = VECTOR('',#8778,1.);
#8778 = DIRECTION('',(0.,1.));
#8779 = ( GEOMETRIC_REPRESENTATION_CONTEXT(2) 
PARAMETRIC_REPRESENTATION_CONTEXT() REPRESENTATION_CONTEXT('2D SPACE',''
  ) );
#8780 = PCURVE('',#5982,#8781);
#8781 = DEFINITIONAL_REPRESENTATION('',(#8782),#8786);
#8782 = LINE('',#8783,#8784);
#8783 = CARTESIAN_POINT('',(0.,-0.));
#8784 = VECTOR('',#8785,1.);
#8785 = DIRECTION('',(0.,1.));
#8786 = ( GEOMETRIC_REPRESENTATION_CONTEXT(2) 
PARAMETRIC_REPRESENTATION_CONTEXT() REPRESENTATION_CONTEXT('2D SPACE',''
  ) );
#8787 = ORIENTED_EDGE('',*,*,#8788,.T.);
#8788 = EDGE_CURVE('',#8766,#8766,#8789,.T.);
#8789 = SURFACE_CURVE('',#8790,(#8795,#8802),.PCURVE_S1.);
#8790 = CIRCLE('',#8791,0.45);
#8791 = AXIS2_PLACEMENT_3D('',#8792,#8793,#8794);
#8792 = CARTESIAN_POINT('',(4.8,-24.6,11.5));
#8793 = DIRECTION('',(0.,0.,1.));
#8794 = DIRECTION('',(1.,0.,-0.));
#8795 = PCURVE('',#5982,#8796);
#8796 = DEFINITIONAL_REPRESENTATION('',(#8797),#8801);
#8797 = LINE('',#8798,#8799);
#8798 = CARTESIAN_POINT('',(0.,0.2));
#8799 = VECTOR('',#8800,1.);
#8800 = DIRECTION('',(1.,0.));
#8801 = ( GEOMETRIC_REPRESENTATION_CONTEXT(2) 
PARAMETRIC_REPRESENTATION_CONTEXT() REPRESENTATION_CONTEXT('2D SPACE',''
  ) );
#8802 = PCURVE('',#6948,#8803);
#8803 = DEFINITIONAL_REPRESENTATION('',(#8804),#8808);
#8804 = CIRCLE('',#8805,0.45);
#8805 = AXIS2_PLACEMENT_2D('',#8806,#8807);
#8806 = CARTESIAN_POINT('',(4.800000018027,-24.6));
#8807 = DIRECTION('',(1.,0.));
#8808 = ( GEOMETRIC_REPRESENTATION_CONTEXT(2) 
PARAMETRIC_REPRESENTATION_CONTEXT() REPRESENTATION_CONTEXT('2D SPACE',''
  ) );
#8809 = ORIENTED_EDGE('',*,*,#8765,.T.);
#8810 = ADVANCED_FACE('',(#8811),#6013,.F.);
#8811 = FACE_BOUND('',#8812,.F.);
#8812 = EDGE_LOOP('',(#8813,#8814,#8837,#8859));
#8813 = ORIENTED_EDGE('',*,*,#5996,.F.);
#8814 = ORIENTED_EDGE('',*,*,#8815,.F.);
#8815 = EDGE_CURVE('',#8816,#5997,#8818,.T.);
#8816 = VERTEX_POINT('',#8817);
#8817 = CARTESIAN_POINT('',(5.25,-23.,11.5));
#8818 = SEAM_CURVE('',#8819,(#8823,#8830),.PCURVE_S1.);
#8819 = LINE('',#8820,#8821);
#8820 = CARTESIAN_POINT('',(5.25,-23.,11.3));
#8821 = VECTOR('',#8822,1.);
#8822 = DIRECTION('',(0.,0.,1.));
#8823 = PCURVE('',#6013,#8824);
#8824 = DEFINITIONAL_REPRESENTATION('',(#8825),#8829);
#8825 = LINE('',#8826,#8827);
#8826 = CARTESIAN_POINT('',(6.28318530718,-0.));
#8827 = VECTOR('',#8828,1.);
#8828 = DIRECTION('',(0.,1.));
#8829 = ( GEOMETRIC_REPRESENTATION_CONTEXT(2) 
PARAMETRIC_REPRESENTATION_CONTEXT() REPRESENTATION_CONTEXT('2D SPACE',''
  ) );
#8830 = PCURVE('',#6013,#8831);
#8831 = DEFINITIONAL_REPRESENTATION('',(#8832),#8836);
#8832 = LINE('',#8833,#8834);
#8833 = CARTESIAN_POINT('',(0.,-0.));
#8834 = VECTOR('',#8835,1.);
#8835 = DIRECTION('',(0.,1.));
#8836 = ( GEOMETRIC_REPRESENTATION_CONTEXT(2) 
PARAMETRIC_REPRESENTATION_CONTEXT() REPRESENTATION_CONTEXT('2D SPACE',''
  ) );
#8837 = ORIENTED_EDGE('',*,*,#8838,.T.);
#8838 = EDGE_CURVE('',#8816,#8816,#8839,.T.);
#8839 = SURFACE_CURVE('',#8840,(#8845,#8852),.PCURVE_S1.);
#8840 = CIRCLE('',#8841,0.45);
#8841 = AXIS2_PLACEMENT_3D('',#8842,#8843,#8844);
#8842 = CARTESIAN_POINT('',(4.8,-23.,11.5));
#8843 = DIRECTION('',(0.,0.,1.));
#8844 = DIRECTION('',(1.,0.,-0.));
#8845 = PCURVE('',#6013,#8846);
#8846 = DEFINITIONAL_REPRESENTATION('',(#8847),#8851);
#8847 = LINE('',#8848,#8849);
#8848 = CARTESIAN_POINT('',(0.,0.2));
#8849 = VECTOR('',#8850,1.);
#8850 = DIRECTION('',(1.,0.));
#8851 = ( GEOMETRIC_REPRESENTATION_CONTEXT(2) 
PARAMETRIC_REPRESENTATION_CONTEXT() REPRESENTATION_CONTEXT('2D SPACE',''
  ) );
#8852 = PCURVE('',#6948,#8853);
#8853 = DEFINITIONAL_REPRESENTATION('',(#8854),#8858);
#8854 = CIRCLE('',#8855,0.45);
#8855 = AXIS2_PLACEMENT_2D('',#8856,#8857);
#8856 = CARTESIAN_POINT('',(4.800000018027,-23.));
#8857 = DIRECTION('',(1.,0.));
#8858 = ( GEOMETRIC_REPRESENTATION_CONTEXT(2) 
PARAMETRIC_REPRESENTATION_CONTEXT() REPRESENTATION_CONTEXT('2D SPACE',''
  ) );
#8859 = ORIENTED_EDGE('',*,*,#8815,.T.);
#8860 = ADVANCED_FACE('',(#8861),#6044,.F.);
#8861 = FACE_BOUND('',#8862,.F.);
#8862 = EDGE_LOOP('',(#8863,#8864,#8887,#8909));
#8863 = ORIENTED_EDGE('',*,*,#6027,.F.);
#8864 = ORIENTED_EDGE('',*,*,#8865,.F.);
#8865 = EDGE_CURVE('',#8866,#6028,#8868,.T.);
#8866 = VERTEX_POINT('',#8867);
#8867 = CARTESIAN_POINT('',(5.25,-21.4,11.5));
#8868 = SEAM_CURVE('',#8869,(#8873,#8880),.PCURVE_S1.);
#8869 = LINE('',#8870,#8871);
#8870 = CARTESIAN_POINT('',(5.25,-21.4,11.3));
#8871 = VECTOR('',#8872,1.);
#8872 = DIRECTION('',(0.,0.,1.));
#8873 = PCURVE('',#6044,#8874);
#8874 = DEFINITIONAL_REPRESENTATION('',(#8875),#8879);
#8875 = LINE('',#8876,#8877);
#8876 = CARTESIAN_POINT('',(6.28318530718,-0.));
#8877 = VECTOR('',#8878,1.);
#8878 = DIRECTION('',(0.,1.));
#8879 = ( GEOMETRIC_REPRESENTATION_CONTEXT(2) 
PARAMETRIC_REPRESENTATION_CONTEXT() REPRESENTATION_CONTEXT('2D SPACE',''
  ) );
#8880 = PCURVE('',#6044,#8881);
#8881 = DEFINITIONAL_REPRESENTATION('',(#8882),#8886);
#8882 = LINE('',#8883,#8884);
#8883 = CARTESIAN_POINT('',(0.,-0.));
#8884 = VECTOR('',#8885,1.);
#8885 = DIRECTION('',(0.,1.));
#8886 = ( GEOMETRIC_REPRESENTATION_CONTEXT(2) 
PARAMETRIC_REPRESENTATION_CONTEXT() REPRESENTATION_CONTEXT('2D SPACE',''
  ) );
#8887 = ORIENTED_EDGE('',*,*,#8888,.T.);
#8888 = EDGE_CURVE('',#8866,#8866,#8889,.T.);
#8889 = SURFACE_CURVE('',#8890,(#8895,#8902),.PCURVE_S1.);
#8890 = CIRCLE('',#8891,0.45);
#8891 = AXIS2_PLACEMENT_3D('',#8892,#8893,#8894);
#8892 = CARTESIAN_POINT('',(4.8,-21.4,11.5));
#8893 = DIRECTION('',(0.,0.,1.));
#8894 = DIRECTION('',(1.,0.,-0.));
#8895 = PCURVE('',#6044,#8896);
#8896 = DEFINITIONAL_REPRESENTATION('',(#8897),#8901);
#8897 = LINE('',#8898,#8899);
#8898 = CARTESIAN_POINT('',(0.,0.2));
#8899 = VECTOR('',#8900,1.);
#8900 = DIRECTION('',(1.,0.));
#8901 = ( GEOMETRIC_REPRESENTATION_CONTEXT(2) 
PARAMETRIC_REPRESENTATION_CONTEXT() REPRESENTATION_CONTEXT('2D SPACE',''
  ) );
#8902 = PCURVE('',#6948,#8903);
#8903 = DEFINITIONAL_REPRESENTATION('',(#8904),#8908);
#8904 = CIRCLE('',#8905,0.45);
#8905 = AXIS2_PLACEMENT_2D('',#8906,#8907);
#8906 = CARTESIAN_POINT('',(4.800000018027,-21.4));
#8907 = DIRECTION('',(1.,0.));
#8908 = ( GEOMETRIC_REPRESENTATION_CONTEXT(2) 
PARAMETRIC_REPRESENTATION_CONTEXT() REPRESENTATION_CONTEXT('2D SPACE',''
  ) );
#8909 = ORIENTED_EDGE('',*,*,#8865,.T.);
#8910 = ADVANCED_FACE('',(#8911),#6075,.F.);
#8911 = FACE_BOUND('',#8912,.F.);
#8912 = EDGE_LOOP('',(#8913,#8914,#8937,#8959));
#8913 = ORIENTED_EDGE('',*,*,#6058,.F.);
#8914 = ORIENTED_EDGE('',*,*,#8915,.F.);
#8915 = EDGE_CURVE('',#8916,#6059,#8918,.T.);
#8916 = VERTEX_POINT('',#8917);
#8917 = CARTESIAN_POINT('',(6.85,-24.6,11.5));
#8918 = SEAM_CURVE('',#8919,(#8923,#8930),.PCURVE_S1.);
#8919 = LINE('',#8920,#8921);
#8920 = CARTESIAN_POINT('',(6.85,-24.6,11.3));
#8921 = VECTOR('',#8922,1.);
#8922 = DIRECTION('',(0.,0.,1.));
#8923 = PCURVE('',#6075,#8924);
#8924 = DEFINITIONAL_REPRESENTATION('',(#8925),#8929);
#8925 = LINE('',#8926,#8927);
#8926 = CARTESIAN_POINT('',(6.28318530718,-0.));
#8927 = VECTOR('',#8928,1.);
#8928 = DIRECTION('',(0.,1.));
#8929 = ( GEOMETRIC_REPRESENTATION_CONTEXT(2) 
PARAMETRIC_REPRESENTATION_CONTEXT() REPRESENTATION_CONTEXT('2D SPACE',''
  ) );
#8930 = PCURVE('',#6075,#8931);
#8931 = DEFINITIONAL_REPRESENTATION('',(#8932),#8936);
#8932 = LINE('',#8933,#8934);
#8933 = CARTESIAN_POINT('',(0.,-0.));
#8934 = VECTOR('',#8935,1.);
#8935 = DIRECTION('',(0.,1.));
#8936 = ( GEOMETRIC_REPRESENTATION_CONTEXT(2) 
PARAMETRIC_REPRESENTATION_CONTEXT() REPRESENTATION_CONTEXT('2D SPACE',''
  ) );
#8937 = ORIENTED_EDGE('',*,*,#8938,.T.);
#8938 = EDGE_CURVE('',#8916,#8916,#8939,.T.);
#8939 = SURFACE_CURVE('',#8940,(#8945,#8952),.PCURVE_S1.);
#8940 = CIRCLE('',#8941,0.45);
#8941 = AXIS2_PLACEMENT_3D('',#8942,#8943,#8944);
#8942 = CARTESIAN_POINT('',(6.4,-24.6,11.5));
#8943 = DIRECTION('',(0.,0.,1.));
#8944 = DIRECTION('',(1.,0.,-0.));
#8945 = PCURVE('',#6075,#8946);
#8946 = DEFINITIONAL_REPRESENTATION('',(#8947),#8951);
#8947 = LINE('',#8948,#8949);
#8948 = CARTESIAN_POINT('',(0.,0.2));
#8949 = VECTOR('',#8950,1.);
#8950 = DIRECTION('',(1.,0.));
#8951 = ( GEOMETRIC_REPRESENTATION_CONTEXT(2) 
PARAMETRIC_REPRESENTATION_CONTEXT() REPRESENTATION_CONTEXT('2D SPACE',''
  ) );
#8952 = PCURVE('',#6948,#8953);
#8953 = DEFINITIONAL_REPRESENTATION('',(#8954),#8958);
#8954 = CIRCLE('',#8955,0.45);
#8955 = AXIS2_PLACEMENT_2D('',#8956,#8957);
#8956 = CARTESIAN_POINT('',(6.400000018027,-24.6));
#8957 = DIRECTION('',(1.,0.));
#8958 = ( GEOMETRIC_REPRESENTATION_CONTEXT(2) 
PARAMETRIC_REPRESENTATION_CONTEXT() REPRESENTATION_CONTEXT('2D SPACE',''
  ) );
#8959 = ORIENTED_EDGE('',*,*,#8915,.T.);
#8960 = ADVANCED_FACE('',(#8961),#6106,.F.);
#8961 = FACE_BOUND('',#8962,.F.);
#8962 = EDGE_LOOP('',(#8963,#8964,#8987,#9009));
#8963 = ORIENTED_EDGE('',*,*,#6089,.F.);
#8964 = ORIENTED_EDGE('',*,*,#8965,.F.);
#8965 = EDGE_CURVE('',#8966,#6090,#8968,.T.);
#8966 = VERTEX_POINT('',#8967);
#8967 = CARTESIAN_POINT('',(6.85,-23.,11.5));
#8968 = SEAM_CURVE('',#8969,(#8973,#8980),.PCURVE_S1.);
#8969 = LINE('',#8970,#8971);
#8970 = CARTESIAN_POINT('',(6.85,-23.,11.3));
#8971 = VECTOR('',#8972,1.);
#8972 = DIRECTION('',(0.,0.,1.));
#8973 = PCURVE('',#6106,#8974);
#8974 = DEFINITIONAL_REPRESENTATION('',(#8975),#8979);
#8975 = LINE('',#8976,#8977);
#8976 = CARTESIAN_POINT('',(6.28318530718,-0.));
#8977 = VECTOR('',#8978,1.);
#8978 = DIRECTION('',(0.,1.));
#8979 = ( GEOMETRIC_REPRESENTATION_CONTEXT(2) 
PARAMETRIC_REPRESENTATION_CONTEXT() REPRESENTATION_CONTEXT('2D SPACE',''
  ) );
#8980 = PCURVE('',#6106,#8981);
#8981 = DEFINITIONAL_REPRESENTATION('',(#8982),#8986);
#8982 = LINE('',#8983,#8984);
#8983 = CARTESIAN_POINT('',(0.,-0.));
#8984 = VECTOR('',#8985,1.);
#8985 = DIRECTION('',(0.,1.));
#8986 = ( GEOMETRIC_REPRESENTATION_CONTEXT(2) 
PARAMETRIC_REPRESENTATION_CONTEXT() REPRESENTATION_CONTEXT('2D SPACE',''
  ) );
#8987 = ORIENTED_EDGE('',*,*,#8988,.T.);
#8988 = EDGE_CURVE('',#8966,#8966,#8989,.T.);
#8989 = SURFACE_CURVE('',#8990,(#8995,#9002),.PCURVE_S1.);
#8990 = CIRCLE('',#8991,0.45);
#8991 = AXIS2_PLACEMENT_3D('',#8992,#8993,#8994);
#8992 = CARTESIAN_POINT('',(6.4,-23.,11.5));
#8993 = DIRECTION('',(0.,0.,1.));
#8994 = DIRECTION('',(1.,0.,-0.));
#8995 = PCURVE('',#6106,#8996);
#8996 = DEFINITIONAL_REPRESENTATION('',(#8997),#9001);
#8997 = LINE('',#8998,#8999);
#8998 = CARTESIAN_POINT('',(0.,0.2));
#8999 = VECTOR('',#9000,1.);
#9000 = DIRECTION('',(1.,0.));
#9001 = ( GEOMETRIC_REPRESENTATION_CONTEXT(2) 
PARAMETRIC_REPRESENTATION_CONTEXT() REPRESENTATION_CONTEXT('2D SPACE',''
  ) );
#9002 = PCURVE('',#6948,#9003);
#9003 = DEFINITIONAL_REPRESENTATION('',(#9004),#9008);
#9004 = CIRCLE('',#9005,0.45);
#9005 = AXIS2_PLACEMENT_2D('',#9006,#9007);
#9006 = CARTESIAN_POINT('',(6.400000018027,-23.));
#9007 = DIRECTION('',(1.,0.));
#9008 = ( GEOMETRIC_REPRESENTATION_CONTEXT(2) 
PARAMETRIC_REPRESENTATION_CONTEXT() REPRESENTATION_CONTEXT('2D SPACE',''
  ) );
#9009 = ORIENTED_EDGE('',*,*,#8965,.T.);
#9010 = ADVANCED_FACE('',(#9011),#6137,.F.);
#9011 = FACE_BOUND('',#9012,.F.);
#9012 = EDGE_LOOP('',(#9013,#9014,#9037,#9059));
#9013 = ORIENTED_EDGE('',*,*,#6120,.F.);
#9014 = ORIENTED_EDGE('',*,*,#9015,.F.);
#9015 = EDGE_CURVE('',#9016,#6121,#9018,.T.);
#9016 = VERTEX_POINT('',#9017);
#9017 = CARTESIAN_POINT('',(6.85,-21.4,11.5));
#9018 = SEAM_CURVE('',#9019,(#9023,#9030),.PCURVE_S1.);
#9019 = LINE('',#9020,#9021);
#9020 = CARTESIAN_POINT('',(6.85,-21.4,11.3));
#9021 = VECTOR('',#9022,1.);
#9022 = DIRECTION('',(0.,0.,1.));
#9023 = PCURVE('',#6137,#9024);
#9024 = DEFINITIONAL_REPRESENTATION('',(#9025),#9029);
#9025 = LINE('',#9026,#9027);
#9026 = CARTESIAN_POINT('',(6.28318530718,-0.));
#9027 = VECTOR('',#9028,1.);
#9028 = DIRECTION('',(0.,1.));
#9029 = ( GEOMETRIC_REPRESENTATION_CONTEXT(2) 
PARAMETRIC_REPRESENTATION_CONTEXT() REPRESENTATION_CONTEXT('2D SPACE',''
  ) );
#9030 = PCURVE('',#6137,#9031);
#9031 = DEFINITIONAL_REPRESENTATION('',(#9032),#9036);
#9032 = LINE('',#9033,#9034);
#9033 = CARTESIAN_POINT('',(0.,-0.));
#9034 = VECTOR('',#9035,1.);
#9035 = DIRECTION('',(0.,1.));
#9036 = ( GEOMETRIC_REPRESENTATION_CONTEXT(2) 
PARAMETRIC_REPRESENTATION_CONTEXT() REPRESENTATION_CONTEXT('2D SPACE',''
  ) );
#9037 = ORIENTED_EDGE('',*,*,#9038,.T.);
#9038 = EDGE_CURVE('',#9016,#9016,#9039,.T.);
#9039 = SURFACE_CURVE('',#9040,(#9045,#9052),.PCURVE_S1.);
#9040 = CIRCLE('',#9041,0.45);
#9041 = AXIS2_PLACEMENT_3D('',#9042,#9043,#9044);
#9042 = CARTESIAN_POINT('',(6.4,-21.4,11.5));
#9043 = DIRECTION('',(0.,0.,1.));
#9044 = DIRECTION('',(1.,0.,-0.));
#9045 = PCURVE('',#6137,#9046);
#9046 = DEFINITIONAL_REPRESENTATION('',(#9047),#9051);
#9047 = LINE('',#9048,#9049);
#9048 = CARTESIAN_POINT('',(0.,0.2));
#9049 = VECTOR('',#9050,1.);
#9050 = DIRECTION('',(1.,0.));
#9051 = ( GEOMETRIC_REPRESENTATION_CONTEXT(2) 
PARAMETRIC_REPRESENTATION_CONTEXT() REPRESENTATION_CONTEXT('2D SPACE',''
  ) );
#9052 = PCURVE('',#6948,#9053);
#9053 = DEFINITIONAL_REPRESENTATION('',(#9054),#9058);
#9054 = CIRCLE('',#9055,0.45);
#9055 = AXIS2_PLACEMENT_2D('',#9056,#9057);
#9056 = CARTESIAN_POINT('',(6.400000018027,-21.4));
#9057 = DIRECTION('',(1.,0.));
#9058 = ( GEOMETRIC_REPRESENTATION_CONTEXT(2) 
PARAMETRIC_REPRESENTATION_CONTEXT() REPRESENTATION_CONTEXT('2D SPACE',''
  ) );
#9059 = ORIENTED_EDGE('',*,*,#9015,.T.);
#9060 = ADVANCED_FACE('',(#9061),#6168,.F.);
#9061 = FACE_BOUND('',#9062,.F.);
#9062 = EDGE_LOOP('',(#9063,#9064,#9087,#9109));
#9063 = ORIENTED_EDGE('',*,*,#6151,.F.);
#9064 = ORIENTED_EDGE('',*,*,#9065,.F.);
#9065 = EDGE_CURVE('',#9066,#6152,#9068,.T.);
#9066 = VERTEX_POINT('',#9067);
#9067 = CARTESIAN_POINT('',(5.25,-19.8,11.5));
#9068 = SEAM_CURVE('',#9069,(#9073,#9080),.PCURVE_S1.);
#9069 = LINE('',#9070,#9071);
#9070 = CARTESIAN_POINT('',(5.25,-19.8,11.3));
#9071 = VECTOR('',#9072,1.);
#9072 = DIRECTION('',(0.,0.,1.));
#9073 = PCURVE('',#6168,#9074);
#9074 = DEFINITIONAL_REPRESENTATION('',(#9075),#9079);
#9075 = LINE('',#9076,#9077);
#9076 = CARTESIAN_POINT('',(6.28318530718,-0.));
#9077 = VECTOR('',#9078,1.);
#9078 = DIRECTION('',(0.,1.));
#9079 = ( GEOMETRIC_REPRESENTATION_CONTEXT(2) 
PARAMETRIC_REPRESENTATION_CONTEXT() REPRESENTATION_CONTEXT('2D SPACE',''
  ) );
#9080 = PCURVE('',#6168,#9081);
#9081 = DEFINITIONAL_REPRESENTATION('',(#9082),#9086);
#9082 = LINE('',#9083,#9084);
#9083 = CARTESIAN_POINT('',(0.,-0.));
#9084 = VECTOR('',#9085,1.);
#9085 = DIRECTION('',(0.,1.));
#9086 = ( GEOMETRIC_REPRESENTATION_CONTEXT(2) 
PARAMETRIC_REPRESENTATION_CONTEXT() REPRESENTATION_CONTEXT('2D SPACE',''
  ) );
#9087 = ORIENTED_EDGE('',*,*,#9088,.T.);
#9088 = EDGE_CURVE('',#9066,#9066,#9089,.T.);
#9089 = SURFACE_CURVE('',#9090,(#9095,#9102),.PCURVE_S1.);
#9090 = CIRCLE('',#9091,0.45);
#9091 = AXIS2_PLACEMENT_3D('',#9092,#9093,#9094);
#9092 = CARTESIAN_POINT('',(4.8,-19.8,11.5));
#9093 = DIRECTION('',(0.,0.,1.));
#9094 = DIRECTION('',(1.,0.,-0.));
#9095 = PCURVE('',#6168,#9096);
#9096 = DEFINITIONAL_REPRESENTATION('',(#9097),#9101);
#9097 = LINE('',#9098,#9099);
#9098 = CARTESIAN_POINT('',(0.,0.2));
#9099 = VECTOR('',#9100,1.);
#9100 = DIRECTION('',(1.,0.));
#9101 = ( GEOMETRIC_REPRESENTATION_CONTEXT(2) 
PARAMETRIC_REPRESENTATION_CONTEXT() REPRESENTATION_CONTEXT('2D SPACE',''
  ) );
#9102 = PCURVE('',#6948,#9103);
#9103 = DEFINITIONAL_REPRESENTATION('',(#9104),#9108);
#9104 = CIRCLE('',#9105,0.45);
#9105 = AXIS2_PLACEMENT_2D('',#9106,#9107);
#9106 = CARTESIAN_POINT('',(4.800000018027,-19.8));
#9107 = DIRECTION('',(1.,0.));
#9108 = ( GEOMETRIC_REPRESENTATION_CONTEXT(2) 
PARAMETRIC_REPRESENTATION_CONTEXT() REPRESENTATION_CONTEXT('2D SPACE',''
  ) );
#9109 = ORIENTED_EDGE('',*,*,#9065,.T.);
#9110 = ADVANCED_FACE('',(#9111),#6199,.F.);
#9111 = FACE_BOUND('',#9112,.F.);
#9112 = EDGE_LOOP('',(#9113,#9114,#9137,#9159));
#9113 = ORIENTED_EDGE('',*,*,#6182,.F.);
#9114 = ORIENTED_EDGE('',*,*,#9115,.F.);
#9115 = EDGE_CURVE('',#9116,#6183,#9118,.T.);
#9116 = VERTEX_POINT('',#9117);
#9117 = CARTESIAN_POINT('',(6.85,-19.8,11.5));
#9118 = SEAM_CURVE('',#9119,(#9123,#9130),.PCURVE_S1.);
#9119 = LINE('',#9120,#9121);
#9120 = CARTESIAN_POINT('',(6.85,-19.8,11.3));
#9121 = VECTOR('',#9122,1.);
#9122 = DIRECTION('',(0.,0.,1.));
#9123 = PCURVE('',#6199,#9124);
#9124 = DEFINITIONAL_REPRESENTATION('',(#9125),#9129);
#9125 = LINE('',#9126,#9127);
#9126 = CARTESIAN_POINT('',(6.28318530718,-0.));
#9127 = VECTOR('',#9128,1.);
#9128 = DIRECTION('',(0.,1.));
#9129 = ( GEOMETRIC_REPRESENTATION_CONTEXT(2) 
PARAMETRIC_REPRESENTATION_CONTEXT() REPRESENTATION_CONTEXT('2D SPACE',''
  ) );
#9130 = PCURVE('',#6199,#9131);
#9131 = DEFINITIONAL_REPRESENTATION('',(#9132),#9136);
#9132 = LINE('',#9133,#9134);
#9133 = CARTESIAN_POINT('',(0.,-0.));
#9134 = VECTOR('',#9135,1.);
#9135 = DIRECTION('',(0.,1.));
#9136 = ( GEOMETRIC_REPRESENTATION_CONTEXT(2) 
PARAMETRIC_REPRESENTATION_CONTEXT() REPRESENTATION_CONTEXT('2D SPACE',''
  ) );
#9137 = ORIENTED_EDGE('',*,*,#9138,.T.);
#9138 = EDGE_CURVE('',#9116,#9116,#9139,.T.);
#9139 = SURFACE_CURVE('',#9140,(#9145,#9152),.PCURVE_S1.);
#9140 = CIRCLE('',#9141,0.45);
#9141 = AXIS2_PLACEMENT_3D('',#9142,#9143,#9144);
#9142 = CARTESIAN_POINT('',(6.4,-19.8,11.5));
#9143 = DIRECTION('',(0.,0.,1.));
#9144 = DIRECTION('',(1.,0.,-0.));
#9145 = PCURVE('',#6199,#9146);
#9146 = DEFINITIONAL_REPRESENTATION('',(#9147),#9151);
#9147 = LINE('',#9148,#9149);
#9148 = CARTESIAN_POINT('',(0.,0.2));
#9149 = VECTOR('',#9150,1.);
#9150 = DIRECTION('',(1.,0.));
#9151 = ( GEOMETRIC_REPRESENTATION_CONTEXT(2) 
PARAMETRIC_REPRESENTATION_CONTEXT() REPRESENTATION_CONTEXT('2D SPACE',''
  ) );
#9152 = PCURVE('',#6948,#9153);
#9153 = DEFINITIONAL_REPRESENTATION('',(#9154),#9158);
#9154 = CIRCLE('',#9155,0.45);
#9155 = AXIS2_PLACEMENT_2D('',#9156,#9157);
#9156 = CARTESIAN_POINT('',(6.400000018027,-19.8));
#9157 = DIRECTION('',(1.,0.));
#9158 = ( GEOMETRIC_REPRESENTATION_CONTEXT(2) 
PARAMETRIC_REPRESENTATION_CONTEXT() REPRESENTATION_CONTEXT('2D SPACE',''
  ) );
#9159 = ORIENTED_EDGE('',*,*,#9115,.T.);
#9160 = ADVANCED_FACE('',(#9161),#6230,.F.);
#9161 = FACE_BOUND('',#9162,.F.);
#9162 = EDGE_LOOP('',(#9163,#9164,#9187,#9214));
#9163 = ORIENTED_EDGE('',*,*,#6213,.F.);
#9164 = ORIENTED_EDGE('',*,*,#9165,.F.);
#9165 = EDGE_CURVE('',#9166,#6214,#9168,.T.);
#9166 = VERTEX_POINT('',#9167);
#9167 = CARTESIAN_POINT('',(13.65,-31.5,12.25));
#9168 = SEAM_CURVE('',#9169,(#9173,#9180),.PCURVE_S1.);
#9169 = LINE('',#9170,#9171);
#9170 = CARTESIAN_POINT('',(13.65,-31.5,12.25));
#9171 = VECTOR('',#9172,1.);
#9172 = DIRECTION('',(0.,0.,1.));
#9173 = PCURVE('',#6230,#9174);
#9174 = DEFINITIONAL_REPRESENTATION('',(#9175),#9179);
#9175 = LINE('',#9176,#9177);
#9176 = CARTESIAN_POINT('',(6.28318530718,-0.));
#9177 = VECTOR('',#9178,1.);
#9178 = DIRECTION('',(0.,1.));
#9179 = ( GEOMETRIC_REPRESENTATION_CONTEXT(2) 
PARAMETRIC_REPRESENTATION_CONTEXT() REPRESENTATION_CONTEXT('2D SPACE',''
  ) );
#9180 = PCURVE('',#6230,#9181);
#9181 = DEFINITIONAL_REPRESENTATION('',(#9182),#9186);
#9182 = LINE('',#9183,#9184);
#9183 = CARTESIAN_POINT('',(0.,-0.));
#9184 = VECTOR('',#9185,1.);
#9185 = DIRECTION('',(0.,1.));
#9186 = ( GEOMETRIC_REPRESENTATION_CONTEXT(2) 
PARAMETRIC_REPRESENTATION_CONTEXT() REPRESENTATION_CONTEXT('2D SPACE',''
  ) );
#9187 = ORIENTED_EDGE('',*,*,#9188,.T.);
#9188 = EDGE_CURVE('',#9166,#9166,#9189,.T.);
#9189 = SURFACE_CURVE('',#9190,(#9195,#9202),.PCURVE_S1.);
#9190 = CIRCLE('',#9191,1.85);
#9191 = AXIS2_PLACEMENT_3D('',#9192,#9193,#9194);
#9192 = CARTESIAN_POINT('',(11.8,-31.5,12.25));
#9193 = DIRECTION('',(0.,0.,1.));
#9194 = DIRECTION('',(1.,0.,-0.));
#9195 = PCURVE('',#6230,#9196);
#9196 = DEFINITIONAL_REPRESENTATION('',(#9197),#9201);
#9197 = LINE('',#9198,#9199);
#9198 = CARTESIAN_POINT('',(0.,0.));
#9199 = VECTOR('',#9200,1.);
#9200 = DIRECTION('',(1.,0.));
#9201 = ( GEOMETRIC_REPRESENTATION_CONTEXT(2) 
PARAMETRIC_REPRESENTATION_CONTEXT() REPRESENTATION_CONTEXT('2D SPACE',''
  ) );
#9202 = PCURVE('',#9203,#9208);
#9203 = PLANE('',#9204);
#9204 = AXIS2_PLACEMENT_3D('',#9205,#9206,#9207);
#9205 = CARTESIAN_POINT('',(11.8,-31.5,12.25));
#9206 = DIRECTION('',(0.,0.,1.));
#9207 = DIRECTION('',(1.,0.,-0.));
#9208 = DEFINITIONAL_REPRESENTATION('',(#9209),#9213);
#9209 = CIRCLE('',#9210,1.85);
#9210 = AXIS2_PLACEMENT_2D('',#9211,#9212);
#9211 = CARTESIAN_POINT('',(0.,0.));
#9212 = DIRECTION('',(1.,0.));
#9213 = ( GEOMETRIC_REPRESENTATION_CONTEXT(2) 
PARAMETRIC_REPRESENTATION_CONTEXT() REPRESENTATION_CONTEXT('2D SPACE',''
  ) );
#9214 = ORIENTED_EDGE('',*,*,#9165,.T.);
#9215 = ADVANCED_FACE('',(#9216),#6261,.F.);
#9216 = FACE_BOUND('',#9217,.F.);
#9217 = EDGE_LOOP('',(#9218,#9219,#9242,#9269));
#9218 = ORIENTED_EDGE('',*,*,#6244,.F.);
#9219 = ORIENTED_EDGE('',*,*,#9220,.F.);
#9220 = EDGE_CURVE('',#9221,#6245,#9223,.T.);
#9221 = VERTEX_POINT('',#9222);
#9222 = CARTESIAN_POINT('',(-9.95,31.5,12.25));
#9223 = SEAM_CURVE('',#9224,(#9228,#9235),.PCURVE_S1.);
#9224 = LINE('',#9225,#9226);
#9225 = CARTESIAN_POINT('',(-9.95,31.5,12.25));
#9226 = VECTOR('',#9227,1.);
#9227 = DIRECTION('',(0.,0.,1.));
#9228 = PCURVE('',#6261,#9229);
#9229 = DEFINITIONAL_REPRESENTATION('',(#9230),#9234);
#9230 = LINE('',#9231,#9232);
#9231 = CARTESIAN_POINT('',(6.28318530718,-0.));
#9232 = VECTOR('',#9233,1.);
#9233 = DIRECTION('',(0.,1.));
#9234 = ( GEOMETRIC_REPRESENTATION_CONTEXT(2) 
PARAMETRIC_REPRESENTATION_CONTEXT() REPRESENTATION_CONTEXT('2D SPACE',''
  ) );
#9235 = PCURVE('',#6261,#9236);
#9236 = DEFINITIONAL_REPRESENTATION('',(#9237),#9241);
#9237 = LINE('',#9238,#9239);
#9238 = CARTESIAN_POINT('',(0.,-0.));
#9239 = VECTOR('',#9240,1.);
#9240 = DIRECTION('',(0.,1.));
#9241 = ( GEOMETRIC_REPRESENTATION_CONTEXT(2) 
PARAMETRIC_REPRESENTATION_CONTEXT() REPRESENTATION_CONTEXT('2D SPACE',''
  ) );
#9242 = ORIENTED_EDGE('',*,*,#9243,.T.);
#9243 = EDGE_CURVE('',#9221,#9221,#9244,.T.);
#9244 = SURFACE_CURVE('',#9245,(#9250,#9257),.PCURVE_S1.);
#9245 = CIRCLE('',#9246,1.85);
#9246 = AXIS2_PLACEMENT_3D('',#9247,#9248,#9249);
#9247 = CARTESIAN_POINT('',(-11.8,31.5,12.25));
#9248 = DIRECTION('',(0.,0.,1.));
#9249 = DIRECTION('',(1.,0.,-0.));
#9250 = PCURVE('',#6261,#9251);
#9251 = DEFINITIONAL_REPRESENTATION('',(#9252),#9256);
#9252 = LINE('',#9253,#9254);
#9253 = CARTESIAN_POINT('',(0.,0.));
#9254 = VECTOR('',#9255,1.);
#9255 = DIRECTION('',(1.,0.));
#9256 = ( GEOMETRIC_REPRESENTATION_CONTEXT(2) 
PARAMETRIC_REPRESENTATION_CONTEXT() REPRESENTATION_CONTEXT('2D SPACE',''
  ) );
#9257 = PCURVE('',#9258,#9263);
#9258 = PLANE('',#9259);
#9259 = AXIS2_PLACEMENT_3D('',#9260,#9261,#9262);
#9260 = CARTESIAN_POINT('',(-11.8,31.5,12.25));
#9261 = DIRECTION('',(0.,0.,1.));
#9262 = DIRECTION('',(1.,0.,-0.));
#9263 = DEFINITIONAL_REPRESENTATION('',(#9264),#9268);
#9264 = CIRCLE('',#9265,1.85);
#9265 = AXIS2_PLACEMENT_2D('',#9266,#9267);
#9266 = CARTESIAN_POINT('',(0.,0.));
#9267 = DIRECTION('',(1.,0.));
#9268 = ( GEOMETRIC_REPRESENTATION_CONTEXT(2) 
PARAMETRIC_REPRESENTATION_CONTEXT() REPRESENTATION_CONTEXT('2D SPACE',''
  ) );
#9269 = ORIENTED_EDGE('',*,*,#9220,.T.);
#9270 = ADVANCED_FACE('',(#9271),#6292,.F.);
#9271 = FACE_BOUND('',#9272,.F.);
#9272 = EDGE_LOOP('',(#9273,#9274,#9297,#9324));
#9273 = ORIENTED_EDGE('',*,*,#6275,.F.);
#9274 = ORIENTED_EDGE('',*,*,#9275,.F.);
#9275 = EDGE_CURVE('',#9276,#6276,#9278,.T.);
#9276 = VERTEX_POINT('',#9277);
#9277 = CARTESIAN_POINT('',(6.6,14.,10.6));
#9278 = SEAM_CURVE('',#9279,(#9283,#9290),.PCURVE_S1.);
#9279 = LINE('',#9280,#9281);
#9280 = CARTESIAN_POINT('',(6.6,14.,10.5));
#9281 = VECTOR('',#9282,1.);
#9282 = DIRECTION('',(0.,0.,1.));
#9283 = PCURVE('',#6292,#9284);
#9284 = DEFINITIONAL_REPRESENTATION('',(#9285),#9289);
#9285 = LINE('',#9286,#9287);
#9286 = CARTESIAN_POINT('',(6.28318530718,-0.));
#9287 = VECTOR('',#9288,1.);
#9288 = DIRECTION('',(0.,1.));
#9289 = ( GEOMETRIC_REPRESENTATION_CONTEXT(2) 
PARAMETRIC_REPRESENTATION_CONTEXT() REPRESENTATION_CONTEXT('2D SPACE',''
  ) );
#9290 = PCURVE('',#6292,#9291);
#9291 = DEFINITIONAL_REPRESENTATION('',(#9292),#9296);
#9292 = LINE('',#9293,#9294);
#9293 = CARTESIAN_POINT('',(0.,-0.));
#9294 = VECTOR('',#9295,1.);
#9295 = DIRECTION('',(0.,1.));
#9296 = ( GEOMETRIC_REPRESENTATION_CONTEXT(2) 
PARAMETRIC_REPRESENTATION_CONTEXT() REPRESENTATION_CONTEXT('2D SPACE',''
  ) );
#9297 = ORIENTED_EDGE('',*,*,#9298,.T.);
#9298 = EDGE_CURVE('',#9276,#9276,#9299,.T.);
#9299 = SURFACE_CURVE('',#9300,(#9305,#9312),.PCURVE_S1.);
#9300 = CIRCLE('',#9301,0.6);
#9301 = AXIS2_PLACEMENT_3D('',#9302,#9303,#9304);
#9302 = CARTESIAN_POINT('',(6.,14.,10.6));
#9303 = DIRECTION('',(0.,0.,1.));
#9304 = DIRECTION('',(1.,0.,-0.));
#9305 = PCURVE('',#6292,#9306);
#9306 = DEFINITIONAL_REPRESENTATION('',(#9307),#9311);
#9307 = LINE('',#9308,#9309);
#9308 = CARTESIAN_POINT('',(0.,1.E-01));
#9309 = VECTOR('',#9310,1.);
#9310 = DIRECTION('',(1.,0.));
#9311 = ( GEOMETRIC_REPRESENTATION_CONTEXT(2) 
PARAMETRIC_REPRESENTATION_CONTEXT() REPRESENTATION_CONTEXT('2D SPACE',''
  ) );
#9312 = PCURVE('',#9313,#9318);
#9313 = PLANE('',#9314);
#9314 = AXIS2_PLACEMENT_3D('',#9315,#9316,#9317);
#9315 = CARTESIAN_POINT('',(6.,14.,10.6));
#9316 = DIRECTION('',(0.,0.,1.));
#9317 = DIRECTION('',(1.,0.,-0.));
#9318 = DEFINITIONAL_REPRESENTATION('',(#9319),#9323);
#9319 = CIRCLE('',#9320,0.6);
#9320 = AXIS2_PLACEMENT_2D('',#9321,#9322);
#9321 = CARTESIAN_POINT('',(0.,0.));
#9322 = DIRECTION('',(1.,0.));
#9323 = ( GEOMETRIC_REPRESENTATION_CONTEXT(2) 
PARAMETRIC_REPRESENTATION_CONTEXT() REPRESENTATION_CONTEXT('2D SPACE',''
  ) );
#9324 = ORIENTED_EDGE('',*,*,#9275,.T.);
#9325 = ADVANCED_FACE('',(#9326),#6323,.F.);
#9326 = FACE_BOUND('',#9327,.F.);
#9327 = EDGE_LOOP('',(#9328,#9329,#9352,#9379));
#9328 = ORIENTED_EDGE('',*,*,#6306,.F.);
#9329 = ORIENTED_EDGE('',*,*,#9330,.F.);
#9330 = EDGE_CURVE('',#9331,#6307,#9333,.T.);
#9331 = VERTEX_POINT('',#9332);
#9332 = CARTESIAN_POINT('',(13.65,31.5,12.25));
#9333 = SEAM_CURVE('',#9334,(#9338,#9345),.PCURVE_S1.);
#9334 = LINE('',#9335,#9336);
#9335 = CARTESIAN_POINT('',(13.65,31.5,12.25));
#9336 = VECTOR('',#9337,1.);
#9337 = DIRECTION('',(0.,0.,1.));
#9338 = PCURVE('',#6323,#9339);
#9339 = DEFINITIONAL_REPRESENTATION('',(#9340),#9344);
#9340 = LINE('',#9341,#9342);
#9341 = CARTESIAN_POINT('',(6.28318530718,-0.));
#9342 = VECTOR('',#9343,1.);
#9343 = DIRECTION('',(0.,1.));
#9344 = ( GEOMETRIC_REPRESENTATION_CONTEXT(2) 
PARAMETRIC_REPRESENTATION_CONTEXT() REPRESENTATION_CONTEXT('2D SPACE',''
  ) );
#9345 = PCURVE('',#6323,#9346);
#9346 = DEFINITIONAL_REPRESENTATION('',(#9347),#9351);
#9347 = LINE('',#9348,#9349);
#9348 = CARTESIAN_POINT('',(0.,-0.));
#9349 = VECTOR('',#9350,1.);
#9350 = DIRECTION('',(0.,1.));
#9351 = ( GEOMETRIC_REPRESENTATION_CONTEXT(2) 
PARAMETRIC_REPRESENTATION_CONTEXT() REPRESENTATION_CONTEXT('2D SPACE',''
  ) );
#9352 = ORIENTED_EDGE('',*,*,#9353,.T.);
#9353 = EDGE_CURVE('',#9331,#9331,#9354,.T.);
#9354 = SURFACE_CURVE('',#9355,(#9360,#9367),.PCURVE_S1.);
#9355 = CIRCLE('',#9356,1.85);
#9356 = AXIS2_PLACEMENT_3D('',#9357,#9358,#9359);
#9357 = CARTESIAN_POINT('',(11.8,31.5,12.25));
#9358 = DIRECTION('',(0.,0.,1.));
#9359 = DIRECTION('',(1.,0.,-0.));
#9360 = PCURVE('',#6323,#9361);
#9361 = DEFINITIONAL_REPRESENTATION('',(#9362),#9366);
#9362 = LINE('',#9363,#9364);
#9363 = CARTESIAN_POINT('',(0.,0.));
#9364 = VECTOR('',#9365,1.);
#9365 = DIRECTION('',(1.,0.));
#9366 = ( GEOMETRIC_REPRESENTATION_CONTEXT(2) 
PARAMETRIC_REPRESENTATION_CONTEXT() REPRESENTATION_CONTEXT('2D SPACE',''
  ) );
#9367 = PCURVE('',#9368,#9373);
#9368 = PLANE('',#9369);
#9369 = AXIS2_PLACEMENT_3D('',#9370,#9371,#9372);
#9370 = CARTESIAN_POINT('',(11.8,31.5,12.25));
#9371 = DIRECTION('',(0.,0.,1.));
#9372 = DIRECTION('',(1.,0.,-0.));
#9373 = DEFINITIONAL_REPRESENTATION('',(#9374),#9378);
#9374 = CIRCLE('',#9375,1.85);
#9375 = AXIS2_PLACEMENT_2D('',#9376,#9377);
#9376 = CARTESIAN_POINT('',(0.,0.));
#9377 = DIRECTION('',(1.,0.));
#9378 = ( GEOMETRIC_REPRESENTATION_CONTEXT(2) 
PARAMETRIC_REPRESENTATION_CONTEXT() REPRESENTATION_CONTEXT('2D SPACE',''
  ) );
#9379 = ORIENTED_EDGE('',*,*,#9330,.T.);
#9380 = ADVANCED_FACE('',(#9381,#9391),#6515,.F.);
#9381 = FACE_BOUND('',#9382,.F.);
#9382 = EDGE_LOOP('',(#9383,#9384,#9385,#9386,#9387,#9388,#9389,#9390));
#9383 = ORIENTED_EDGE('',*,*,#6830,.F.);
#9384 = ORIENTED_EDGE('',*,*,#6500,.T.);
#9385 = ORIENTED_EDGE('',*,*,#6555,.T.);
#9386 = ORIENTED_EDGE('',*,*,#6604,.T.);
#9387 = ORIENTED_EDGE('',*,*,#6654,.T.);
#9388 = ORIENTED_EDGE('',*,*,#6703,.T.);
#9389 = ORIENTED_EDGE('',*,*,#6753,.F.);
#9390 = ORIENTED_EDGE('',*,*,#6802,.T.);
#9391 = FACE_BOUND('',#9392,.F.);
#9392 = EDGE_LOOP('',(#9393,#9421,#9454,#9480,#9513,#9539,#9568,#9592,
    #9618,#9647,#9671,#9697,#9730,#9756,#9789,#9815,#9844,#9870));
#9393 = ORIENTED_EDGE('',*,*,#9394,.F.);
#9394 = EDGE_CURVE('',#9395,#9397,#9399,.T.);
#9395 = VERTEX_POINT('',#9396);
#9396 = CARTESIAN_POINT('',(-13.45,33.,9.9));
#9397 = VERTEX_POINT('',#9398);
#9398 = CARTESIAN_POINT('',(-13.45,32.955163221086,9.9));
#9399 = SURFACE_CURVE('',#9400,(#9404,#9410),.PCURVE_S1.);
#9400 = LINE('',#9401,#9402);
#9401 = CARTESIAN_POINT('',(-13.45,-16.5,9.9));
#9402 = VECTOR('',#9403,1.);
#9403 = DIRECTION('',(0.,-1.,0.));
#9404 = PCURVE('',#6515,#9405);
#9405 = DEFINITIONAL_REPRESENTATION('',(#9406),#9409);
#9406 = B_SPLINE_CURVE_WITH_KNOTS('',1,(#9407,#9408),.UNSPECIFIED.,.F.,
  .F.,(2,2),(-49.5,16.5),.PIECEWISE_BEZIER_KNOTS.);
#9407 = CARTESIAN_POINT('',(-13.44999999976,33.));
#9408 = CARTESIAN_POINT('',(-13.44999999976,-33.));
#9409 = ( GEOMETRIC_REPRESENTATION_CONTEXT(2) 
PARAMETRIC_REPRESENTATION_CONTEXT() REPRESENTATION_CONTEXT('2D SPACE',''
  ) );
#9410 = PCURVE('',#9411,#9416);
#9411 = PLANE('',#9412);
#9412 = AXIS2_PLACEMENT_3D('',#9413,#9414,#9415);
#9413 = CARTESIAN_POINT('',(-13.45,-33.,9.8));
#9414 = DIRECTION('',(-1.,0.,0.));
#9415 = DIRECTION('',(0.,1.,0.));
#9416 = DEFINITIONAL_REPRESENTATION('',(#9417),#9420);
#9417 = B_SPLINE_CURVE_WITH_KNOTS('',1,(#9418,#9419),.UNSPECIFIED.,.F.,
  .F.,(2,2),(-49.5,16.5),.PIECEWISE_BEZIER_KNOTS.);
#9418 = CARTESIAN_POINT('',(66.,-1.E-01));
#9419 = CARTESIAN_POINT('',(0.,-1.E-01));
#9420 = ( GEOMETRIC_REPRESENTATION_CONTEXT(2) 
PARAMETRIC_REPRESENTATION_CONTEXT() REPRESENTATION_CONTEXT('2D SPACE',''
  ) );
#9421 = ORIENTED_EDGE('',*,*,#9422,.T.);
#9422 = EDGE_CURVE('',#9395,#9423,#9425,.T.);
#9423 = VERTEX_POINT('',#9424);
#9424 = CARTESIAN_POINT('',(-11.,35.45,9.9));
#9425 = SURFACE_CURVE('',#9426,(#9431,#9442),.PCURVE_S1.);
#9426 = CIRCLE('',#9427,2.45);
#9427 = AXIS2_PLACEMENT_3D('',#9428,#9429,#9430);
#9428 = CARTESIAN_POINT('',(-11.,33.,9.9));
#9429 = DIRECTION('',(0.,0.,-1.));
#9430 = DIRECTION('',(1.,0.,0.));
#9431 = PCURVE('',#6515,#9432);
#9432 = DEFINITIONAL_REPRESENTATION('',(#9433),#9441);
#9433 = ( BOUNDED_CURVE() B_SPLINE_CURVE(2,(#9434,#9435,#9436,#9437,
#9438,#9439,#9440),.UNSPECIFIED.,.T.,.F.) B_SPLINE_CURVE_WITH_KNOTS((1,2
    ,2,2,2,1),(-2.094395102393,0.,2.094395102393,4.188790204786,
6.28318530718,8.377580409573),.UNSPECIFIED.) CURVE() 
GEOMETRIC_REPRESENTATION_ITEM() RATIONAL_B_SPLINE_CURVE((1.,0.5,1.,0.5,
1.,0.5,1.)) REPRESENTATION_ITEM('') );
#9434 = CARTESIAN_POINT('',(-8.549999999764,33.));
#9435 = CARTESIAN_POINT('',(-8.549999999764,28.756475521456));
#9436 = CARTESIAN_POINT('',(-12.22499999976,30.878237760728));
#9437 = CARTESIAN_POINT('',(-15.89999999976,33.));
#9438 = CARTESIAN_POINT('',(-12.22499999976,35.121762239272));
#9439 = CARTESIAN_POINT('',(-8.549999999764,37.243524478544));
#9440 = CARTESIAN_POINT('',(-8.549999999764,33.));
#9441 = ( GEOMETRIC_REPRESENTATION_CONTEXT(2) 
PARAMETRIC_REPRESENTATION_CONTEXT() REPRESENTATION_CONTEXT('2D SPACE',''
  ) );
#9442 = PCURVE('',#9443,#9448);
#9443 = CYLINDRICAL_SURFACE('',#9444,2.45);
#9444 = AXIS2_PLACEMENT_3D('',#9445,#9446,#9447);
#9445 = CARTESIAN_POINT('',(-11.,33.,9.8));
#9446 = DIRECTION('',(-0.,-0.,-1.));
#9447 = DIRECTION('',(1.,0.,0.));
#9448 = DEFINITIONAL_REPRESENTATION('',(#9449),#9453);
#9449 = LINE('',#9450,#9451);
#9450 = CARTESIAN_POINT('',(-6.28318530718,-1.E-01));
#9451 = VECTOR('',#9452,1.);
#9452 = DIRECTION('',(1.,-0.));
#9453 = ( GEOMETRIC_REPRESENTATION_CONTEXT(2) 
PARAMETRIC_REPRESENTATION_CONTEXT() REPRESENTATION_CONTEXT('2D SPACE',''
  ) );
#9454 = ORIENTED_EDGE('',*,*,#9455,.F.);
#9455 = EDGE_CURVE('',#9456,#9423,#9458,.T.);
#9456 = VERTEX_POINT('',#9457);
#9457 = CARTESIAN_POINT('',(10.999999998184,35.45,9.9));
#9458 = SURFACE_CURVE('',#9459,(#9463,#9469),.PCURVE_S1.);
#9459 = LINE('',#9460,#9461);
#9460 = CARTESIAN_POINT('',(-5.500000000118,35.45,9.9));
#9461 = VECTOR('',#9462,1.);
#9462 = DIRECTION('',(-1.,0.,0.));
#9463 = PCURVE('',#6515,#9464);
#9464 = DEFINITIONAL_REPRESENTATION('',(#9465),#9468);
#9465 = B_SPLINE_CURVE_WITH_KNOTS('',1,(#9466,#9467),.UNSPECIFIED.,.F.,
  .F.,(2,2),(-16.4999999983,5.499999999882),.PIECEWISE_BEZIER_KNOTS.);
#9466 = CARTESIAN_POINT('',(10.99999999842,35.45));
#9467 = CARTESIAN_POINT('',(-10.99999999976,35.45));
#9468 = ( GEOMETRIC_REPRESENTATION_CONTEXT(2) 
PARAMETRIC_REPRESENTATION_CONTEXT() REPRESENTATION_CONTEXT('2D SPACE',''
  ) );
#9469 = PCURVE('',#9470,#9475);
#9470 = PLANE('',#9471);
#9471 = AXIS2_PLACEMENT_3D('',#9472,#9473,#9474);
#9472 = CARTESIAN_POINT('',(-11.,35.45,9.8));
#9473 = DIRECTION('',(0.,1.,0.));
#9474 = DIRECTION('',(1.,0.,0.));
#9475 = DEFINITIONAL_REPRESENTATION('',(#9476),#9479);
#9476 = B_SPLINE_CURVE_WITH_KNOTS('',1,(#9477,#9478),.UNSPECIFIED.,.F.,
  .F.,(2,2),(-16.4999999983,5.499999999882),.PIECEWISE_BEZIER_KNOTS.);
#9477 = CARTESIAN_POINT('',(21.999999998184,-1.E-01));
#9478 = CARTESIAN_POINT('',(0.,-1.E-01));
#9479 = ( GEOMETRIC_REPRESENTATION_CONTEXT(2) 
PARAMETRIC_REPRESENTATION_CONTEXT() REPRESENTATION_CONTEXT('2D SPACE',''
  ) );
#9480 = ORIENTED_EDGE('',*,*,#9481,.T.);
#9481 = EDGE_CURVE('',#9456,#9482,#9484,.T.);
#9482 = VERTEX_POINT('',#9483);
#9483 = CARTESIAN_POINT('',(13.449999999092,33.,9.9));
#9484 = SURFACE_CURVE('',#9485,(#9490,#9501),.PCURVE_S1.);
#9485 = CIRCLE('',#9486,2.45);
#9486 = AXIS2_PLACEMENT_3D('',#9487,#9488,#9489);
#9487 = CARTESIAN_POINT('',(10.999999998184,33.,9.9));
#9488 = DIRECTION('',(0.,0.,-1.));
#9489 = DIRECTION('',(1.,0.,0.));
#9490 = PCURVE('',#6515,#9491);
#9491 = DEFINITIONAL_REPRESENTATION('',(#9492),#9500);
#9492 = ( BOUNDED_CURVE() B_SPLINE_CURVE(2,(#9493,#9494,#9495,#9496,
#9497,#9498,#9499),.UNSPECIFIED.,.T.,.F.) B_SPLINE_CURVE_WITH_KNOTS((1,2
    ,2,2,2,1),(-2.094395102393,0.,2.094395102393,4.188790204786,
6.28318530718,8.377580409573),.UNSPECIFIED.) CURVE() 
GEOMETRIC_REPRESENTATION_ITEM() RATIONAL_B_SPLINE_CURVE((1.,0.5,1.,0.5,
1.,0.5,1.)) REPRESENTATION_ITEM('') );
#9493 = CARTESIAN_POINT('',(13.44999999842,33.));
#9494 = CARTESIAN_POINT('',(13.44999999842,28.756475521456));
#9495 = CARTESIAN_POINT('',(9.77499999842,30.878237760728));
#9496 = CARTESIAN_POINT('',(6.09999999842,33.));
#9497 = CARTESIAN_POINT('',(9.77499999842,35.121762239272));
#9498 = CARTESIAN_POINT('',(13.44999999842,37.243524478544));
#9499 = CARTESIAN_POINT('',(13.44999999842,33.));
#9500 = ( GEOMETRIC_REPRESENTATION_CONTEXT(2) 
PARAMETRIC_REPRESENTATION_CONTEXT() REPRESENTATION_CONTEXT('2D SPACE',''
  ) );
#9501 = PCURVE('',#9502,#9507);
#9502 = CYLINDRICAL_SURFACE('',#9503,2.45);
#9503 = AXIS2_PLACEMENT_3D('',#9504,#9505,#9506);
#9504 = CARTESIAN_POINT('',(10.999999998184,33.,9.8));
#9505 = DIRECTION('',(-0.,-0.,-1.));
#9506 = DIRECTION('',(1.,0.,0.));
#9507 = DEFINITIONAL_REPRESENTATION('',(#9508),#9512);
#9508 = LINE('',#9509,#9510);
#9509 = CARTESIAN_POINT('',(-6.28318530718,-1.E-01));
#9510 = VECTOR('',#9511,1.);
#9511 = DIRECTION('',(1.,-0.));
#9512 = ( GEOMETRIC_REPRESENTATION_CONTEXT(2) 
PARAMETRIC_REPRESENTATION_CONTEXT() REPRESENTATION_CONTEXT('2D SPACE',''
  ) );
#9513 = ORIENTED_EDGE('',*,*,#9514,.T.);
#9514 = EDGE_CURVE('',#9482,#9515,#9517,.T.);
#9515 = VERTEX_POINT('',#9516);
#9516 = CARTESIAN_POINT('',(13.45,32.955163221085,9.9));
#9517 = SURFACE_CURVE('',#9518,(#9522,#9528),.PCURVE_S1.);
#9518 = LINE('',#9519,#9520);
#9519 = CARTESIAN_POINT('',(13.45,-16.5,9.9));
#9520 = VECTOR('',#9521,1.);
#9521 = DIRECTION('',(0.,-1.,0.));
#9522 = PCURVE('',#6515,#9523);
#9523 = DEFINITIONAL_REPRESENTATION('',(#9524),#9527);
#9524 = B_SPLINE_CURVE_WITH_KNOTS('',1,(#9525,#9526),.UNSPECIFIED.,.F.,
  .F.,(2,2),(-49.5,16.5),.PIECEWISE_BEZIER_KNOTS.);
#9525 = CARTESIAN_POINT('',(13.450000000236,33.));
#9526 = CARTESIAN_POINT('',(13.450000000236,-33.));
#9527 = ( GEOMETRIC_REPRESENTATION_CONTEXT(2) 
PARAMETRIC_REPRESENTATION_CONTEXT() REPRESENTATION_CONTEXT('2D SPACE',''
  ) );
#9528 = PCURVE('',#9529,#9534);
#9529 = PLANE('',#9530);
#9530 = AXIS2_PLACEMENT_3D('',#9531,#9532,#9533);
#9531 = CARTESIAN_POINT('',(13.45,-33.,9.8));
#9532 = DIRECTION('',(-1.,0.,0.));
#9533 = DIRECTION('',(0.,1.,0.));
#9534 = DEFINITIONAL_REPRESENTATION('',(#9535),#9538);
#9535 = B_SPLINE_CURVE_WITH_KNOTS('',1,(#9536,#9537),.UNSPECIFIED.,.F.,
  .F.,(2,2),(-49.5,16.5),.PIECEWISE_BEZIER_KNOTS.);
#9536 = CARTESIAN_POINT('',(66.,-1.E-01));
#9537 = CARTESIAN_POINT('',(0.,-1.E-01));
#9538 = ( GEOMETRIC_REPRESENTATION_CONTEXT(2) 
PARAMETRIC_REPRESENTATION_CONTEXT() REPRESENTATION_CONTEXT('2D SPACE',''
  ) );
#9539 = ORIENTED_EDGE('',*,*,#9540,.F.);
#9540 = EDGE_CURVE('',#9541,#9515,#9543,.T.);
#9541 = VERTEX_POINT('',#9542);
#9542 = CARTESIAN_POINT('',(14.,31.5,9.9));
#9543 = SURFACE_CURVE('',#9544,(#9549,#9556),.PCURVE_S1.);
#9544 = CIRCLE('',#9545,2.2);
#9545 = AXIS2_PLACEMENT_3D('',#9546,#9547,#9548);
#9546 = CARTESIAN_POINT('',(11.8,31.5,9.9));
#9547 = DIRECTION('',(0.,0.,1.));
#9548 = DIRECTION('',(1.,0.,-0.));
#9549 = PCURVE('',#6515,#9550);
#9550 = DEFINITIONAL_REPRESENTATION('',(#9551),#9555);
#9551 = CIRCLE('',#9552,2.2);
#9552 = AXIS2_PLACEMENT_2D('',#9553,#9554);
#9553 = CARTESIAN_POINT('',(11.800000000236,31.5));
#9554 = DIRECTION('',(1.,0.));
#9555 = ( GEOMETRIC_REPRESENTATION_CONTEXT(2) 
PARAMETRIC_REPRESENTATION_CONTEXT() REPRESENTATION_CONTEXT('2D SPACE',''
  ) );
#9556 = PCURVE('',#9557,#9562);
#9557 = CYLINDRICAL_SURFACE('',#9558,2.2);
#9558 = AXIS2_PLACEMENT_3D('',#9559,#9560,#9561);
#9559 = CARTESIAN_POINT('',(11.8,31.5,1.62));
#9560 = DIRECTION('',(0.,0.,1.));
#9561 = DIRECTION('',(1.,0.,-0.));
#9562 = DEFINITIONAL_REPRESENTATION('',(#9563),#9567);
#9563 = LINE('',#9564,#9565);
#9564 = CARTESIAN_POINT('',(0.,8.28));
#9565 = VECTOR('',#9566,1.);
#9566 = DIRECTION('',(1.,0.));
#9567 = ( GEOMETRIC_REPRESENTATION_CONTEXT(2) 
PARAMETRIC_REPRESENTATION_CONTEXT() REPRESENTATION_CONTEXT('2D SPACE',''
  ) );
#9568 = ORIENTED_EDGE('',*,*,#9569,.F.);
#9569 = EDGE_CURVE('',#9570,#9541,#9572,.T.);
#9570 = VERTEX_POINT('',#9571);
#9571 = CARTESIAN_POINT('',(13.45,30.044836778915,9.9));
#9572 = SURFACE_CURVE('',#9573,(#9578,#9585),.PCURVE_S1.);
#9573 = CIRCLE('',#9574,2.2);
#9574 = AXIS2_PLACEMENT_3D('',#9575,#9576,#9577);
#9575 = CARTESIAN_POINT('',(11.8,31.5,9.9));
#9576 = DIRECTION('',(0.,0.,1.));
#9577 = DIRECTION('',(1.,0.,-0.));
#9578 = PCURVE('',#6515,#9579);
#9579 = DEFINITIONAL_REPRESENTATION('',(#9580),#9584);
#9580 = CIRCLE('',#9581,2.2);
#9581 = AXIS2_PLACEMENT_2D('',#9582,#9583);
#9582 = CARTESIAN_POINT('',(11.800000000236,31.5));
#9583 = DIRECTION('',(1.,0.));
#9584 = ( GEOMETRIC_REPRESENTATION_CONTEXT(2) 
PARAMETRIC_REPRESENTATION_CONTEXT() REPRESENTATION_CONTEXT('2D SPACE',''
  ) );
#9585 = PCURVE('',#9557,#9586);
#9586 = DEFINITIONAL_REPRESENTATION('',(#9587),#9591);
#9587 = LINE('',#9588,#9589);
#9588 = CARTESIAN_POINT('',(0.,8.28));
#9589 = VECTOR('',#9590,1.);
#9590 = DIRECTION('',(1.,0.));
#9591 = ( GEOMETRIC_REPRESENTATION_CONTEXT(2) 
PARAMETRIC_REPRESENTATION_CONTEXT() REPRESENTATION_CONTEXT('2D SPACE',''
  ) );
#9592 = ORIENTED_EDGE('',*,*,#9593,.T.);
#9593 = EDGE_CURVE('',#9570,#9594,#9596,.T.);
#9594 = VERTEX_POINT('',#9595);
#9595 = CARTESIAN_POINT('',(13.45,-30.04483677891,9.9));
#9596 = SURFACE_CURVE('',#9597,(#9601,#9607),.PCURVE_S1.);
#9597 = LINE('',#9598,#9599);
#9598 = CARTESIAN_POINT('',(13.45,-16.5,9.9));
#9599 = VECTOR('',#9600,1.);
#9600 = DIRECTION('',(0.,-1.,0.));
#9601 = PCURVE('',#6515,#9602);
#9602 = DEFINITIONAL_REPRESENTATION('',(#9603),#9606);
#9603 = B_SPLINE_CURVE_WITH_KNOTS('',1,(#9604,#9605),.UNSPECIFIED.,.F.,
  .F.,(2,2),(-49.5,16.5),.PIECEWISE_BEZIER_KNOTS.);
#9604 = CARTESIAN_POINT('',(13.450000000236,33.));
#9605 = CARTESIAN_POINT('',(13.450000000236,-33.));
#9606 = ( GEOMETRIC_REPRESENTATION_CONTEXT(2) 
PARAMETRIC_REPRESENTATION_CONTEXT() REPRESENTATION_CONTEXT('2D SPACE',''
  ) );
#9607 = PCURVE('',#9608,#9613);
#9608 = PLANE('',#9609);
#9609 = AXIS2_PLACEMENT_3D('',#9610,#9611,#9612);
#9610 = CARTESIAN_POINT('',(13.45,-33.,9.8));
#9611 = DIRECTION('',(-1.,0.,0.));
#9612 = DIRECTION('',(0.,1.,0.));
#9613 = DEFINITIONAL_REPRESENTATION('',(#9614),#9617);
#9614 = B_SPLINE_CURVE_WITH_KNOTS('',1,(#9615,#9616),.UNSPECIFIED.,.F.,
  .F.,(2,2),(-49.5,16.5),.PIECEWISE_BEZIER_KNOTS.);
#9615 = CARTESIAN_POINT('',(66.,-1.E-01));
#9616 = CARTESIAN_POINT('',(0.,-1.E-01));
#9617 = ( GEOMETRIC_REPRESENTATION_CONTEXT(2) 
PARAMETRIC_REPRESENTATION_CONTEXT() REPRESENTATION_CONTEXT('2D SPACE',''
  ) );
#9618 = ORIENTED_EDGE('',*,*,#9619,.F.);
#9619 = EDGE_CURVE('',#9620,#9594,#9622,.T.);
#9620 = VERTEX_POINT('',#9621);
#9621 = CARTESIAN_POINT('',(14.,-31.5,9.9));
#9622 = SURFACE_CURVE('',#9623,(#9628,#9635),.PCURVE_S1.);
#9623 = CIRCLE('',#9624,2.2);
#9624 = AXIS2_PLACEMENT_3D('',#9625,#9626,#9627);
#9625 = CARTESIAN_POINT('',(11.8,-31.5,9.9));
#9626 = DIRECTION('',(0.,0.,1.));
#9627 = DIRECTION('',(1.,0.,-0.));
#9628 = PCURVE('',#6515,#9629);
#9629 = DEFINITIONAL_REPRESENTATION('',(#9630),#9634);
#9630 = CIRCLE('',#9631,2.2);
#9631 = AXIS2_PLACEMENT_2D('',#9632,#9633);
#9632 = CARTESIAN_POINT('',(11.800000000236,-31.5));
#9633 = DIRECTION('',(1.,0.));
#9634 = ( GEOMETRIC_REPRESENTATION_CONTEXT(2) 
PARAMETRIC_REPRESENTATION_CONTEXT() REPRESENTATION_CONTEXT('2D SPACE',''
  ) );
#9635 = PCURVE('',#9636,#9641);
#9636 = CYLINDRICAL_SURFACE('',#9637,2.2);
#9637 = AXIS2_PLACEMENT_3D('',#9638,#9639,#9640);
#9638 = CARTESIAN_POINT('',(11.8,-31.5,1.62));
#9639 = DIRECTION('',(0.,0.,1.));
#9640 = DIRECTION('',(1.,0.,-0.));
#9641 = DEFINITIONAL_REPRESENTATION('',(#9642),#9646);
#9642 = LINE('',#9643,#9644);
#9643 = CARTESIAN_POINT('',(0.,8.28));
#9644 = VECTOR('',#9645,1.);
#9645 = DIRECTION('',(1.,0.));
#9646 = ( GEOMETRIC_REPRESENTATION_CONTEXT(2) 
PARAMETRIC_REPRESENTATION_CONTEXT() REPRESENTATION_CONTEXT('2D SPACE',''
  ) );
#9647 = ORIENTED_EDGE('',*,*,#9648,.F.);
#9648 = EDGE_CURVE('',#9649,#9620,#9651,.T.);
#9649 = VERTEX_POINT('',#9650);
#9650 = CARTESIAN_POINT('',(13.45,-32.95516322108,9.9));
#9651 = SURFACE_CURVE('',#9652,(#9657,#9664),.PCURVE_S1.);
#9652 = CIRCLE('',#9653,2.2);
#9653 = AXIS2_PLACEMENT_3D('',#9654,#9655,#9656);
#9654 = CARTESIAN_POINT('',(11.8,-31.5,9.9));
#9655 = DIRECTION('',(0.,0.,1.));
#9656 = DIRECTION('',(1.,0.,-0.));
#9657 = PCURVE('',#6515,#9658);
#9658 = DEFINITIONAL_REPRESENTATION('',(#9659),#9663);
#9659 = CIRCLE('',#9660,2.2);
#9660 = AXIS2_PLACEMENT_2D('',#9661,#9662);
#9661 = CARTESIAN_POINT('',(11.800000000236,-31.5));
#9662 = DIRECTION('',(1.,0.));
#9663 = ( GEOMETRIC_REPRESENTATION_CONTEXT(2) 
PARAMETRIC_REPRESENTATION_CONTEXT() REPRESENTATION_CONTEXT('2D SPACE',''
  ) );
#9664 = PCURVE('',#9636,#9665);
#9665 = DEFINITIONAL_REPRESENTATION('',(#9666),#9670);
#9666 = LINE('',#9667,#9668);
#9667 = CARTESIAN_POINT('',(0.,8.28));
#9668 = VECTOR('',#9669,1.);
#9669 = DIRECTION('',(1.,0.));
#9670 = ( GEOMETRIC_REPRESENTATION_CONTEXT(2) 
PARAMETRIC_REPRESENTATION_CONTEXT() REPRESENTATION_CONTEXT('2D SPACE',''
  ) );
#9671 = ORIENTED_EDGE('',*,*,#9672,.T.);
#9672 = EDGE_CURVE('',#9649,#9673,#9675,.T.);
#9673 = VERTEX_POINT('',#9674);
#9674 = CARTESIAN_POINT('',(13.449999999092,-33.,9.9));
#9675 = SURFACE_CURVE('',#9676,(#9680,#9686),.PCURVE_S1.);
#9676 = LINE('',#9677,#9678);
#9677 = CARTESIAN_POINT('',(13.45,-16.5,9.9));
#9678 = VECTOR('',#9679,1.);
#9679 = DIRECTION('',(0.,-1.,0.));
#9680 = PCURVE('',#6515,#9681);
#9681 = DEFINITIONAL_REPRESENTATION('',(#9682),#9685);
#9682 = B_SPLINE_CURVE_WITH_KNOTS('',1,(#9683,#9684),.UNSPECIFIED.,.F.,
  .F.,(2,2),(-49.5,16.5),.PIECEWISE_BEZIER_KNOTS.);
#9683 = CARTESIAN_POINT('',(13.450000000236,33.));
#9684 = CARTESIAN_POINT('',(13.450000000236,-33.));
#9685 = ( GEOMETRIC_REPRESENTATION_CONTEXT(2) 
PARAMETRIC_REPRESENTATION_CONTEXT() REPRESENTATION_CONTEXT('2D SPACE',''
  ) );
#9686 = PCURVE('',#9687,#9692);
#9687 = PLANE('',#9688);
#9688 = AXIS2_PLACEMENT_3D('',#9689,#9690,#9691);
#9689 = CARTESIAN_POINT('',(13.45,-33.,9.8));
#9690 = DIRECTION('',(-1.,0.,0.));
#9691 = DIRECTION('',(0.,1.,0.));
#9692 = DEFINITIONAL_REPRESENTATION('',(#9693),#9696);
#9693 = B_SPLINE_CURVE_WITH_KNOTS('',1,(#9694,#9695),.UNSPECIFIED.,.F.,
  .F.,(2,2),(-49.5,16.5),.PIECEWISE_BEZIER_KNOTS.);
#9694 = CARTESIAN_POINT('',(66.,-1.E-01));
#9695 = CARTESIAN_POINT('',(0.,-1.E-01));
#9696 = ( GEOMETRIC_REPRESENTATION_CONTEXT(2) 
PARAMETRIC_REPRESENTATION_CONTEXT() REPRESENTATION_CONTEXT('2D SPACE',''
  ) );
#9697 = ORIENTED_EDGE('',*,*,#9698,.T.);
#9698 = EDGE_CURVE('',#9673,#9699,#9701,.T.);
#9699 = VERTEX_POINT('',#9700);
#9700 = CARTESIAN_POINT('',(10.999999998184,-35.45,9.9));
#9701 = SURFACE_CURVE('',#9702,(#9707,#9718),.PCURVE_S1.);
#9702 = CIRCLE('',#9703,2.45);
#9703 = AXIS2_PLACEMENT_3D('',#9704,#9705,#9706);
#9704 = CARTESIAN_POINT('',(10.999999998184,-33.,9.9));
#9705 = DIRECTION('',(0.,0.,-1.));
#9706 = DIRECTION('',(1.,0.,0.));
#9707 = PCURVE('',#6515,#9708);
#9708 = DEFINITIONAL_REPRESENTATION('',(#9709),#9717);
#9709 = ( BOUNDED_CURVE() B_SPLINE_CURVE(2,(#9710,#9711,#9712,#9713,
#9714,#9715,#9716),.UNSPECIFIED.,.T.,.F.) B_SPLINE_CURVE_WITH_KNOTS((1,2
    ,2,2,2,1),(-2.094395102393,0.,2.094395102393,4.188790204786,
6.28318530718,8.377580409573),.UNSPECIFIED.) CURVE() 
GEOMETRIC_REPRESENTATION_ITEM() RATIONAL_B_SPLINE_CURVE((1.,0.5,1.,0.5,
1.,0.5,1.)) REPRESENTATION_ITEM('') );
#9710 = CARTESIAN_POINT('',(13.44999999842,-33.));
#9711 = CARTESIAN_POINT('',(13.44999999842,-37.24352447854));
#9712 = CARTESIAN_POINT('',(9.77499999842,-35.12176223927));
#9713 = CARTESIAN_POINT('',(6.09999999842,-33.));
#9714 = CARTESIAN_POINT('',(9.77499999842,-30.87823776072));
#9715 = CARTESIAN_POINT('',(13.44999999842,-28.75647552145));
#9716 = CARTESIAN_POINT('',(13.44999999842,-33.));
#9717 = ( GEOMETRIC_REPRESENTATION_CONTEXT(2) 
PARAMETRIC_REPRESENTATION_CONTEXT() REPRESENTATION_CONTEXT('2D SPACE',''
  ) );
#9718 = PCURVE('',#9719,#9724);
#9719 = CYLINDRICAL_SURFACE('',#9720,2.45);
#9720 = AXIS2_PLACEMENT_3D('',#9721,#9722,#9723);
#9721 = CARTESIAN_POINT('',(10.999999998184,-33.,9.8));
#9722 = DIRECTION('',(-0.,-0.,-1.));
#9723 = DIRECTION('',(1.,0.,0.));
#9724 = DEFINITIONAL_REPRESENTATION('',(#9725),#9729);
#9725 = LINE('',#9726,#9727);
#9726 = CARTESIAN_POINT('',(-6.28318530718,-1.E-01));
#9727 = VECTOR('',#9728,1.);
#9728 = DIRECTION('',(1.,-0.));
#9729 = ( GEOMETRIC_REPRESENTATION_CONTEXT(2) 
PARAMETRIC_REPRESENTATION_CONTEXT() REPRESENTATION_CONTEXT('2D SPACE',''
  ) );
#9730 = ORIENTED_EDGE('',*,*,#9731,.T.);
#9731 = EDGE_CURVE('',#9699,#9732,#9734,.T.);
#9732 = VERTEX_POINT('',#9733);
#9733 = CARTESIAN_POINT('',(-11.,-35.45,9.9));
#9734 = SURFACE_CURVE('',#9735,(#9739,#9745),.PCURVE_S1.);
#9735 = LINE('',#9736,#9737);
#9736 = CARTESIAN_POINT('',(-5.500000000118,-35.45,9.9));
#9737 = VECTOR('',#9738,1.);
#9738 = DIRECTION('',(-1.,0.,0.));
#9739 = PCURVE('',#6515,#9740);
#9740 = DEFINITIONAL_REPRESENTATION('',(#9741),#9744);
#9741 = B_SPLINE_CURVE_WITH_KNOTS('',1,(#9742,#9743),.UNSPECIFIED.,.F.,
  .F.,(2,2),(-16.4999999983,5.499999999882),.PIECEWISE_BEZIER_KNOTS.);
#9742 = CARTESIAN_POINT('',(10.99999999842,-35.45));
#9743 = CARTESIAN_POINT('',(-10.99999999976,-35.45));
#9744 = ( GEOMETRIC_REPRESENTATION_CONTEXT(2) 
PARAMETRIC_REPRESENTATION_CONTEXT() REPRESENTATION_CONTEXT('2D SPACE',''
  ) );
#9745 = PCURVE('',#9746,#9751);
#9746 = PLANE('',#9747);
#9747 = AXIS2_PLACEMENT_3D('',#9748,#9749,#9750);
#9748 = CARTESIAN_POINT('',(-11.,-35.45,9.8));
#9749 = DIRECTION('',(0.,1.,0.));
#9750 = DIRECTION('',(1.,0.,0.));
#9751 = DEFINITIONAL_REPRESENTATION('',(#9752),#9755);
#9752 = B_SPLINE_CURVE_WITH_KNOTS('',1,(#9753,#9754),.UNSPECIFIED.,.F.,
  .F.,(2,2),(-16.4999999983,5.499999999882),.PIECEWISE_BEZIER_KNOTS.);
#9753 = CARTESIAN_POINT('',(21.999999998184,-1.E-01));
#9754 = CARTESIAN_POINT('',(0.,-1.E-01));
#9755 = ( GEOMETRIC_REPRESENTATION_CONTEXT(2) 
PARAMETRIC_REPRESENTATION_CONTEXT() REPRESENTATION_CONTEXT('2D SPACE',''
  ) );
#9756 = ORIENTED_EDGE('',*,*,#9757,.T.);
#9757 = EDGE_CURVE('',#9732,#9758,#9760,.T.);
#9758 = VERTEX_POINT('',#9759);
#9759 = CARTESIAN_POINT('',(-13.45,-33.,9.9));
#9760 = SURFACE_CURVE('',#9761,(#9766,#9777),.PCURVE_S1.);
#9761 = CIRCLE('',#9762,2.45);
#9762 = AXIS2_PLACEMENT_3D('',#9763,#9764,#9765);
#9763 = CARTESIAN_POINT('',(-11.,-33.,9.9));
#9764 = DIRECTION('',(0.,0.,-1.));
#9765 = DIRECTION('',(1.,0.,0.));
#9766 = PCURVE('',#6515,#9767);
#9767 = DEFINITIONAL_REPRESENTATION('',(#9768),#9776);
#9768 = ( BOUNDED_CURVE() B_SPLINE_CURVE(2,(#9769,#9770,#9771,#9772,
#9773,#9774,#9775),.UNSPECIFIED.,.T.,.F.) B_SPLINE_CURVE_WITH_KNOTS((1,2
    ,2,2,2,1),(-2.094395102393,0.,2.094395102393,4.188790204786,
6.28318530718,8.377580409573),.UNSPECIFIED.) CURVE() 
GEOMETRIC_REPRESENTATION_ITEM() RATIONAL_B_SPLINE_CURVE((1.,0.5,1.,0.5,
1.,0.5,1.)) REPRESENTATION_ITEM('') );
#9769 = CARTESIAN_POINT('',(-8.549999999764,-33.));
#9770 = CARTESIAN_POINT('',(-8.549999999764,-37.24352447854));
#9771 = CARTESIAN_POINT('',(-12.22499999976,-35.12176223927));
#9772 = CARTESIAN_POINT('',(-15.89999999976,-33.));
#9773 = CARTESIAN_POINT('',(-12.22499999976,-30.87823776072));
#9774 = CARTESIAN_POINT('',(-8.549999999764,-28.75647552145));
#9775 = CARTESIAN_POINT('',(-8.549999999764,-33.));
#9776 = ( GEOMETRIC_REPRESENTATION_CONTEXT(2) 
PARAMETRIC_REPRESENTATION_CONTEXT() REPRESENTATION_CONTEXT('2D SPACE',''
  ) );
#9777 = PCURVE('',#9778,#9783);
#9778 = CYLINDRICAL_SURFACE('',#9779,2.45);
#9779 = AXIS2_PLACEMENT_3D('',#9780,#9781,#9782);
#9780 = CARTESIAN_POINT('',(-11.,-33.,9.8));
#9781 = DIRECTION('',(-0.,-0.,-1.));
#9782 = DIRECTION('',(1.,0.,0.));
#9783 = DEFINITIONAL_REPRESENTATION('',(#9784),#9788);
#9784 = LINE('',#9785,#9786);
#9785 = CARTESIAN_POINT('',(-6.28318530718,-1.E-01));
#9786 = VECTOR('',#9787,1.);
#9787 = DIRECTION('',(1.,-0.));
#9788 = ( GEOMETRIC_REPRESENTATION_CONTEXT(2) 
PARAMETRIC_REPRESENTATION_CONTEXT() REPRESENTATION_CONTEXT('2D SPACE',''
  ) );
#9789 = ORIENTED_EDGE('',*,*,#9790,.F.);
#9790 = EDGE_CURVE('',#9791,#9758,#9793,.T.);
#9791 = VERTEX_POINT('',#9792);
#9792 = CARTESIAN_POINT('',(-13.45,-32.95516322108,9.9));
#9793 = SURFACE_CURVE('',#9794,(#9798,#9804),.PCURVE_S1.);
#9794 = LINE('',#9795,#9796);
#9795 = CARTESIAN_POINT('',(-13.45,-16.5,9.9));
#9796 = VECTOR('',#9797,1.);
#9797 = DIRECTION('',(0.,-1.,0.));
#9798 = PCURVE('',#6515,#9799);
#9799 = DEFINITIONAL_REPRESENTATION('',(#9800),#9803);
#9800 = B_SPLINE_CURVE_WITH_KNOTS('',1,(#9801,#9802),.UNSPECIFIED.,.F.,
  .F.,(2,2),(-49.5,16.5),.PIECEWISE_BEZIER_KNOTS.);
#9801 = CARTESIAN_POINT('',(-13.44999999976,33.));
#9802 = CARTESIAN_POINT('',(-13.44999999976,-33.));
#9803 = ( GEOMETRIC_REPRESENTATION_CONTEXT(2) 
PARAMETRIC_REPRESENTATION_CONTEXT() REPRESENTATION_CONTEXT('2D SPACE',''
  ) );
#9804 = PCURVE('',#9805,#9810);
#9805 = PLANE('',#9806);
#9806 = AXIS2_PLACEMENT_3D('',#9807,#9808,#9809);
#9807 = CARTESIAN_POINT('',(-13.45,-33.,9.8));
#9808 = DIRECTION('',(-1.,0.,0.));
#9809 = DIRECTION('',(0.,1.,0.));
#9810 = DEFINITIONAL_REPRESENTATION('',(#9811),#9814);
#9811 = B_SPLINE_CURVE_WITH_KNOTS('',1,(#9812,#9813),.UNSPECIFIED.,.F.,
  .F.,(2,2),(-49.5,16.5),.PIECEWISE_BEZIER_KNOTS.);
#9812 = CARTESIAN_POINT('',(66.,-1.E-01));
#9813 = CARTESIAN_POINT('',(0.,-1.E-01));
#9814 = ( GEOMETRIC_REPRESENTATION_CONTEXT(2) 
PARAMETRIC_REPRESENTATION_CONTEXT() REPRESENTATION_CONTEXT('2D SPACE',''
  ) );
#9815 = ORIENTED_EDGE('',*,*,#9816,.F.);
#9816 = EDGE_CURVE('',#9817,#9791,#9819,.T.);
#9817 = VERTEX_POINT('',#9818);
#9818 = CARTESIAN_POINT('',(-13.45,-30.04483677891,9.9));
#9819 = SURFACE_CURVE('',#9820,(#9825,#9832),.PCURVE_S1.);
#9820 = CIRCLE('',#9821,2.2);
#9821 = AXIS2_PLACEMENT_3D('',#9822,#9823,#9824);
#9822 = CARTESIAN_POINT('',(-11.8,-31.5,9.9));
#9823 = DIRECTION('',(0.,0.,1.));
#9824 = DIRECTION('',(1.,0.,-0.));
#9825 = PCURVE('',#6515,#9826);
#9826 = DEFINITIONAL_REPRESENTATION('',(#9827),#9831);
#9827 = CIRCLE('',#9828,2.2);
#9828 = AXIS2_PLACEMENT_2D('',#9829,#9830);
#9829 = CARTESIAN_POINT('',(-11.79999999976,-31.5));
#9830 = DIRECTION('',(1.,0.));
#9831 = ( GEOMETRIC_REPRESENTATION_CONTEXT(2) 
PARAMETRIC_REPRESENTATION_CONTEXT() REPRESENTATION_CONTEXT('2D SPACE',''
  ) );
#9832 = PCURVE('',#9833,#9838);
#9833 = CYLINDRICAL_SURFACE('',#9834,2.2);
#9834 = AXIS2_PLACEMENT_3D('',#9835,#9836,#9837);
#9835 = CARTESIAN_POINT('',(-11.8,-31.5,1.62));
#9836 = DIRECTION('',(0.,0.,1.));
#9837 = DIRECTION('',(1.,0.,-0.));
#9838 = DEFINITIONAL_REPRESENTATION('',(#9839),#9843);
#9839 = LINE('',#9840,#9841);
#9840 = CARTESIAN_POINT('',(0.,8.28));
#9841 = VECTOR('',#9842,1.);
#9842 = DIRECTION('',(1.,0.));
#9843 = ( GEOMETRIC_REPRESENTATION_CONTEXT(2) 
PARAMETRIC_REPRESENTATION_CONTEXT() REPRESENTATION_CONTEXT('2D SPACE',''
  ) );
#9844 = ORIENTED_EDGE('',*,*,#9845,.F.);
#9845 = EDGE_CURVE('',#9846,#9817,#9848,.T.);
#9846 = VERTEX_POINT('',#9847);
#9847 = CARTESIAN_POINT('',(-13.45,30.044836778914,9.9));
#9848 = SURFACE_CURVE('',#9849,(#9853,#9859),.PCURVE_S1.);
#9849 = LINE('',#9850,#9851);
#9850 = CARTESIAN_POINT('',(-13.45,-16.5,9.9));
#9851 = VECTOR('',#9852,1.);
#9852 = DIRECTION('',(0.,-1.,0.));
#9853 = PCURVE('',#6515,#9854);
#9854 = DEFINITIONAL_REPRESENTATION('',(#9855),#9858);
#9855 = B_SPLINE_CURVE_WITH_KNOTS('',1,(#9856,#9857),.UNSPECIFIED.,.F.,
  .F.,(2,2),(-49.5,16.5),.PIECEWISE_BEZIER_KNOTS.);
#9856 = CARTESIAN_POINT('',(-13.44999999976,33.));
#9857 = CARTESIAN_POINT('',(-13.44999999976,-33.));
#9858 = ( GEOMETRIC_REPRESENTATION_CONTEXT(2) 
PARAMETRIC_REPRESENTATION_CONTEXT() REPRESENTATION_CONTEXT('2D SPACE',''
  ) );
#9859 = PCURVE('',#9860,#9865);
#9860 = PLANE('',#9861);
#9861 = AXIS2_PLACEMENT_3D('',#9862,#9863,#9864);
#9862 = CARTESIAN_POINT('',(-13.45,-33.,9.8));
#9863 = DIRECTION('',(-1.,0.,0.));
#9864 = DIRECTION('',(0.,1.,0.));
#9865 = DEFINITIONAL_REPRESENTATION('',(#9866),#9869);
#9866 = B_SPLINE_CURVE_WITH_KNOTS('',1,(#9867,#9868),.UNSPECIFIED.,.F.,
  .F.,(2,2),(-49.5,16.5),.PIECEWISE_BEZIER_KNOTS.);
#9867 = CARTESIAN_POINT('',(66.,-1.E-01));
#9868 = CARTESIAN_POINT('',(0.,-1.E-01));
#9869 = ( GEOMETRIC_REPRESENTATION_CONTEXT(2) 
PARAMETRIC_REPRESENTATION_CONTEXT() REPRESENTATION_CONTEXT('2D SPACE',''
  ) );
#9870 = ORIENTED_EDGE('',*,*,#9871,.F.);
#9871 = EDGE_CURVE('',#9397,#9846,#9872,.T.);
#9872 = SURFACE_CURVE('',#9873,(#9878,#9885),.PCURVE_S1.);
#9873 = CIRCLE('',#9874,2.2);
#9874 = AXIS2_PLACEMENT_3D('',#9875,#9876,#9877);
#9875 = CARTESIAN_POINT('',(-11.8,31.5,9.9));
#9876 = DIRECTION('',(0.,0.,1.));
#9877 = DIRECTION('',(1.,0.,-0.));
#9878 = PCURVE('',#6515,#9879);
#9879 = DEFINITIONAL_REPRESENTATION('',(#9880),#9884);
#9880 = CIRCLE('',#9881,2.2);
#9881 = AXIS2_PLACEMENT_2D('',#9882,#9883);
#9882 = CARTESIAN_POINT('',(-11.79999999976,31.5));
#9883 = DIRECTION('',(1.,0.));
#9884 = ( GEOMETRIC_REPRESENTATION_CONTEXT(2) 
PARAMETRIC_REPRESENTATION_CONTEXT() REPRESENTATION_CONTEXT('2D SPACE',''
  ) );
#9885 = PCURVE('',#9886,#9891);
#9886 = CYLINDRICAL_SURFACE('',#9887,2.2);
#9887 = AXIS2_PLACEMENT_3D('',#9888,#9889,#9890);
#9888 = CARTESIAN_POINT('',(-11.8,31.5,1.62));
#9889 = DIRECTION('',(0.,0.,1.));
#9890 = DIRECTION('',(1.,0.,-0.));
#9891 = DEFINITIONAL_REPRESENTATION('',(#9892),#9896);
#9892 = LINE('',#9893,#9894);
#9893 = CARTESIAN_POINT('',(0.,8.28));
#9894 = VECTOR('',#9895,1.);
#9895 = DIRECTION('',(1.,0.));
#9896 = ( GEOMETRIC_REPRESENTATION_CONTEXT(2) 
PARAMETRIC_REPRESENTATION_CONTEXT() REPRESENTATION_CONTEXT('2D SPACE',''
  ) );
#9897 = ADVANCED_FACE('',(#9898,#9901),#6893,.T.);
#9898 = FACE_BOUND('',#9899,.T.);
#9899 = EDGE_LOOP('',(#9900));
#9900 = ORIENTED_EDGE('',*,*,#6878,.T.);
#9901 = FACE_BOUND('',#9902,.T.);
#9902 = EDGE_LOOP('',(#9903));
#9903 = ORIENTED_EDGE('',*,*,#9904,.F.);
#9904 = EDGE_CURVE('',#9905,#9905,#9907,.T.);
#9905 = VERTEX_POINT('',#9906);
#9906 = CARTESIAN_POINT('',(-10.7,-31.5,12.25));
#9907 = SURFACE_CURVE('',#9908,(#9913,#9920),.PCURVE_S1.);
#9908 = CIRCLE('',#9909,1.1);
#9909 = AXIS2_PLACEMENT_3D('',#9910,#9911,#9912);
#9910 = CARTESIAN_POINT('',(-11.8,-31.5,12.25));
#9911 = DIRECTION('',(0.,0.,1.));
#9912 = DIRECTION('',(1.,0.,-0.));
#9913 = PCURVE('',#6893,#9914);
#9914 = DEFINITIONAL_REPRESENTATION('',(#9915),#9919);
#9915 = CIRCLE('',#9916,1.1);
#9916 = AXIS2_PLACEMENT_2D('',#9917,#9918);
#9917 = CARTESIAN_POINT('',(0.,0.));
#9918 = DIRECTION('',(1.,0.));
#9919 = ( GEOMETRIC_REPRESENTATION_CONTEXT(2) 
PARAMETRIC_REPRESENTATION_CONTEXT() REPRESENTATION_CONTEXT('2D SPACE',''
  ) );
#9920 = PCURVE('',#9921,#9926);
#9921 = CYLINDRICAL_SURFACE('',#9922,1.1);
#9922 = AXIS2_PLACEMENT_3D('',#9923,#9924,#9925);
#9923 = CARTESIAN_POINT('',(-11.8,-31.5,1.52));
#9924 = DIRECTION('',(0.,0.,1.));
#9925 = DIRECTION('',(1.,0.,-0.));
#9926 = DEFINITIONAL_REPRESENTATION('',(#9927),#9931);
#9927 = LINE('',#9928,#9929);
#9928 = CARTESIAN_POINT('',(0.,10.73));
#9929 = VECTOR('',#9930,1.);
#9930 = DIRECTION('',(1.,0.));
#9931 = ( GEOMETRIC_REPRESENTATION_CONTEXT(2) 
PARAMETRIC_REPRESENTATION_CONTEXT() REPRESENTATION_CONTEXT('2D SPACE',''
  ) );
#9932 = ADVANCED_FACE('',(#9933,#10043,#10046,#10049,#10052,#10055,
    #10058,#10061,#10064,#10067,#10070,#10073,#10076,#10079,#10082,
    #10085,#10088,#10091,#10094,#10097,#10100,#10103,#10106,#10109,
    #10112,#10115,#10118,#10121,#10124,#10127,#10130,#10133,#10136,
    #10139,#10142,#10145,#10148,#10151,#10154,#10157,#10160,#10163,
    #10166,#10169,#10172,#10175),#6948,.F.);
#9933 = FACE_BOUND('',#9934,.F.);
#9934 = EDGE_LOOP('',(#9935,#9964,#9991,#10018));
#9935 = ORIENTED_EDGE('',*,*,#9936,.F.);
#9936 = EDGE_CURVE('',#9937,#9939,#9941,.T.);
#9937 = VERTEX_POINT('',#9938);
#9938 = CARTESIAN_POINT('',(8.3,-27.8,11.5));
#9939 = VERTEX_POINT('',#9940);
#9940 = CARTESIAN_POINT('',(-8.3,-27.8,11.5));
#9941 = SURFACE_CURVE('',#9942,(#9946,#9953),.PCURVE_S1.);
#9942 = LINE('',#9943,#9944);
#9943 = CARTESIAN_POINT('',(-8.8,-27.8,11.5));
#9944 = VECTOR('',#9945,1.);
#9945 = DIRECTION('',(-1.,-0.,0.));
#9946 = PCURVE('',#6948,#9947);
#9947 = DEFINITIONAL_REPRESENTATION('',(#9948),#9952);
#9948 = LINE('',#9949,#9950);
#9949 = CARTESIAN_POINT('',(-8.799999981973,-27.8));
#9950 = VECTOR('',#9951,1.);
#9951 = DIRECTION('',(-1.,0.));
#9952 = ( GEOMETRIC_REPRESENTATION_CONTEXT(2) 
PARAMETRIC_REPRESENTATION_CONTEXT() REPRESENTATION_CONTEXT('2D SPACE',''
  ) );
#9953 = PCURVE('',#9954,#9959);
#9954 = PLANE('',#9955);
#9955 = AXIS2_PLACEMENT_3D('',#9956,#9957,#9958);
#9956 = CARTESIAN_POINT('',(-8.3,-27.8,7.9));
#9957 = DIRECTION('',(-0.,1.,0.));
#9958 = DIRECTION('',(0.,0.,1.));
#9959 = DEFINITIONAL_REPRESENTATION('',(#9960),#9963);
#9960 = B_SPLINE_CURVE_WITH_KNOTS('',1,(#9961,#9962),.UNSPECIFIED.,.F.,
  .F.,(2,2),(-17.1,-0.5),.PIECEWISE_BEZIER_KNOTS.);
#9961 = CARTESIAN_POINT('',(3.6,16.6));
#9962 = CARTESIAN_POINT('',(3.6,0.));
#9963 = ( GEOMETRIC_REPRESENTATION_CONTEXT(2) 
PARAMETRIC_REPRESENTATION_CONTEXT() REPRESENTATION_CONTEXT('2D SPACE',''
  ) );
#9964 = ORIENTED_EDGE('',*,*,#9965,.T.);
#9965 = EDGE_CURVE('',#9937,#9966,#9968,.T.);
#9966 = VERTEX_POINT('',#9967);
#9967 = CARTESIAN_POINT('',(8.3,-18.2,11.5));
#9968 = SURFACE_CURVE('',#9969,(#9973,#9980),.PCURVE_S1.);
#9969 = LINE('',#9970,#9971);
#9970 = CARTESIAN_POINT('',(8.3,-28.3,11.5));
#9971 = VECTOR('',#9972,1.);
#9972 = DIRECTION('',(-0.,1.,0.));
#9973 = PCURVE('',#6948,#9974);
#9974 = DEFINITIONAL_REPRESENTATION('',(#9975),#9979);
#9975 = LINE('',#9976,#9977);
#9976 = CARTESIAN_POINT('',(8.300000018027,-28.3));
#9977 = VECTOR('',#9978,1.);
#9978 = DIRECTION('',(0.,1.));
#9979 = ( GEOMETRIC_REPRESENTATION_CONTEXT(2) 
PARAMETRIC_REPRESENTATION_CONTEXT() REPRESENTATION_CONTEXT('2D SPACE',''
  ) );
#9980 = PCURVE('',#9981,#9986);
#9981 = PLANE('',#9982);
#9982 = AXIS2_PLACEMENT_3D('',#9983,#9984,#9985);
#9983 = CARTESIAN_POINT('',(8.3,-27.8,7.9));
#9984 = DIRECTION('',(1.,0.,-0.));
#9985 = DIRECTION('',(0.,0.,1.));
#9986 = DEFINITIONAL_REPRESENTATION('',(#9987),#9990);
#9987 = B_SPLINE_CURVE_WITH_KNOTS('',1,(#9988,#9989),.UNSPECIFIED.,.F.,
  .F.,(2,2),(0.5,10.1),.PIECEWISE_BEZIER_KNOTS.);
#9988 = CARTESIAN_POINT('',(3.6,0.));
#9989 = CARTESIAN_POINT('',(3.6,-9.6));
#9990 = ( GEOMETRIC_REPRESENTATION_CONTEXT(2) 
PARAMETRIC_REPRESENTATION_CONTEXT() REPRESENTATION_CONTEXT('2D SPACE',''
  ) );
#9991 = ORIENTED_EDGE('',*,*,#9992,.T.);
#9992 = EDGE_CURVE('',#9966,#9993,#9995,.T.);
#9993 = VERTEX_POINT('',#9994);
#9994 = CARTESIAN_POINT('',(-8.3,-18.2,11.5));
#9995 = SURFACE_CURVE('',#9996,(#10000,#10007),.PCURVE_S1.);
#9996 = LINE('',#9997,#9998);
#9997 = CARTESIAN_POINT('',(-8.8,-18.2,11.5));
#9998 = VECTOR('',#9999,1.);
#9999 = DIRECTION('',(-1.,-0.,0.));
#10000 = PCURVE('',#6948,#10001);
#10001 = DEFINITIONAL_REPRESENTATION('',(#10002),#10006);
#10002 = LINE('',#10003,#10004);
#10003 = CARTESIAN_POINT('',(-8.799999981973,-18.2));
#10004 = VECTOR('',#10005,1.);
#10005 = DIRECTION('',(-1.,0.));
#10006 = ( GEOMETRIC_REPRESENTATION_CONTEXT(2) 
PARAMETRIC_REPRESENTATION_CONTEXT() REPRESENTATION_CONTEXT('2D SPACE',''
  ) );
#10007 = PCURVE('',#10008,#10013);
#10008 = PLANE('',#10009);
#10009 = AXIS2_PLACEMENT_3D('',#10010,#10011,#10012);
#10010 = CARTESIAN_POINT('',(-8.3,-18.2,7.9));
#10011 = DIRECTION('',(-0.,1.,0.));
#10012 = DIRECTION('',(0.,0.,1.));
#10013 = DEFINITIONAL_REPRESENTATION('',(#10014),#10017);
#10014 = B_SPLINE_CURVE_WITH_KNOTS('',1,(#10015,#10016),.UNSPECIFIED.,
  .F.,.F.,(2,2),(-17.1,-0.5),.PIECEWISE_BEZIER_KNOTS.);
#10015 = CARTESIAN_POINT('',(3.6,16.6));
#10016 = CARTESIAN_POINT('',(3.6,0.));
#10017 = ( GEOMETRIC_REPRESENTATION_CONTEXT(2) 
PARAMETRIC_REPRESENTATION_CONTEXT() REPRESENTATION_CONTEXT('2D SPACE',''
  ) );
#10018 = ORIENTED_EDGE('',*,*,#10019,.F.);
#10019 = EDGE_CURVE('',#9939,#9993,#10020,.T.);
#10020 = SURFACE_CURVE('',#10021,(#10025,#10032),.PCURVE_S1.);
#10021 = LINE('',#10022,#10023);
#10022 = CARTESIAN_POINT('',(-8.3,-28.3,11.5));
#10023 = VECTOR('',#10024,1.);
#10024 = DIRECTION('',(-0.,1.,0.));
#10025 = PCURVE('',#6948,#10026);
#10026 = DEFINITIONAL_REPRESENTATION('',(#10027),#10031);
#10027 = LINE('',#10028,#10029);
#10028 = CARTESIAN_POINT('',(-8.299999981973,-28.3));
#10029 = VECTOR('',#10030,1.);
#10030 = DIRECTION('',(0.,1.));
#10031 = ( GEOMETRIC_REPRESENTATION_CONTEXT(2) 
PARAMETRIC_REPRESENTATION_CONTEXT() REPRESENTATION_CONTEXT('2D SPACE',''
  ) );
#10032 = PCURVE('',#10033,#10038);
#10033 = PLANE('',#10034);
#10034 = AXIS2_PLACEMENT_3D('',#10035,#10036,#10037);
#10035 = CARTESIAN_POINT('',(-8.3,-27.8,7.9));
#10036 = DIRECTION('',(1.,0.,-0.));
#10037 = DIRECTION('',(0.,0.,1.));
#10038 = DEFINITIONAL_REPRESENTATION('',(#10039),#10042);
#10039 = B_SPLINE_CURVE_WITH_KNOTS('',1,(#10040,#10041),.UNSPECIFIED.,
  .F.,.F.,(2,2),(0.5,10.1),.PIECEWISE_BEZIER_KNOTS.);
#10040 = CARTESIAN_POINT('',(3.6,0.));
#10041 = CARTESIAN_POINT('',(3.6,-9.6));
#10042 = ( GEOMETRIC_REPRESENTATION_CONTEXT(2) 
PARAMETRIC_REPRESENTATION_CONTEXT() REPRESENTATION_CONTEXT('2D SPACE',''
  ) );
#10043 = FACE_BOUND('',#10044,.F.);
#10044 = EDGE_LOOP('',(#10045));
#10045 = ORIENTED_EDGE('',*,*,#6933,.F.);
#10046 = FACE_BOUND('',#10047,.F.);
#10047 = EDGE_LOOP('',(#10048));
#10048 = ORIENTED_EDGE('',*,*,#6988,.F.);
#10049 = FACE_BOUND('',#10050,.F.);
#10050 = EDGE_LOOP('',(#10051));
#10051 = ORIENTED_EDGE('',*,*,#7138,.F.);
#10052 = FACE_BOUND('',#10053,.F.);
#10053 = EDGE_LOOP('',(#10054));
#10054 = ORIENTED_EDGE('',*,*,#7288,.F.);
#10055 = FACE_BOUND('',#10056,.F.);
#10056 = EDGE_LOOP('',(#10057));
#10057 = ORIENTED_EDGE('',*,*,#7188,.F.);
#10058 = FACE_BOUND('',#10059,.F.);
#10059 = EDGE_LOOP('',(#10060));
#10060 = ORIENTED_EDGE('',*,*,#7238,.F.);
#10061 = FACE_BOUND('',#10062,.F.);
#10062 = EDGE_LOOP('',(#10063));
#10063 = ORIENTED_EDGE('',*,*,#7338,.F.);
#10064 = FACE_BOUND('',#10065,.F.);
#10065 = EDGE_LOOP('',(#10066));
#10066 = ORIENTED_EDGE('',*,*,#7388,.F.);
#10067 = FACE_BOUND('',#10068,.F.);
#10068 = EDGE_LOOP('',(#10069));
#10069 = ORIENTED_EDGE('',*,*,#7438,.F.);
#10070 = FACE_BOUND('',#10071,.F.);
#10071 = EDGE_LOOP('',(#10072));
#10072 = ORIENTED_EDGE('',*,*,#7488,.F.);
#10073 = FACE_BOUND('',#10074,.F.);
#10074 = EDGE_LOOP('',(#10075));
#10075 = ORIENTED_EDGE('',*,*,#7038,.F.);
#10076 = FACE_BOUND('',#10077,.F.);
#10077 = EDGE_LOOP('',(#10078));
#10078 = ORIENTED_EDGE('',*,*,#7538,.F.);
#10079 = FACE_BOUND('',#10080,.F.);
#10080 = EDGE_LOOP('',(#10081));
#10081 = ORIENTED_EDGE('',*,*,#7088,.F.);
#10082 = FACE_BOUND('',#10083,.F.);
#10083 = EDGE_LOOP('',(#10084));
#10084 = ORIENTED_EDGE('',*,*,#7688,.F.);
#10085 = FACE_BOUND('',#10086,.F.);
#10086 = EDGE_LOOP('',(#10087));
#10087 = ORIENTED_EDGE('',*,*,#7588,.F.);
#10088 = FACE_BOUND('',#10089,.F.);
#10089 = EDGE_LOOP('',(#10090));
#10090 = ORIENTED_EDGE('',*,*,#7638,.F.);
#10091 = FACE_BOUND('',#10092,.F.);
#10092 = EDGE_LOOP('',(#10093));
#10093 = ORIENTED_EDGE('',*,*,#7838,.F.);
#10094 = FACE_BOUND('',#10095,.F.);
#10095 = EDGE_LOOP('',(#10096));
#10096 = ORIENTED_EDGE('',*,*,#7738,.F.);
#10097 = FACE_BOUND('',#10098,.F.);
#10098 = EDGE_LOOP('',(#10099));
#10099 = ORIENTED_EDGE('',*,*,#7788,.F.);
#10100 = FACE_BOUND('',#10101,.F.);
#10101 = EDGE_LOOP('',(#10102));
#10102 = ORIENTED_EDGE('',*,*,#7888,.F.);
#10103 = FACE_BOUND('',#10104,.F.);
#10104 = EDGE_LOOP('',(#10105));
#10105 = ORIENTED_EDGE('',*,*,#7938,.F.);
#10106 = FACE_BOUND('',#10107,.F.);
#10107 = EDGE_LOOP('',(#10108));
#10108 = ORIENTED_EDGE('',*,*,#7988,.F.);
#10109 = FACE_BOUND('',#10110,.F.);
#10110 = EDGE_LOOP('',(#10111));
#10111 = ORIENTED_EDGE('',*,*,#8188,.F.);
#10112 = FACE_BOUND('',#10113,.F.);
#10113 = EDGE_LOOP('',(#10114));
#10114 = ORIENTED_EDGE('',*,*,#8288,.F.);
#10115 = FACE_BOUND('',#10116,.F.);
#10116 = EDGE_LOOP('',(#10117));
#10117 = ORIENTED_EDGE('',*,*,#8038,.F.);
#10118 = FACE_BOUND('',#10119,.F.);
#10119 = EDGE_LOOP('',(#10120));
#10120 = ORIENTED_EDGE('',*,*,#8488,.F.);
#10121 = FACE_BOUND('',#10122,.F.);
#10122 = EDGE_LOOP('',(#10123));
#10123 = ORIENTED_EDGE('',*,*,#8238,.F.);
#10124 = FACE_BOUND('',#10125,.F.);
#10125 = EDGE_LOOP('',(#10126));
#10126 = ORIENTED_EDGE('',*,*,#8388,.F.);
#10127 = FACE_BOUND('',#10128,.F.);
#10128 = EDGE_LOOP('',(#10129));
#10129 = ORIENTED_EDGE('',*,*,#8338,.F.);
#10130 = FACE_BOUND('',#10131,.F.);
#10131 = EDGE_LOOP('',(#10132));
#10132 = ORIENTED_EDGE('',*,*,#8438,.F.);
#10133 = FACE_BOUND('',#10134,.F.);
#10134 = EDGE_LOOP('',(#10135));
#10135 = ORIENTED_EDGE('',*,*,#8638,.F.);
#10136 = FACE_BOUND('',#10137,.F.);
#10137 = EDGE_LOOP('',(#10138));
#10138 = ORIENTED_EDGE('',*,*,#8688,.F.);
#10139 = FACE_BOUND('',#10140,.F.);
#10140 = EDGE_LOOP('',(#10141));
#10141 = ORIENTED_EDGE('',*,*,#8538,.F.);
#10142 = FACE_BOUND('',#10143,.F.);
#10143 = EDGE_LOOP('',(#10144));
#10144 = ORIENTED_EDGE('',*,*,#8588,.F.);
#10145 = FACE_BOUND('',#10146,.F.);
#10146 = EDGE_LOOP('',(#10147));
#10147 = ORIENTED_EDGE('',*,*,#8738,.F.);
#10148 = FACE_BOUND('',#10149,.F.);
#10149 = EDGE_LOOP('',(#10150));
#10150 = ORIENTED_EDGE('',*,*,#8088,.F.);
#10151 = FACE_BOUND('',#10152,.F.);
#10152 = EDGE_LOOP('',(#10153));
#10153 = ORIENTED_EDGE('',*,*,#8138,.F.);
#10154 = FACE_BOUND('',#10155,.F.);
#10155 = EDGE_LOOP('',(#10156));
#10156 = ORIENTED_EDGE('',*,*,#8788,.F.);
#10157 = FACE_BOUND('',#10158,.F.);
#10158 = EDGE_LOOP('',(#10159));
#10159 = ORIENTED_EDGE('',*,*,#8938,.F.);
#10160 = FACE_BOUND('',#10161,.F.);
#10161 = EDGE_LOOP('',(#10162));
#10162 = ORIENTED_EDGE('',*,*,#8838,.F.);
#10163 = FACE_BOUND('',#10164,.F.);
#10164 = EDGE_LOOP('',(#10165));
#10165 = ORIENTED_EDGE('',*,*,#8888,.F.);
#10166 = FACE_BOUND('',#10167,.F.);
#10167 = EDGE_LOOP('',(#10168));
#10168 = ORIENTED_EDGE('',*,*,#8988,.F.);
#10169 = FACE_BOUND('',#10170,.F.);
#10170 = EDGE_LOOP('',(#10171));
#10171 = ORIENTED_EDGE('',*,*,#9038,.F.);
#10172 = FACE_BOUND('',#10173,.F.);
#10173 = EDGE_LOOP('',(#10174));
#10174 = ORIENTED_EDGE('',*,*,#9088,.F.);
#10175 = FACE_BOUND('',#10176,.F.);
#10176 = EDGE_LOOP('',(#10177));
#10177 = ORIENTED_EDGE('',*,*,#9138,.F.);
#10178 = ADVANCED_FACE('',(#10179,#10182),#9203,.T.);
#10179 = FACE_BOUND('',#10180,.T.);
#10180 = EDGE_LOOP('',(#10181));
#10181 = ORIENTED_EDGE('',*,*,#9188,.T.);
#10182 = FACE_BOUND('',#10183,.T.);
#10183 = EDGE_LOOP('',(#10184));
#10184 = ORIENTED_EDGE('',*,*,#10185,.F.);
#10185 = EDGE_CURVE('',#10186,#10186,#10188,.T.);
#10186 = VERTEX_POINT('',#10187);
#10187 = CARTESIAN_POINT('',(12.9,-31.5,12.25));
#10188 = SURFACE_CURVE('',#10189,(#10194,#10201),.PCURVE_S1.);
#10189 = CIRCLE('',#10190,1.1);
#10190 = AXIS2_PLACEMENT_3D('',#10191,#10192,#10193);
#10191 = CARTESIAN_POINT('',(11.8,-31.5,12.25));
#10192 = DIRECTION('',(0.,0.,1.));
#10193 = DIRECTION('',(1.,0.,-0.));
#10194 = PCURVE('',#9203,#10195);
#10195 = DEFINITIONAL_REPRESENTATION('',(#10196),#10200);
#10196 = CIRCLE('',#10197,1.1);
#10197 = AXIS2_PLACEMENT_2D('',#10198,#10199);
#10198 = CARTESIAN_POINT('',(0.,0.));
#10199 = DIRECTION('',(1.,0.));
#10200 = ( GEOMETRIC_REPRESENTATION_CONTEXT(2) 
PARAMETRIC_REPRESENTATION_CONTEXT() REPRESENTATION_CONTEXT('2D SPACE',''
  ) );
#10201 = PCURVE('',#10202,#10207);
#10202 = CYLINDRICAL_SURFACE('',#10203,1.1);
#10203 = AXIS2_PLACEMENT_3D('',#10204,#10205,#10206);
#10204 = CARTESIAN_POINT('',(11.8,-31.5,1.52));
#10205 = DIRECTION('',(0.,0.,1.));
#10206 = DIRECTION('',(1.,0.,-0.));
#10207 = DEFINITIONAL_REPRESENTATION('',(#10208),#10212);
#10208 = LINE('',#10209,#10210);
#10209 = CARTESIAN_POINT('',(0.,10.73));
#10210 = VECTOR('',#10211,1.);
#10211 = DIRECTION('',(1.,0.));
#10212 = ( GEOMETRIC_REPRESENTATION_CONTEXT(2) 
PARAMETRIC_REPRESENTATION_CONTEXT() REPRESENTATION_CONTEXT('2D SPACE',''
  ) );
#10213 = ADVANCED_FACE('',(#10214,#10217),#9258,.T.);
#10214 = FACE_BOUND('',#10215,.T.);
#10215 = EDGE_LOOP('',(#10216));
#10216 = ORIENTED_EDGE('',*,*,#9243,.T.);
#10217 = FACE_BOUND('',#10218,.T.);
#10218 = EDGE_LOOP('',(#10219));
#10219 = ORIENTED_EDGE('',*,*,#10220,.F.);
#10220 = EDGE_CURVE('',#10221,#10221,#10223,.T.);
#10221 = VERTEX_POINT('',#10222);
#10222 = CARTESIAN_POINT('',(-10.7,31.5,12.25));
#10223 = SURFACE_CURVE('',#10224,(#10229,#10236),.PCURVE_S1.);
#10224 = CIRCLE('',#10225,1.1);
#10225 = AXIS2_PLACEMENT_3D('',#10226,#10227,#10228);
#10226 = CARTESIAN_POINT('',(-11.8,31.5,12.25));
#10227 = DIRECTION('',(0.,0.,1.));
#10228 = DIRECTION('',(1.,0.,-0.));
#10229 = PCURVE('',#9258,#10230);
#10230 = DEFINITIONAL_REPRESENTATION('',(#10231),#10235);
#10231 = CIRCLE('',#10232,1.1);
#10232 = AXIS2_PLACEMENT_2D('',#10233,#10234);
#10233 = CARTESIAN_POINT('',(0.,0.));
#10234 = DIRECTION('',(1.,0.));
#10235 = ( GEOMETRIC_REPRESENTATION_CONTEXT(2) 
PARAMETRIC_REPRESENTATION_CONTEXT() REPRESENTATION_CONTEXT('2D SPACE',''
  ) );
#10236 = PCURVE('',#10237,#10242);
#10237 = CYLINDRICAL_SURFACE('',#10238,1.1);
#10238 = AXIS2_PLACEMENT_3D('',#10239,#10240,#10241);
#10239 = CARTESIAN_POINT('',(-11.8,31.5,1.52));
#10240 = DIRECTION('',(0.,0.,1.));
#10241 = DIRECTION('',(1.,0.,-0.));
#10242 = DEFINITIONAL_REPRESENTATION('',(#10243),#10247);
#10243 = LINE('',#10244,#10245);
#10244 = CARTESIAN_POINT('',(0.,10.73));
#10245 = VECTOR('',#10246,1.);
#10246 = DIRECTION('',(1.,0.));
#10247 = ( GEOMETRIC_REPRESENTATION_CONTEXT(2) 
PARAMETRIC_REPRESENTATION_CONTEXT() REPRESENTATION_CONTEXT('2D SPACE',''
  ) );
#10248 = ADVANCED_FACE('',(#10249,#10280),#9313,.F.);
#10249 = FACE_BOUND('',#10250,.F.);
#10250 = EDGE_LOOP('',(#10251));
#10251 = ORIENTED_EDGE('',*,*,#10252,.T.);
#10252 = EDGE_CURVE('',#10253,#10253,#10255,.T.);
#10253 = VERTEX_POINT('',#10254);
#10254 = CARTESIAN_POINT('',(8.4,14.,10.6));
#10255 = SURFACE_CURVE('',#10256,(#10261,#10268),.PCURVE_S1.);
#10256 = CIRCLE('',#10257,2.4);
#10257 = AXIS2_PLACEMENT_3D('',#10258,#10259,#10260);
#10258 = CARTESIAN_POINT('',(6.,14.,10.6));
#10259 = DIRECTION('',(0.,0.,1.));
#10260 = DIRECTION('',(1.,0.,-0.));
#10261 = PCURVE('',#9313,#10262);
#10262 = DEFINITIONAL_REPRESENTATION('',(#10263),#10267);
#10263 = CIRCLE('',#10264,2.4);
#10264 = AXIS2_PLACEMENT_2D('',#10265,#10266);
#10265 = CARTESIAN_POINT('',(0.,0.));
#10266 = DIRECTION('',(1.,0.));
#10267 = ( GEOMETRIC_REPRESENTATION_CONTEXT(2) 
PARAMETRIC_REPRESENTATION_CONTEXT() REPRESENTATION_CONTEXT('2D SPACE',''
  ) );
#10268 = PCURVE('',#10269,#10274);
#10269 = CYLINDRICAL_SURFACE('',#10270,2.4);
#10270 = AXIS2_PLACEMENT_3D('',#10271,#10272,#10273);
#10271 = CARTESIAN_POINT('',(6.,14.,10.6));
#10272 = DIRECTION('',(0.,0.,1.));
#10273 = DIRECTION('',(1.,0.,-0.));
#10274 = DEFINITIONAL_REPRESENTATION('',(#10275),#10279);
#10275 = LINE('',#10276,#10277);
#10276 = CARTESIAN_POINT('',(0.,0.));
#10277 = VECTOR('',#10278,1.);
#10278 = DIRECTION('',(1.,0.));
#10279 = ( GEOMETRIC_REPRESENTATION_CONTEXT(2) 
PARAMETRIC_REPRESENTATION_CONTEXT() REPRESENTATION_CONTEXT('2D SPACE',''
  ) );
#10280 = FACE_BOUND('',#10281,.F.);
#10281 = EDGE_LOOP('',(#10282));
#10282 = ORIENTED_EDGE('',*,*,#9298,.F.);
#10283 = ADVANCED_FACE('',(#10284,#10287),#9368,.T.);
#10284 = FACE_BOUND('',#10285,.T.);
#10285 = EDGE_LOOP('',(#10286));
#10286 = ORIENTED_EDGE('',*,*,#9353,.T.);
#10287 = FACE_BOUND('',#10288,.T.);
#10288 = EDGE_LOOP('',(#10289));
#10289 = ORIENTED_EDGE('',*,*,#10290,.F.);
#10290 = EDGE_CURVE('',#10291,#10291,#10293,.T.);
#10291 = VERTEX_POINT('',#10292);
#10292 = CARTESIAN_POINT('',(12.9,31.5,12.25));
#10293 = SURFACE_CURVE('',#10294,(#10299,#10306),.PCURVE_S1.);
#10294 = CIRCLE('',#10295,1.1);
#10295 = AXIS2_PLACEMENT_3D('',#10296,#10297,#10298);
#10296 = CARTESIAN_POINT('',(11.8,31.5,12.25));
#10297 = DIRECTION('',(0.,0.,1.));
#10298 = DIRECTION('',(1.,0.,-0.));
#10299 = PCURVE('',#9368,#10300);
#10300 = DEFINITIONAL_REPRESENTATION('',(#10301),#10305);
#10301 = CIRCLE('',#10302,1.1);
#10302 = AXIS2_PLACEMENT_2D('',#10303,#10304);
#10303 = CARTESIAN_POINT('',(0.,0.));
#10304 = DIRECTION('',(1.,0.));
#10305 = ( GEOMETRIC_REPRESENTATION_CONTEXT(2) 
PARAMETRIC_REPRESENTATION_CONTEXT() REPRESENTATION_CONTEXT('2D SPACE',''
  ) );
#10306 = PCURVE('',#10307,#10312);
#10307 = CYLINDRICAL_SURFACE('',#10308,1.1);
#10308 = AXIS2_PLACEMENT_3D('',#10309,#10310,#10311);
#10309 = CARTESIAN_POINT('',(11.8,31.5,1.52));
#10310 = DIRECTION('',(0.,0.,1.));
#10311 = DIRECTION('',(1.,0.,-0.));
#10312 = DEFINITIONAL_REPRESENTATION('',(#10313),#10317);
#10313 = LINE('',#10314,#10315);
#10314 = CARTESIAN_POINT('',(0.,10.73));
#10315 = VECTOR('',#10316,1.);
#10316 = DIRECTION('',(1.,0.));
#10317 = ( GEOMETRIC_REPRESENTATION_CONTEXT(2) 
PARAMETRIC_REPRESENTATION_CONTEXT() REPRESENTATION_CONTEXT('2D SPACE',''
  ) );
#10318 = ADVANCED_FACE('',(#10319),#9411,.F.);
#10319 = FACE_BOUND('',#10320,.F.);
#10320 = EDGE_LOOP('',(#10321,#10344,#10345,#10366));
#10321 = ORIENTED_EDGE('',*,*,#10322,.F.);
#10322 = EDGE_CURVE('',#9395,#10323,#10325,.T.);
#10323 = VERTEX_POINT('',#10324);
#10324 = CARTESIAN_POINT('',(-13.45,33.,11.5));
#10325 = SURFACE_CURVE('',#10326,(#10330,#10337),.PCURVE_S1.);
#10326 = LINE('',#10327,#10328);
#10327 = CARTESIAN_POINT('',(-13.45,33.,9.8));
#10328 = VECTOR('',#10329,1.);
#10329 = DIRECTION('',(0.,0.,1.));
#10330 = PCURVE('',#9411,#10331);
#10331 = DEFINITIONAL_REPRESENTATION('',(#10332),#10336);
#10332 = LINE('',#10333,#10334);
#10333 = CARTESIAN_POINT('',(66.,0.));
#10334 = VECTOR('',#10335,1.);
#10335 = DIRECTION('',(0.,-1.));
#10336 = ( GEOMETRIC_REPRESENTATION_CONTEXT(2) 
PARAMETRIC_REPRESENTATION_CONTEXT() REPRESENTATION_CONTEXT('2D SPACE',''
  ) );
#10337 = PCURVE('',#9443,#10338);
#10338 = DEFINITIONAL_REPRESENTATION('',(#10339),#10343);
#10339 = LINE('',#10340,#10341);
#10340 = CARTESIAN_POINT('',(-3.14159265359,0.));
#10341 = VECTOR('',#10342,1.);
#10342 = DIRECTION('',(-0.,-1.));
#10343 = ( GEOMETRIC_REPRESENTATION_CONTEXT(2) 
PARAMETRIC_REPRESENTATION_CONTEXT() REPRESENTATION_CONTEXT('2D SPACE',''
  ) );
#10344 = ORIENTED_EDGE('',*,*,#9394,.T.);
#10345 = ORIENTED_EDGE('',*,*,#10346,.T.);
#10346 = EDGE_CURVE('',#9397,#10347,#10349,.T.);
#10347 = VERTEX_POINT('',#10348);
#10348 = CARTESIAN_POINT('',(-13.45,32.955163221086,11.5));
#10349 = SURFACE_CURVE('',#10350,(#10354,#10360),.PCURVE_S1.);
#10350 = LINE('',#10351,#10352);
#10351 = CARTESIAN_POINT('',(-13.45,32.955163221086,1.62));
#10352 = VECTOR('',#10353,1.);
#10353 = DIRECTION('',(0.,0.,1.));
#10354 = PCURVE('',#9411,#10355);
#10355 = DEFINITIONAL_REPRESENTATION('',(#10356),#10359);
#10356 = B_SPLINE_CURVE_WITH_KNOTS('',1,(#10357,#10358),.UNSPECIFIED.,
  .F.,.F.,(2,2),(8.12,9.9300024),.PIECEWISE_BEZIER_KNOTS.);
#10357 = CARTESIAN_POINT('',(65.955163221086,6.E-02));
#10358 = CARTESIAN_POINT('',(65.955163221086,-1.7500024));
#10359 = ( GEOMETRIC_REPRESENTATION_CONTEXT(2) 
PARAMETRIC_REPRESENTATION_CONTEXT() REPRESENTATION_CONTEXT('2D SPACE',''
  ) );
#10360 = PCURVE('',#9886,#10361);
#10361 = DEFINITIONAL_REPRESENTATION('',(#10362),#10365);
#10362 = B_SPLINE_CURVE_WITH_KNOTS('',1,(#10363,#10364),.UNSPECIFIED.,
  .F.,.F.,(2,2),(8.12,9.9300024),.PIECEWISE_BEZIER_KNOTS.);
#10363 = CARTESIAN_POINT('',(2.418858405776,8.12));
#10364 = CARTESIAN_POINT('',(2.418858405776,9.9300024));
#10365 = ( GEOMETRIC_REPRESENTATION_CONTEXT(2) 
PARAMETRIC_REPRESENTATION_CONTEXT() REPRESENTATION_CONTEXT('2D SPACE',''
  ) );
#10366 = ORIENTED_EDGE('',*,*,#10367,.F.);
#10367 = EDGE_CURVE('',#10323,#10347,#10368,.T.);
#10368 = SURFACE_CURVE('',#10369,(#10373,#10379),.PCURVE_S1.);
#10369 = LINE('',#10370,#10371);
#10370 = CARTESIAN_POINT('',(-13.45,-16.5,11.5));
#10371 = VECTOR('',#10372,1.);
#10372 = DIRECTION('',(0.,-1.,0.));
#10373 = PCURVE('',#9411,#10374);
#10374 = DEFINITIONAL_REPRESENTATION('',(#10375),#10378);
#10375 = B_SPLINE_CURVE_WITH_KNOTS('',1,(#10376,#10377),.UNSPECIFIED.,
  .F.,.F.,(2,2),(-49.5,16.5),.PIECEWISE_BEZIER_KNOTS.);
#10376 = CARTESIAN_POINT('',(66.,-1.7));
#10377 = CARTESIAN_POINT('',(0.,-1.7));
#10378 = ( GEOMETRIC_REPRESENTATION_CONTEXT(2) 
PARAMETRIC_REPRESENTATION_CONTEXT() REPRESENTATION_CONTEXT('2D SPACE',''
  ) );
#10379 = PCURVE('',#10380,#10385);
#10380 = PLANE('',#10381);
#10381 = AXIS2_PLACEMENT_3D('',#10382,#10383,#10384);
#10382 = CARTESIAN_POINT('',(-1.802653120241E-08,1.441275091753E-15,11.5
    ));
#10383 = DIRECTION('',(0.,0.,1.));
#10384 = DIRECTION('',(1.,0.,-0.));
#10385 = DEFINITIONAL_REPRESENTATION('',(#10386),#10390);
#10386 = LINE('',#10387,#10388);
#10387 = CARTESIAN_POINT('',(-13.44999998197,-16.5));
#10388 = VECTOR('',#10389,1.);
#10389 = DIRECTION('',(0.,-1.));
#10390 = ( GEOMETRIC_REPRESENTATION_CONTEXT(2) 
PARAMETRIC_REPRESENTATION_CONTEXT() REPRESENTATION_CONTEXT('2D SPACE',''
  ) );
#10391 = ADVANCED_FACE('',(#10392),#9886,.T.);
#10392 = FACE_BOUND('',#10393,.T.);
#10393 = EDGE_LOOP('',(#10394,#10418,#10441,#10468,#10469,#10493,#10512,
    #10513));
#10394 = ORIENTED_EDGE('',*,*,#10395,.F.);
#10395 = EDGE_CURVE('',#10396,#10347,#10398,.T.);
#10396 = VERTEX_POINT('',#10397);
#10397 = CARTESIAN_POINT('',(-9.6,31.5,11.5));
#10398 = SURFACE_CURVE('',#10399,(#10404,#10411),.PCURVE_S1.);
#10399 = CIRCLE('',#10400,2.2);
#10400 = AXIS2_PLACEMENT_3D('',#10401,#10402,#10403);
#10401 = CARTESIAN_POINT('',(-11.8,31.5,11.5));
#10402 = DIRECTION('',(0.,0.,1.));
#10403 = DIRECTION('',(1.,0.,-0.));
#10404 = PCURVE('',#9886,#10405);
#10405 = DEFINITIONAL_REPRESENTATION('',(#10406),#10410);
#10406 = LINE('',#10407,#10408);
#10407 = CARTESIAN_POINT('',(0.,9.88));
#10408 = VECTOR('',#10409,1.);
#10409 = DIRECTION('',(1.,0.));
#10410 = ( GEOMETRIC_REPRESENTATION_CONTEXT(2) 
PARAMETRIC_REPRESENTATION_CONTEXT() REPRESENTATION_CONTEXT('2D SPACE',''
  ) );
#10411 = PCURVE('',#10380,#10412);
#10412 = DEFINITIONAL_REPRESENTATION('',(#10413),#10417);
#10413 = CIRCLE('',#10414,2.2);
#10414 = AXIS2_PLACEMENT_2D('',#10415,#10416);
#10415 = CARTESIAN_POINT('',(-11.79999998197,31.5));
#10416 = DIRECTION('',(1.,0.));
#10417 = ( GEOMETRIC_REPRESENTATION_CONTEXT(2) 
PARAMETRIC_REPRESENTATION_CONTEXT() REPRESENTATION_CONTEXT('2D SPACE',''
  ) );
#10418 = ORIENTED_EDGE('',*,*,#10419,.F.);
#10419 = EDGE_CURVE('',#10420,#10396,#10422,.T.);
#10420 = VERTEX_POINT('',#10421);
#10421 = CARTESIAN_POINT('',(-9.6,31.5,1.62));
#10422 = SEAM_CURVE('',#10423,(#10427,#10434),.PCURVE_S1.);
#10423 = LINE('',#10424,#10425);
#10424 = CARTESIAN_POINT('',(-9.6,31.5,1.62));
#10425 = VECTOR('',#10426,1.);
#10426 = DIRECTION('',(0.,0.,1.));
#10427 = PCURVE('',#9886,#10428);
#10428 = DEFINITIONAL_REPRESENTATION('',(#10429),#10433);
#10429 = LINE('',#10430,#10431);
#10430 = CARTESIAN_POINT('',(6.28318530718,-0.));
#10431 = VECTOR('',#10432,1.);
#10432 = DIRECTION('',(0.,1.));
#10433 = ( GEOMETRIC_REPRESENTATION_CONTEXT(2) 
PARAMETRIC_REPRESENTATION_CONTEXT() REPRESENTATION_CONTEXT('2D SPACE',''
  ) );
#10434 = PCURVE('',#9886,#10435);
#10435 = DEFINITIONAL_REPRESENTATION('',(#10436),#10440);
#10436 = LINE('',#10437,#10438);
#10437 = CARTESIAN_POINT('',(0.,-0.));
#10438 = VECTOR('',#10439,1.);
#10439 = DIRECTION('',(0.,1.));
#10440 = ( GEOMETRIC_REPRESENTATION_CONTEXT(2) 
PARAMETRIC_REPRESENTATION_CONTEXT() REPRESENTATION_CONTEXT('2D SPACE',''
  ) );
#10441 = ORIENTED_EDGE('',*,*,#10442,.T.);
#10442 = EDGE_CURVE('',#10420,#10420,#10443,.T.);
#10443 = SURFACE_CURVE('',#10444,(#10449,#10456),.PCURVE_S1.);
#10444 = CIRCLE('',#10445,2.2);
#10445 = AXIS2_PLACEMENT_3D('',#10446,#10447,#10448);
#10446 = CARTESIAN_POINT('',(-11.8,31.5,1.62));
#10447 = DIRECTION('',(0.,0.,1.));
#10448 = DIRECTION('',(1.,0.,-0.));
#10449 = PCURVE('',#9886,#10450);
#10450 = DEFINITIONAL_REPRESENTATION('',(#10451),#10455);
#10451 = LINE('',#10452,#10453);
#10452 = CARTESIAN_POINT('',(0.,0.));
#10453 = VECTOR('',#10454,1.);
#10454 = DIRECTION('',(1.,0.));
#10455 = ( GEOMETRIC_REPRESENTATION_CONTEXT(2) 
PARAMETRIC_REPRESENTATION_CONTEXT() REPRESENTATION_CONTEXT('2D SPACE',''
  ) );
#10456 = PCURVE('',#10457,#10462);
#10457 = PLANE('',#10458);
#10458 = AXIS2_PLACEMENT_3D('',#10459,#10460,#10461);
#10459 = CARTESIAN_POINT('',(-11.8,31.5,1.62));
#10460 = DIRECTION('',(0.,0.,1.));
#10461 = DIRECTION('',(1.,0.,-0.));
#10462 = DEFINITIONAL_REPRESENTATION('',(#10463),#10467);
#10463 = CIRCLE('',#10464,2.2);
#10464 = AXIS2_PLACEMENT_2D('',#10465,#10466);
#10465 = CARTESIAN_POINT('',(0.,0.));
#10466 = DIRECTION('',(1.,0.));
#10467 = ( GEOMETRIC_REPRESENTATION_CONTEXT(2) 
PARAMETRIC_REPRESENTATION_CONTEXT() REPRESENTATION_CONTEXT('2D SPACE',''
  ) );
#10468 = ORIENTED_EDGE('',*,*,#10419,.T.);
#10469 = ORIENTED_EDGE('',*,*,#10470,.F.);
#10470 = EDGE_CURVE('',#10471,#10396,#10473,.T.);
#10471 = VERTEX_POINT('',#10472);
#10472 = CARTESIAN_POINT('',(-13.45,30.044836778914,11.5));
#10473 = SURFACE_CURVE('',#10474,(#10479,#10486),.PCURVE_S1.);
#10474 = CIRCLE('',#10475,2.2);
#10475 = AXIS2_PLACEMENT_3D('',#10476,#10477,#10478);
#10476 = CARTESIAN_POINT('',(-11.8,31.5,11.5));
#10477 = DIRECTION('',(0.,0.,1.));
#10478 = DIRECTION('',(1.,0.,-0.));
#10479 = PCURVE('',#9886,#10480);
#10480 = DEFINITIONAL_REPRESENTATION('',(#10481),#10485);
#10481 = LINE('',#10482,#10483);
#10482 = CARTESIAN_POINT('',(0.,9.88));
#10483 = VECTOR('',#10484,1.);
#10484 = DIRECTION('',(1.,0.));
#10485 = ( GEOMETRIC_REPRESENTATION_CONTEXT(2) 
PARAMETRIC_REPRESENTATION_CONTEXT() REPRESENTATION_CONTEXT('2D SPACE',''
  ) );
#10486 = PCURVE('',#10380,#10487);
#10487 = DEFINITIONAL_REPRESENTATION('',(#10488),#10492);
#10488 = CIRCLE('',#10489,2.2);
#10489 = AXIS2_PLACEMENT_2D('',#10490,#10491);
#10490 = CARTESIAN_POINT('',(-11.79999998197,31.5));
#10491 = DIRECTION('',(1.,0.));
#10492 = ( GEOMETRIC_REPRESENTATION_CONTEXT(2) 
PARAMETRIC_REPRESENTATION_CONTEXT() REPRESENTATION_CONTEXT('2D SPACE',''
  ) );
#10493 = ORIENTED_EDGE('',*,*,#10494,.F.);
#10494 = EDGE_CURVE('',#9846,#10471,#10495,.T.);
#10495 = SURFACE_CURVE('',#10496,(#10500,#10506),.PCURVE_S1.);
#10496 = LINE('',#10497,#10498);
#10497 = CARTESIAN_POINT('',(-13.45,30.044836778914,1.62));
#10498 = VECTOR('',#10499,1.);
#10499 = DIRECTION('',(0.,0.,1.));
#10500 = PCURVE('',#9886,#10501);
#10501 = DEFINITIONAL_REPRESENTATION('',(#10502),#10505);
#10502 = B_SPLINE_CURVE_WITH_KNOTS('',1,(#10503,#10504),.UNSPECIFIED.,
  .F.,.F.,(2,2),(8.12,9.9300024),.PIECEWISE_BEZIER_KNOTS.);
#10503 = CARTESIAN_POINT('',(3.864326901403,8.12));
#10504 = CARTESIAN_POINT('',(3.864326901403,9.9300024));
#10505 = ( GEOMETRIC_REPRESENTATION_CONTEXT(2) 
PARAMETRIC_REPRESENTATION_CONTEXT() REPRESENTATION_CONTEXT('2D SPACE',''
  ) );
#10506 = PCURVE('',#9860,#10507);
#10507 = DEFINITIONAL_REPRESENTATION('',(#10508),#10511);
#10508 = B_SPLINE_CURVE_WITH_KNOTS('',1,(#10509,#10510),.UNSPECIFIED.,
  .F.,.F.,(2,2),(8.12,9.9300024),.PIECEWISE_BEZIER_KNOTS.);
#10509 = CARTESIAN_POINT('',(63.044836778914,6.E-02));
#10510 = CARTESIAN_POINT('',(63.044836778914,-1.7500024));
#10511 = ( GEOMETRIC_REPRESENTATION_CONTEXT(2) 
PARAMETRIC_REPRESENTATION_CONTEXT() REPRESENTATION_CONTEXT('2D SPACE',''
  ) );
#10512 = ORIENTED_EDGE('',*,*,#9871,.F.);
#10513 = ORIENTED_EDGE('',*,*,#10346,.T.);
#10514 = ADVANCED_FACE('',(#10515),#9860,.F.);
#10515 = FACE_BOUND('',#10516,.F.);
#10516 = EDGE_LOOP('',(#10517,#10518,#10519,#10540));
#10517 = ORIENTED_EDGE('',*,*,#10494,.F.);
#10518 = ORIENTED_EDGE('',*,*,#9845,.T.);
#10519 = ORIENTED_EDGE('',*,*,#10520,.T.);
#10520 = EDGE_CURVE('',#9817,#10521,#10523,.T.);
#10521 = VERTEX_POINT('',#10522);
#10522 = CARTESIAN_POINT('',(-13.45,-30.04483677891,11.5));
#10523 = SURFACE_CURVE('',#10524,(#10528,#10534),.PCURVE_S1.);
#10524 = LINE('',#10525,#10526);
#10525 = CARTESIAN_POINT('',(-13.45,-30.04483677891,1.62));
#10526 = VECTOR('',#10527,1.);
#10527 = DIRECTION('',(0.,0.,1.));
#10528 = PCURVE('',#9860,#10529);
#10529 = DEFINITIONAL_REPRESENTATION('',(#10530),#10533);
#10530 = B_SPLINE_CURVE_WITH_KNOTS('',1,(#10531,#10532),.UNSPECIFIED.,
  .F.,.F.,(2,2),(8.12,9.9300024),.PIECEWISE_BEZIER_KNOTS.);
#10531 = CARTESIAN_POINT('',(2.955163221086,6.E-02));
#10532 = CARTESIAN_POINT('',(2.955163221086,-1.7500024));
#10533 = ( GEOMETRIC_REPRESENTATION_CONTEXT(2) 
PARAMETRIC_REPRESENTATION_CONTEXT() REPRESENTATION_CONTEXT('2D SPACE',''
  ) );
#10534 = PCURVE('',#9833,#10535);
#10535 = DEFINITIONAL_REPRESENTATION('',(#10536),#10539);
#10536 = B_SPLINE_CURVE_WITH_KNOTS('',1,(#10537,#10538),.UNSPECIFIED.,
  .F.,.F.,(2,2),(8.12,9.9300024),.PIECEWISE_BEZIER_KNOTS.);
#10537 = CARTESIAN_POINT('',(2.418858405776,8.12));
#10538 = CARTESIAN_POINT('',(2.418858405776,9.9300024));
#10539 = ( GEOMETRIC_REPRESENTATION_CONTEXT(2) 
PARAMETRIC_REPRESENTATION_CONTEXT() REPRESENTATION_CONTEXT('2D SPACE',''
  ) );
#10540 = ORIENTED_EDGE('',*,*,#10541,.F.);
#10541 = EDGE_CURVE('',#10471,#10521,#10542,.T.);
#10542 = SURFACE_CURVE('',#10543,(#10547,#10553),.PCURVE_S1.);
#10543 = LINE('',#10544,#10545);
#10544 = CARTESIAN_POINT('',(-13.45,-16.5,11.5));
#10545 = VECTOR('',#10546,1.);
#10546 = DIRECTION('',(0.,-1.,0.));
#10547 = PCURVE('',#9860,#10548);
#10548 = DEFINITIONAL_REPRESENTATION('',(#10549),#10552);
#10549 = B_SPLINE_CURVE_WITH_KNOTS('',1,(#10550,#10551),.UNSPECIFIED.,
  .F.,.F.,(2,2),(-49.5,16.5),.PIECEWISE_BEZIER_KNOTS.);
#10550 = CARTESIAN_POINT('',(66.,-1.7));
#10551 = CARTESIAN_POINT('',(0.,-1.7));
#10552 = ( GEOMETRIC_REPRESENTATION_CONTEXT(2) 
PARAMETRIC_REPRESENTATION_CONTEXT() REPRESENTATION_CONTEXT('2D SPACE',''
  ) );
#10553 = PCURVE('',#10380,#10554);
#10554 = DEFINITIONAL_REPRESENTATION('',(#10555),#10559);
#10555 = LINE('',#10556,#10557);
#10556 = CARTESIAN_POINT('',(-13.44999998197,-16.5));
#10557 = VECTOR('',#10558,1.);
#10558 = DIRECTION('',(0.,-1.));
#10559 = ( GEOMETRIC_REPRESENTATION_CONTEXT(2) 
PARAMETRIC_REPRESENTATION_CONTEXT() REPRESENTATION_CONTEXT('2D SPACE',''
  ) );
#10560 = ADVANCED_FACE('',(#10561),#9833,.T.);
#10561 = FACE_BOUND('',#10562,.T.);
#10562 = EDGE_LOOP('',(#10563,#10587,#10610,#10637,#10638,#10662,#10681,
    #10682));
#10563 = ORIENTED_EDGE('',*,*,#10564,.F.);
#10564 = EDGE_CURVE('',#10565,#10521,#10567,.T.);
#10565 = VERTEX_POINT('',#10566);
#10566 = CARTESIAN_POINT('',(-9.6,-31.5,11.5));
#10567 = SURFACE_CURVE('',#10568,(#10573,#10580),.PCURVE_S1.);
#10568 = CIRCLE('',#10569,2.2);
#10569 = AXIS2_PLACEMENT_3D('',#10570,#10571,#10572);
#10570 = CARTESIAN_POINT('',(-11.8,-31.5,11.5));
#10571 = DIRECTION('',(0.,0.,1.));
#10572 = DIRECTION('',(1.,0.,-0.));
#10573 = PCURVE('',#9833,#10574);
#10574 = DEFINITIONAL_REPRESENTATION('',(#10575),#10579);
#10575 = LINE('',#10576,#10577);
#10576 = CARTESIAN_POINT('',(0.,9.88));
#10577 = VECTOR('',#10578,1.);
#10578 = DIRECTION('',(1.,0.));
#10579 = ( GEOMETRIC_REPRESENTATION_CONTEXT(2) 
PARAMETRIC_REPRESENTATION_CONTEXT() REPRESENTATION_CONTEXT('2D SPACE',''
  ) );
#10580 = PCURVE('',#10380,#10581);
#10581 = DEFINITIONAL_REPRESENTATION('',(#10582),#10586);
#10582 = CIRCLE('',#10583,2.2);
#10583 = AXIS2_PLACEMENT_2D('',#10584,#10585);
#10584 = CARTESIAN_POINT('',(-11.79999998197,-31.5));
#10585 = DIRECTION('',(1.,0.));
#10586 = ( GEOMETRIC_REPRESENTATION_CONTEXT(2) 
PARAMETRIC_REPRESENTATION_CONTEXT() REPRESENTATION_CONTEXT('2D SPACE',''
  ) );
#10587 = ORIENTED_EDGE('',*,*,#10588,.F.);
#10588 = EDGE_CURVE('',#10589,#10565,#10591,.T.);
#10589 = VERTEX_POINT('',#10590);
#10590 = CARTESIAN_POINT('',(-9.6,-31.5,1.62));
#10591 = SEAM_CURVE('',#10592,(#10596,#10603),.PCURVE_S1.);
#10592 = LINE('',#10593,#10594);
#10593 = CARTESIAN_POINT('',(-9.6,-31.5,1.62));
#10594 = VECTOR('',#10595,1.);
#10595 = DIRECTION('',(0.,0.,1.));
#10596 = PCURVE('',#9833,#10597);
#10597 = DEFINITIONAL_REPRESENTATION('',(#10598),#10602);
#10598 = LINE('',#10599,#10600);
#10599 = CARTESIAN_POINT('',(6.28318530718,-0.));
#10600 = VECTOR('',#10601,1.);
#10601 = DIRECTION('',(0.,1.));
#10602 = ( GEOMETRIC_REPRESENTATION_CONTEXT(2) 
PARAMETRIC_REPRESENTATION_CONTEXT() REPRESENTATION_CONTEXT('2D SPACE',''
  ) );
#10603 = PCURVE('',#9833,#10604);
#10604 = DEFINITIONAL_REPRESENTATION('',(#10605),#10609);
#10605 = LINE('',#10606,#10607);
#10606 = CARTESIAN_POINT('',(0.,-0.));
#10607 = VECTOR('',#10608,1.);
#10608 = DIRECTION('',(0.,1.));
#10609 = ( GEOMETRIC_REPRESENTATION_CONTEXT(2) 
PARAMETRIC_REPRESENTATION_CONTEXT() REPRESENTATION_CONTEXT('2D SPACE',''
  ) );
#10610 = ORIENTED_EDGE('',*,*,#10611,.T.);
#10611 = EDGE_CURVE('',#10589,#10589,#10612,.T.);
#10612 = SURFACE_CURVE('',#10613,(#10618,#10625),.PCURVE_S1.);
#10613 = CIRCLE('',#10614,2.2);
#10614 = AXIS2_PLACEMENT_3D('',#10615,#10616,#10617);
#10615 = CARTESIAN_POINT('',(-11.8,-31.5,1.62));
#10616 = DIRECTION('',(0.,0.,1.));
#10617 = DIRECTION('',(1.,0.,-0.));
#10618 = PCURVE('',#9833,#10619);
#10619 = DEFINITIONAL_REPRESENTATION('',(#10620),#10624);
#10620 = LINE('',#10621,#10622);
#10621 = CARTESIAN_POINT('',(0.,0.));
#10622 = VECTOR('',#10623,1.);
#10623 = DIRECTION('',(1.,0.));
#10624 = ( GEOMETRIC_REPRESENTATION_CONTEXT(2) 
PARAMETRIC_REPRESENTATION_CONTEXT() REPRESENTATION_CONTEXT('2D SPACE',''
  ) );
#10625 = PCURVE('',#10626,#10631);
#10626 = PLANE('',#10627);
#10627 = AXIS2_PLACEMENT_3D('',#10628,#10629,#10630);
#10628 = CARTESIAN_POINT('',(-11.8,-31.5,1.62));
#10629 = DIRECTION('',(0.,0.,1.));
#10630 = DIRECTION('',(1.,0.,-0.));
#10631 = DEFINITIONAL_REPRESENTATION('',(#10632),#10636);
#10632 = CIRCLE('',#10633,2.2);
#10633 = AXIS2_PLACEMENT_2D('',#10634,#10635);
#10634 = CARTESIAN_POINT('',(0.,0.));
#10635 = DIRECTION('',(1.,0.));
#10636 = ( GEOMETRIC_REPRESENTATION_CONTEXT(2) 
PARAMETRIC_REPRESENTATION_CONTEXT() REPRESENTATION_CONTEXT('2D SPACE',''
  ) );
#10637 = ORIENTED_EDGE('',*,*,#10588,.T.);
#10638 = ORIENTED_EDGE('',*,*,#10639,.F.);
#10639 = EDGE_CURVE('',#10640,#10565,#10642,.T.);
#10640 = VERTEX_POINT('',#10641);
#10641 = CARTESIAN_POINT('',(-13.45,-32.95516322108,11.5));
#10642 = SURFACE_CURVE('',#10643,(#10648,#10655),.PCURVE_S1.);
#10643 = CIRCLE('',#10644,2.2);
#10644 = AXIS2_PLACEMENT_3D('',#10645,#10646,#10647);
#10645 = CARTESIAN_POINT('',(-11.8,-31.5,11.5));
#10646 = DIRECTION('',(0.,0.,1.));
#10647 = DIRECTION('',(1.,0.,-0.));
#10648 = PCURVE('',#9833,#10649);
#10649 = DEFINITIONAL_REPRESENTATION('',(#10650),#10654);
#10650 = LINE('',#10651,#10652);
#10651 = CARTESIAN_POINT('',(0.,9.88));
#10652 = VECTOR('',#10653,1.);
#10653 = DIRECTION('',(1.,0.));
#10654 = ( GEOMETRIC_REPRESENTATION_CONTEXT(2) 
PARAMETRIC_REPRESENTATION_CONTEXT() REPRESENTATION_CONTEXT('2D SPACE',''
  ) );
#10655 = PCURVE('',#10380,#10656);
#10656 = DEFINITIONAL_REPRESENTATION('',(#10657),#10661);
#10657 = CIRCLE('',#10658,2.2);
#10658 = AXIS2_PLACEMENT_2D('',#10659,#10660);
#10659 = CARTESIAN_POINT('',(-11.79999998197,-31.5));
#10660 = DIRECTION('',(1.,0.));
#10661 = ( GEOMETRIC_REPRESENTATION_CONTEXT(2) 
PARAMETRIC_REPRESENTATION_CONTEXT() REPRESENTATION_CONTEXT('2D SPACE',''
  ) );
#10662 = ORIENTED_EDGE('',*,*,#10663,.F.);
#10663 = EDGE_CURVE('',#9791,#10640,#10664,.T.);
#10664 = SURFACE_CURVE('',#10665,(#10669,#10675),.PCURVE_S1.);
#10665 = LINE('',#10666,#10667);
#10666 = CARTESIAN_POINT('',(-13.45,-32.95516322108,1.62));
#10667 = VECTOR('',#10668,1.);
#10668 = DIRECTION('',(0.,0.,1.));
#10669 = PCURVE('',#9833,#10670);
#10670 = DEFINITIONAL_REPRESENTATION('',(#10671),#10674);
#10671 = B_SPLINE_CURVE_WITH_KNOTS('',1,(#10672,#10673),.UNSPECIFIED.,
  .F.,.F.,(2,2),(8.12,9.9300024),.PIECEWISE_BEZIER_KNOTS.);
#10672 = CARTESIAN_POINT('',(3.864326901403,8.12));
#10673 = CARTESIAN_POINT('',(3.864326901403,9.9300024));
#10674 = ( GEOMETRIC_REPRESENTATION_CONTEXT(2) 
PARAMETRIC_REPRESENTATION_CONTEXT() REPRESENTATION_CONTEXT('2D SPACE',''
  ) );
#10675 = PCURVE('',#9805,#10676);
#10676 = DEFINITIONAL_REPRESENTATION('',(#10677),#10680);
#10677 = B_SPLINE_CURVE_WITH_KNOTS('',1,(#10678,#10679),.UNSPECIFIED.,
  .F.,.F.,(2,2),(8.12,9.9300024),.PIECEWISE_BEZIER_KNOTS.);
#10678 = CARTESIAN_POINT('',(4.483677891434E-02,6.E-02));
#10679 = CARTESIAN_POINT('',(4.483677891434E-02,-1.7500024));
#10680 = ( GEOMETRIC_REPRESENTATION_CONTEXT(2) 
PARAMETRIC_REPRESENTATION_CONTEXT() REPRESENTATION_CONTEXT('2D SPACE',''
  ) );
#10681 = ORIENTED_EDGE('',*,*,#9816,.F.);
#10682 = ORIENTED_EDGE('',*,*,#10520,.T.);
#10683 = ADVANCED_FACE('',(#10684),#9805,.F.);
#10684 = FACE_BOUND('',#10685,.F.);
#10685 = EDGE_LOOP('',(#10686,#10687,#10688,#10711));
#10686 = ORIENTED_EDGE('',*,*,#10663,.F.);
#10687 = ORIENTED_EDGE('',*,*,#9790,.T.);
#10688 = ORIENTED_EDGE('',*,*,#10689,.T.);
#10689 = EDGE_CURVE('',#9758,#10690,#10692,.T.);
#10690 = VERTEX_POINT('',#10691);
#10691 = CARTESIAN_POINT('',(-13.45,-33.,11.5));
#10692 = SURFACE_CURVE('',#10693,(#10697,#10704),.PCURVE_S1.);
#10693 = LINE('',#10694,#10695);
#10694 = CARTESIAN_POINT('',(-13.45,-33.,9.8));
#10695 = VECTOR('',#10696,1.);
#10696 = DIRECTION('',(0.,0.,1.));
#10697 = PCURVE('',#9805,#10698);
#10698 = DEFINITIONAL_REPRESENTATION('',(#10699),#10703);
#10699 = LINE('',#10700,#10701);
#10700 = CARTESIAN_POINT('',(0.,0.));
#10701 = VECTOR('',#10702,1.);
#10702 = DIRECTION('',(0.,-1.));
#10703 = ( GEOMETRIC_REPRESENTATION_CONTEXT(2) 
PARAMETRIC_REPRESENTATION_CONTEXT() REPRESENTATION_CONTEXT('2D SPACE',''
  ) );
#10704 = PCURVE('',#9778,#10705);
#10705 = DEFINITIONAL_REPRESENTATION('',(#10706),#10710);
#10706 = LINE('',#10707,#10708);
#10707 = CARTESIAN_POINT('',(-3.14159265359,0.));
#10708 = VECTOR('',#10709,1.);
#10709 = DIRECTION('',(-0.,-1.));
#10710 = ( GEOMETRIC_REPRESENTATION_CONTEXT(2) 
PARAMETRIC_REPRESENTATION_CONTEXT() REPRESENTATION_CONTEXT('2D SPACE',''
  ) );
#10711 = ORIENTED_EDGE('',*,*,#10712,.F.);
#10712 = EDGE_CURVE('',#10640,#10690,#10713,.T.);
#10713 = SURFACE_CURVE('',#10714,(#10718,#10724),.PCURVE_S1.);
#10714 = LINE('',#10715,#10716);
#10715 = CARTESIAN_POINT('',(-13.45,-16.5,11.5));
#10716 = VECTOR('',#10717,1.);
#10717 = DIRECTION('',(0.,-1.,0.));
#10718 = PCURVE('',#9805,#10719);
#10719 = DEFINITIONAL_REPRESENTATION('',(#10720),#10723);
#10720 = B_SPLINE_CURVE_WITH_KNOTS('',1,(#10721,#10722),.UNSPECIFIED.,
  .F.,.F.,(2,2),(-49.5,16.5),.PIECEWISE_BEZIER_KNOTS.);
#10721 = CARTESIAN_POINT('',(66.,-1.7));
#10722 = CARTESIAN_POINT('',(0.,-1.7));
#10723 = ( GEOMETRIC_REPRESENTATION_CONTEXT(2) 
PARAMETRIC_REPRESENTATION_CONTEXT() REPRESENTATION_CONTEXT('2D SPACE',''
  ) );
#10724 = PCURVE('',#10380,#10725);
#10725 = DEFINITIONAL_REPRESENTATION('',(#10726),#10730);
#10726 = LINE('',#10727,#10728);
#10727 = CARTESIAN_POINT('',(-13.44999998197,-16.5));
#10728 = VECTOR('',#10729,1.);
#10729 = DIRECTION('',(0.,-1.));
#10730 = ( GEOMETRIC_REPRESENTATION_CONTEXT(2) 
PARAMETRIC_REPRESENTATION_CONTEXT() REPRESENTATION_CONTEXT('2D SPACE',''
  ) );
#10731 = ADVANCED_FACE('',(#10732),#9778,.F.);
#10732 = FACE_BOUND('',#10733,.T.);
#10733 = EDGE_LOOP('',(#10734,#10735,#10736,#10764));
#10734 = ORIENTED_EDGE('',*,*,#9757,.T.);
#10735 = ORIENTED_EDGE('',*,*,#10689,.T.);
#10736 = ORIENTED_EDGE('',*,*,#10737,.F.);
#10737 = EDGE_CURVE('',#10738,#10690,#10740,.T.);
#10738 = VERTEX_POINT('',#10739);
#10739 = CARTESIAN_POINT('',(-11.,-35.45,11.5));
#10740 = SURFACE_CURVE('',#10741,(#10746,#10753),.PCURVE_S1.);
#10741 = CIRCLE('',#10742,2.45);
#10742 = AXIS2_PLACEMENT_3D('',#10743,#10744,#10745);
#10743 = CARTESIAN_POINT('',(-11.,-33.,11.5));
#10744 = DIRECTION('',(0.,0.,-1.));
#10745 = DIRECTION('',(1.,0.,0.));
#10746 = PCURVE('',#9778,#10747);
#10747 = DEFINITIONAL_REPRESENTATION('',(#10748),#10752);
#10748 = LINE('',#10749,#10750);
#10749 = CARTESIAN_POINT('',(-6.28318530718,-1.7));
#10750 = VECTOR('',#10751,1.);
#10751 = DIRECTION('',(1.,-0.));
#10752 = ( GEOMETRIC_REPRESENTATION_CONTEXT(2) 
PARAMETRIC_REPRESENTATION_CONTEXT() REPRESENTATION_CONTEXT('2D SPACE',''
  ) );
#10753 = PCURVE('',#10380,#10754);
#10754 = DEFINITIONAL_REPRESENTATION('',(#10755),#10763);
#10755 = ( BOUNDED_CURVE() B_SPLINE_CURVE(2,(#10756,#10757,#10758,#10759
    ,#10760,#10761,#10762),.UNSPECIFIED.,.T.,.F.) 
B_SPLINE_CURVE_WITH_KNOTS((1,2,2,2,2,1),(-2.094395102393,0.,
    2.094395102393,4.188790204786,6.28318530718,8.377580409573),
.UNSPECIFIED.) CURVE() GEOMETRIC_REPRESENTATION_ITEM() 
RATIONAL_B_SPLINE_CURVE((1.,0.5,1.,0.5,1.,0.5,1.)) REPRESENTATION_ITEM(
  '') );
#10756 = CARTESIAN_POINT('',(-8.549999981974,-33.));
#10757 = CARTESIAN_POINT('',(-8.549999981974,-37.24352447854));
#10758 = CARTESIAN_POINT('',(-12.22499998197,-35.12176223927));
#10759 = CARTESIAN_POINT('',(-15.89999998197,-33.));
#10760 = CARTESIAN_POINT('',(-12.22499998197,-30.87823776072));
#10761 = CARTESIAN_POINT('',(-8.549999981974,-28.75647552145));
#10762 = CARTESIAN_POINT('',(-8.549999981974,-33.));
#10763 = ( GEOMETRIC_REPRESENTATION_CONTEXT(2) 
PARAMETRIC_REPRESENTATION_CONTEXT() REPRESENTATION_CONTEXT('2D SPACE',''
  ) );
#10764 = ORIENTED_EDGE('',*,*,#10765,.F.);
#10765 = EDGE_CURVE('',#9732,#10738,#10766,.T.);
#10766 = SURFACE_CURVE('',#10767,(#10771,#10778),.PCURVE_S1.);
#10767 = LINE('',#10768,#10769);
#10768 = CARTESIAN_POINT('',(-11.,-35.45,9.8));
#10769 = VECTOR('',#10770,1.);
#10770 = DIRECTION('',(0.,0.,1.));
#10771 = PCURVE('',#9778,#10772);
#10772 = DEFINITIONAL_REPRESENTATION('',(#10773),#10777);
#10773 = LINE('',#10774,#10775);
#10774 = CARTESIAN_POINT('',(-4.712388980385,0.));
#10775 = VECTOR('',#10776,1.);
#10776 = DIRECTION('',(-0.,-1.));
#10777 = ( GEOMETRIC_REPRESENTATION_CONTEXT(2) 
PARAMETRIC_REPRESENTATION_CONTEXT() REPRESENTATION_CONTEXT('2D SPACE',''
  ) );
#10778 = PCURVE('',#9746,#10779);
#10779 = DEFINITIONAL_REPRESENTATION('',(#10780),#10784);
#10780 = LINE('',#10781,#10782);
#10781 = CARTESIAN_POINT('',(0.,0.));
#10782 = VECTOR('',#10783,1.);
#10783 = DIRECTION('',(0.,-1.));
#10784 = ( GEOMETRIC_REPRESENTATION_CONTEXT(2) 
PARAMETRIC_REPRESENTATION_CONTEXT() REPRESENTATION_CONTEXT('2D SPACE',''
  ) );
#10785 = ADVANCED_FACE('',(#10786),#9746,.T.);
#10786 = FACE_BOUND('',#10787,.T.);
#10787 = EDGE_LOOP('',(#10788,#10789,#10790,#10812));
#10788 = ORIENTED_EDGE('',*,*,#9731,.T.);
#10789 = ORIENTED_EDGE('',*,*,#10765,.T.);
#10790 = ORIENTED_EDGE('',*,*,#10791,.F.);
#10791 = EDGE_CURVE('',#10792,#10738,#10794,.T.);
#10792 = VERTEX_POINT('',#10793);
#10793 = CARTESIAN_POINT('',(10.999999998184,-35.45,11.5));
#10794 = SURFACE_CURVE('',#10795,(#10799,#10805),.PCURVE_S1.);
#10795 = LINE('',#10796,#10797);
#10796 = CARTESIAN_POINT('',(-5.500000000118,-35.45,11.5));
#10797 = VECTOR('',#10798,1.);
#10798 = DIRECTION('',(-1.,0.,0.));
#10799 = PCURVE('',#9746,#10800);
#10800 = DEFINITIONAL_REPRESENTATION('',(#10801),#10804);
#10801 = B_SPLINE_CURVE_WITH_KNOTS('',1,(#10802,#10803),.UNSPECIFIED.,
  .F.,.F.,(2,2),(-16.4999999983,5.499999999882),
  .PIECEWISE_BEZIER_KNOTS.);
#10802 = CARTESIAN_POINT('',(21.999999998184,-1.7));
#10803 = CARTESIAN_POINT('',(0.,-1.7));
#10804 = ( GEOMETRIC_REPRESENTATION_CONTEXT(2) 
PARAMETRIC_REPRESENTATION_CONTEXT() REPRESENTATION_CONTEXT('2D SPACE',''
  ) );
#10805 = PCURVE('',#10380,#10806);
#10806 = DEFINITIONAL_REPRESENTATION('',(#10807),#10811);
#10807 = LINE('',#10808,#10809);
#10808 = CARTESIAN_POINT('',(-5.499999982092,-35.45));
#10809 = VECTOR('',#10810,1.);
#10810 = DIRECTION('',(-1.,0.));
#10811 = ( GEOMETRIC_REPRESENTATION_CONTEXT(2) 
PARAMETRIC_REPRESENTATION_CONTEXT() REPRESENTATION_CONTEXT('2D SPACE',''
  ) );
#10812 = ORIENTED_EDGE('',*,*,#10813,.F.);
#10813 = EDGE_CURVE('',#9699,#10792,#10814,.T.);
#10814 = SURFACE_CURVE('',#10815,(#10819,#10826),.PCURVE_S1.);
#10815 = LINE('',#10816,#10817);
#10816 = CARTESIAN_POINT('',(10.999999998184,-35.45,9.8));
#10817 = VECTOR('',#10818,1.);
#10818 = DIRECTION('',(0.,0.,1.));
#10819 = PCURVE('',#9746,#10820);
#10820 = DEFINITIONAL_REPRESENTATION('',(#10821),#10825);
#10821 = LINE('',#10822,#10823);
#10822 = CARTESIAN_POINT('',(21.999999998184,0.));
#10823 = VECTOR('',#10824,1.);
#10824 = DIRECTION('',(0.,-1.));
#10825 = ( GEOMETRIC_REPRESENTATION_CONTEXT(2) 
PARAMETRIC_REPRESENTATION_CONTEXT() REPRESENTATION_CONTEXT('2D SPACE',''
  ) );
#10826 = PCURVE('',#9719,#10827);
#10827 = DEFINITIONAL_REPRESENTATION('',(#10828),#10832);
#10828 = LINE('',#10829,#10830);
#10829 = CARTESIAN_POINT('',(-4.712388980385,0.));
#10830 = VECTOR('',#10831,1.);
#10831 = DIRECTION('',(-0.,-1.));
#10832 = ( GEOMETRIC_REPRESENTATION_CONTEXT(2) 
PARAMETRIC_REPRESENTATION_CONTEXT() REPRESENTATION_CONTEXT('2D SPACE',''
  ) );
#10833 = ADVANCED_FACE('',(#10834),#9719,.F.);
#10834 = FACE_BOUND('',#10835,.T.);
#10835 = EDGE_LOOP('',(#10836,#10837,#10838,#10866));
#10836 = ORIENTED_EDGE('',*,*,#9698,.T.);
#10837 = ORIENTED_EDGE('',*,*,#10813,.T.);
#10838 = ORIENTED_EDGE('',*,*,#10839,.F.);
#10839 = EDGE_CURVE('',#10840,#10792,#10842,.T.);
#10840 = VERTEX_POINT('',#10841);
#10841 = CARTESIAN_POINT('',(13.449999999092,-33.,11.5));
#10842 = SURFACE_CURVE('',#10843,(#10848,#10855),.PCURVE_S1.);
#10843 = CIRCLE('',#10844,2.45);
#10844 = AXIS2_PLACEMENT_3D('',#10845,#10846,#10847);
#10845 = CARTESIAN_POINT('',(10.999999998184,-33.,11.5));
#10846 = DIRECTION('',(0.,0.,-1.));
#10847 = DIRECTION('',(1.,0.,0.));
#10848 = PCURVE('',#9719,#10849);
#10849 = DEFINITIONAL_REPRESENTATION('',(#10850),#10854);
#10850 = LINE('',#10851,#10852);
#10851 = CARTESIAN_POINT('',(-6.28318530718,-1.7));
#10852 = VECTOR('',#10853,1.);
#10853 = DIRECTION('',(1.,-0.));
#10854 = ( GEOMETRIC_REPRESENTATION_CONTEXT(2) 
PARAMETRIC_REPRESENTATION_CONTEXT() REPRESENTATION_CONTEXT('2D SPACE',''
  ) );
#10855 = PCURVE('',#10380,#10856);
#10856 = DEFINITIONAL_REPRESENTATION('',(#10857),#10865);
#10857 = ( BOUNDED_CURVE() B_SPLINE_CURVE(2,(#10858,#10859,#10860,#10861
    ,#10862,#10863,#10864),.UNSPECIFIED.,.T.,.F.) 
B_SPLINE_CURVE_WITH_KNOTS((1,2,2,2,2,1),(-2.094395102393,0.,
    2.094395102393,4.188790204786,6.28318530718,8.377580409573),
.UNSPECIFIED.) CURVE() GEOMETRIC_REPRESENTATION_ITEM() 
RATIONAL_B_SPLINE_CURVE((1.,0.5,1.,0.5,1.,0.5,1.)) REPRESENTATION_ITEM(
  '') );
#10858 = CARTESIAN_POINT('',(13.45000001621,-33.));
#10859 = CARTESIAN_POINT('',(13.45000001621,-37.24352447854));
#10860 = CARTESIAN_POINT('',(9.77500001621,-35.12176223927));
#10861 = CARTESIAN_POINT('',(6.10000001621,-33.));
#10862 = CARTESIAN_POINT('',(9.77500001621,-30.87823776072));
#10863 = CARTESIAN_POINT('',(13.45000001621,-28.75647552145));
#10864 = CARTESIAN_POINT('',(13.45000001621,-33.));
#10865 = ( GEOMETRIC_REPRESENTATION_CONTEXT(2) 
PARAMETRIC_REPRESENTATION_CONTEXT() REPRESENTATION_CONTEXT('2D SPACE',''
  ) );
#10866 = ORIENTED_EDGE('',*,*,#10867,.F.);
#10867 = EDGE_CURVE('',#9673,#10840,#10868,.T.);
#10868 = SURFACE_CURVE('',#10869,(#10873,#10880),.PCURVE_S1.);
#10869 = LINE('',#10870,#10871);
#10870 = CARTESIAN_POINT('',(13.449999999092,-33.,9.8));
#10871 = VECTOR('',#10872,1.);
#10872 = DIRECTION('',(0.,0.,1.));
#10873 = PCURVE('',#9719,#10874);
#10874 = DEFINITIONAL_REPRESENTATION('',(#10875),#10879);
#10875 = LINE('',#10876,#10877);
#10876 = CARTESIAN_POINT('',(-6.28318530718,0.));
#10877 = VECTOR('',#10878,1.);
#10878 = DIRECTION('',(-0.,-1.));
#10879 = ( GEOMETRIC_REPRESENTATION_CONTEXT(2) 
PARAMETRIC_REPRESENTATION_CONTEXT() REPRESENTATION_CONTEXT('2D SPACE',''
  ) );
#10880 = PCURVE('',#9687,#10881);
#10881 = DEFINITIONAL_REPRESENTATION('',(#10882),#10886);
#10882 = LINE('',#10883,#10884);
#10883 = CARTESIAN_POINT('',(0.,0.));
#10884 = VECTOR('',#10885,1.);
#10885 = DIRECTION('',(0.,-1.));
#10886 = ( GEOMETRIC_REPRESENTATION_CONTEXT(2) 
PARAMETRIC_REPRESENTATION_CONTEXT() REPRESENTATION_CONTEXT('2D SPACE',''
  ) );
#10887 = ADVANCED_FACE('',(#10888),#9687,.T.);
#10888 = FACE_BOUND('',#10889,.T.);
#10889 = EDGE_LOOP('',(#10890,#10911,#10912,#10913));
#10890 = ORIENTED_EDGE('',*,*,#10891,.F.);
#10891 = EDGE_CURVE('',#9649,#10892,#10894,.T.);
#10892 = VERTEX_POINT('',#10893);
#10893 = CARTESIAN_POINT('',(13.45,-32.95516322108,11.5));
#10894 = SURFACE_CURVE('',#10895,(#10899,#10905),.PCURVE_S1.);
#10895 = LINE('',#10896,#10897);
#10896 = CARTESIAN_POINT('',(13.45,-32.95516322108,1.62));
#10897 = VECTOR('',#10898,1.);
#10898 = DIRECTION('',(0.,0.,1.));
#10899 = PCURVE('',#9687,#10900);
#10900 = DEFINITIONAL_REPRESENTATION('',(#10901),#10904);
#10901 = B_SPLINE_CURVE_WITH_KNOTS('',1,(#10902,#10903),.UNSPECIFIED.,
  .F.,.F.,(2,2),(8.12,9.9300024),.PIECEWISE_BEZIER_KNOTS.);
#10902 = CARTESIAN_POINT('',(4.483677891461E-02,6.E-02));
#10903 = CARTESIAN_POINT('',(4.483677891461E-02,-1.7500024));
#10904 = ( GEOMETRIC_REPRESENTATION_CONTEXT(2) 
PARAMETRIC_REPRESENTATION_CONTEXT() REPRESENTATION_CONTEXT('2D SPACE',''
  ) );
#10905 = PCURVE('',#9636,#10906);
#10906 = DEFINITIONAL_REPRESENTATION('',(#10907),#10910);
#10907 = B_SPLINE_CURVE_WITH_KNOTS('',1,(#10908,#10909),.UNSPECIFIED.,
  .F.,.F.,(2,2),(8.12,9.9300024),.PIECEWISE_BEZIER_KNOTS.);
#10908 = CARTESIAN_POINT('',(5.560451059366,8.12));
#10909 = CARTESIAN_POINT('',(5.560451059366,9.9300024));
#10910 = ( GEOMETRIC_REPRESENTATION_CONTEXT(2) 
PARAMETRIC_REPRESENTATION_CONTEXT() REPRESENTATION_CONTEXT('2D SPACE',''
  ) );
#10911 = ORIENTED_EDGE('',*,*,#9672,.T.);
#10912 = ORIENTED_EDGE('',*,*,#10867,.T.);
#10913 = ORIENTED_EDGE('',*,*,#10914,.F.);
#10914 = EDGE_CURVE('',#10892,#10840,#10915,.T.);
#10915 = SURFACE_CURVE('',#10916,(#10920,#10926),.PCURVE_S1.);
#10916 = LINE('',#10917,#10918);
#10917 = CARTESIAN_POINT('',(13.45,-16.5,11.5));
#10918 = VECTOR('',#10919,1.);
#10919 = DIRECTION('',(0.,-1.,0.));
#10920 = PCURVE('',#9687,#10921);
#10921 = DEFINITIONAL_REPRESENTATION('',(#10922),#10925);
#10922 = B_SPLINE_CURVE_WITH_KNOTS('',1,(#10923,#10924),.UNSPECIFIED.,
  .F.,.F.,(2,2),(-49.5,16.5),.PIECEWISE_BEZIER_KNOTS.);
#10923 = CARTESIAN_POINT('',(66.,-1.7));
#10924 = CARTESIAN_POINT('',(0.,-1.7));
#10925 = ( GEOMETRIC_REPRESENTATION_CONTEXT(2) 
PARAMETRIC_REPRESENTATION_CONTEXT() REPRESENTATION_CONTEXT('2D SPACE',''
  ) );
#10926 = PCURVE('',#10380,#10927);
#10927 = DEFINITIONAL_REPRESENTATION('',(#10928),#10932);
#10928 = LINE('',#10929,#10930);
#10929 = CARTESIAN_POINT('',(13.450000018027,-16.5));
#10930 = VECTOR('',#10931,1.);
#10931 = DIRECTION('',(0.,-1.));
#10932 = ( GEOMETRIC_REPRESENTATION_CONTEXT(2) 
PARAMETRIC_REPRESENTATION_CONTEXT() REPRESENTATION_CONTEXT('2D SPACE',''
  ) );
#10933 = ADVANCED_FACE('',(#10934),#9636,.T.);
#10934 = FACE_BOUND('',#10935,.T.);
#10935 = EDGE_LOOP('',(#10936,#10937,#10960,#10987,#10988,#10989,#10990,
    #11014));
#10936 = ORIENTED_EDGE('',*,*,#9619,.F.);
#10937 = ORIENTED_EDGE('',*,*,#10938,.F.);
#10938 = EDGE_CURVE('',#10939,#9620,#10941,.T.);
#10939 = VERTEX_POINT('',#10940);
#10940 = CARTESIAN_POINT('',(14.,-31.5,1.62));
#10941 = SEAM_CURVE('',#10942,(#10946,#10953),.PCURVE_S1.);
#10942 = LINE('',#10943,#10944);
#10943 = CARTESIAN_POINT('',(14.,-31.5,1.62));
#10944 = VECTOR('',#10945,1.);
#10945 = DIRECTION('',(0.,0.,1.));
#10946 = PCURVE('',#9636,#10947);
#10947 = DEFINITIONAL_REPRESENTATION('',(#10948),#10952);
#10948 = LINE('',#10949,#10950);
#10949 = CARTESIAN_POINT('',(6.28318530718,-0.));
#10950 = VECTOR('',#10951,1.);
#10951 = DIRECTION('',(0.,1.));
#10952 = ( GEOMETRIC_REPRESENTATION_CONTEXT(2) 
PARAMETRIC_REPRESENTATION_CONTEXT() REPRESENTATION_CONTEXT('2D SPACE',''
  ) );
#10953 = PCURVE('',#9636,#10954);
#10954 = DEFINITIONAL_REPRESENTATION('',(#10955),#10959);
#10955 = LINE('',#10956,#10957);
#10956 = CARTESIAN_POINT('',(0.,-0.));
#10957 = VECTOR('',#10958,1.);
#10958 = DIRECTION('',(0.,1.));
#10959 = ( GEOMETRIC_REPRESENTATION_CONTEXT(2) 
PARAMETRIC_REPRESENTATION_CONTEXT() REPRESENTATION_CONTEXT('2D SPACE',''
  ) );
#10960 = ORIENTED_EDGE('',*,*,#10961,.T.);
#10961 = EDGE_CURVE('',#10939,#10939,#10962,.T.);
#10962 = SURFACE_CURVE('',#10963,(#10968,#10975),.PCURVE_S1.);
#10963 = CIRCLE('',#10964,2.2);
#10964 = AXIS2_PLACEMENT_3D('',#10965,#10966,#10967);
#10965 = CARTESIAN_POINT('',(11.8,-31.5,1.62));
#10966 = DIRECTION('',(0.,0.,1.));
#10967 = DIRECTION('',(1.,0.,-0.));
#10968 = PCURVE('',#9636,#10969);
#10969 = DEFINITIONAL_REPRESENTATION('',(#10970),#10974);
#10970 = LINE('',#10971,#10972);
#10971 = CARTESIAN_POINT('',(0.,0.));
#10972 = VECTOR('',#10973,1.);
#10973 = DIRECTION('',(1.,0.));
#10974 = ( GEOMETRIC_REPRESENTATION_CONTEXT(2) 
PARAMETRIC_REPRESENTATION_CONTEXT() REPRESENTATION_CONTEXT('2D SPACE',''
  ) );
#10975 = PCURVE('',#10976,#10981);
#10976 = PLANE('',#10977);
#10977 = AXIS2_PLACEMENT_3D('',#10978,#10979,#10980);
#10978 = CARTESIAN_POINT('',(11.8,-31.5,1.62));
#10979 = DIRECTION('',(0.,0.,1.));
#10980 = DIRECTION('',(1.,0.,-0.));
#10981 = DEFINITIONAL_REPRESENTATION('',(#10982),#10986);
#10982 = CIRCLE('',#10983,2.2);
#10983 = AXIS2_PLACEMENT_2D('',#10984,#10985);
#10984 = CARTESIAN_POINT('',(0.,0.));
#10985 = DIRECTION('',(1.,0.));
#10986 = ( GEOMETRIC_REPRESENTATION_CONTEXT(2) 
PARAMETRIC_REPRESENTATION_CONTEXT() REPRESENTATION_CONTEXT('2D SPACE',''
  ) );
#10987 = ORIENTED_EDGE('',*,*,#10938,.T.);
#10988 = ORIENTED_EDGE('',*,*,#9648,.F.);
#10989 = ORIENTED_EDGE('',*,*,#10891,.T.);
#10990 = ORIENTED_EDGE('',*,*,#10991,.F.);
#10991 = EDGE_CURVE('',#10992,#10892,#10994,.T.);
#10992 = VERTEX_POINT('',#10993);
#10993 = CARTESIAN_POINT('',(13.45,-30.04483677891,11.5));
#10994 = SURFACE_CURVE('',#10995,(#11000,#11007),.PCURVE_S1.);
#10995 = CIRCLE('',#10996,2.2);
#10996 = AXIS2_PLACEMENT_3D('',#10997,#10998,#10999);
#10997 = CARTESIAN_POINT('',(11.8,-31.5,11.5));
#10998 = DIRECTION('',(0.,0.,1.));
#10999 = DIRECTION('',(1.,0.,-0.));
#11000 = PCURVE('',#9636,#11001);
#11001 = DEFINITIONAL_REPRESENTATION('',(#11002),#11006);
#11002 = LINE('',#11003,#11004);
#11003 = CARTESIAN_POINT('',(0.,9.88));
#11004 = VECTOR('',#11005,1.);
#11005 = DIRECTION('',(1.,0.));
#11006 = ( GEOMETRIC_REPRESENTATION_CONTEXT(2) 
PARAMETRIC_REPRESENTATION_CONTEXT() REPRESENTATION_CONTEXT('2D SPACE',''
  ) );
#11007 = PCURVE('',#10380,#11008);
#11008 = DEFINITIONAL_REPRESENTATION('',(#11009),#11013);
#11009 = CIRCLE('',#11010,2.2);
#11010 = AXIS2_PLACEMENT_2D('',#11011,#11012);
#11011 = CARTESIAN_POINT('',(11.800000018027,-31.5));
#11012 = DIRECTION('',(1.,0.));
#11013 = ( GEOMETRIC_REPRESENTATION_CONTEXT(2) 
PARAMETRIC_REPRESENTATION_CONTEXT() REPRESENTATION_CONTEXT('2D SPACE',''
  ) );
#11014 = ORIENTED_EDGE('',*,*,#11015,.F.);
#11015 = EDGE_CURVE('',#9594,#10992,#11016,.T.);
#11016 = SURFACE_CURVE('',#11017,(#11021,#11027),.PCURVE_S1.);
#11017 = LINE('',#11018,#11019);
#11018 = CARTESIAN_POINT('',(13.45,-30.04483677891,1.62));
#11019 = VECTOR('',#11020,1.);
#11020 = DIRECTION('',(0.,0.,1.));
#11021 = PCURVE('',#9636,#11022);
#11022 = DEFINITIONAL_REPRESENTATION('',(#11023),#11026);
#11023 = B_SPLINE_CURVE_WITH_KNOTS('',1,(#11024,#11025),.UNSPECIFIED.,
  .F.,.F.,(2,2),(8.12,9.9300024),.PIECEWISE_BEZIER_KNOTS.);
#11024 = CARTESIAN_POINT('',(0.722734247813,8.12));
#11025 = CARTESIAN_POINT('',(0.722734247813,9.9300024));
#11026 = ( GEOMETRIC_REPRESENTATION_CONTEXT(2) 
PARAMETRIC_REPRESENTATION_CONTEXT() REPRESENTATION_CONTEXT('2D SPACE',''
  ) );
#11027 = PCURVE('',#9608,#11028);
#11028 = DEFINITIONAL_REPRESENTATION('',(#11029),#11032);
#11029 = B_SPLINE_CURVE_WITH_KNOTS('',1,(#11030,#11031),.UNSPECIFIED.,
  .F.,.F.,(2,2),(8.12,9.9300024),.PIECEWISE_BEZIER_KNOTS.);
#11030 = CARTESIAN_POINT('',(2.955163221085,6.E-02));
#11031 = CARTESIAN_POINT('',(2.955163221085,-1.7500024));
#11032 = ( GEOMETRIC_REPRESENTATION_CONTEXT(2) 
PARAMETRIC_REPRESENTATION_CONTEXT() REPRESENTATION_CONTEXT('2D SPACE',''
  ) );
#11033 = ADVANCED_FACE('',(#11034),#9608,.T.);
#11034 = FACE_BOUND('',#11035,.T.);
#11035 = EDGE_LOOP('',(#11036,#11057,#11058,#11059));
#11036 = ORIENTED_EDGE('',*,*,#11037,.F.);
#11037 = EDGE_CURVE('',#9570,#11038,#11040,.T.);
#11038 = VERTEX_POINT('',#11039);
#11039 = CARTESIAN_POINT('',(13.45,30.044836778915,11.5));
#11040 = SURFACE_CURVE('',#11041,(#11045,#11051),.PCURVE_S1.);
#11041 = LINE('',#11042,#11043);
#11042 = CARTESIAN_POINT('',(13.45,30.044836778915,1.62));
#11043 = VECTOR('',#11044,1.);
#11044 = DIRECTION('',(0.,0.,1.));
#11045 = PCURVE('',#9608,#11046);
#11046 = DEFINITIONAL_REPRESENTATION('',(#11047),#11050);
#11047 = B_SPLINE_CURVE_WITH_KNOTS('',1,(#11048,#11049),.UNSPECIFIED.,
  .F.,.F.,(2,2),(8.12,9.9300024),.PIECEWISE_BEZIER_KNOTS.);
#11048 = CARTESIAN_POINT('',(63.044836778915,6.E-02));
#11049 = CARTESIAN_POINT('',(63.044836778915,-1.7500024));
#11050 = ( GEOMETRIC_REPRESENTATION_CONTEXT(2) 
PARAMETRIC_REPRESENTATION_CONTEXT() REPRESENTATION_CONTEXT('2D SPACE',''
  ) );
#11051 = PCURVE('',#9557,#11052);
#11052 = DEFINITIONAL_REPRESENTATION('',(#11053),#11056);
#11053 = B_SPLINE_CURVE_WITH_KNOTS('',1,(#11054,#11055),.UNSPECIFIED.,
  .F.,.F.,(2,2),(8.12,9.9300024),.PIECEWISE_BEZIER_KNOTS.);
#11054 = CARTESIAN_POINT('',(5.560451059366,8.12));
#11055 = CARTESIAN_POINT('',(5.560451059366,9.9300024));
#11056 = ( GEOMETRIC_REPRESENTATION_CONTEXT(2) 
PARAMETRIC_REPRESENTATION_CONTEXT() REPRESENTATION_CONTEXT('2D SPACE',''
  ) );
#11057 = ORIENTED_EDGE('',*,*,#9593,.T.);
#11058 = ORIENTED_EDGE('',*,*,#11015,.T.);
#11059 = ORIENTED_EDGE('',*,*,#11060,.F.);
#11060 = EDGE_CURVE('',#11038,#10992,#11061,.T.);
#11061 = SURFACE_CURVE('',#11062,(#11066,#11072),.PCURVE_S1.);
#11062 = LINE('',#11063,#11064);
#11063 = CARTESIAN_POINT('',(13.45,-16.5,11.5));
#11064 = VECTOR('',#11065,1.);
#11065 = DIRECTION('',(0.,-1.,0.));
#11066 = PCURVE('',#9608,#11067);
#11067 = DEFINITIONAL_REPRESENTATION('',(#11068),#11071);
#11068 = B_SPLINE_CURVE_WITH_KNOTS('',1,(#11069,#11070),.UNSPECIFIED.,
  .F.,.F.,(2,2),(-49.5,16.5),.PIECEWISE_BEZIER_KNOTS.);
#11069 = CARTESIAN_POINT('',(66.,-1.7));
#11070 = CARTESIAN_POINT('',(0.,-1.7));
#11071 = ( GEOMETRIC_REPRESENTATION_CONTEXT(2) 
PARAMETRIC_REPRESENTATION_CONTEXT() REPRESENTATION_CONTEXT('2D SPACE',''
  ) );
#11072 = PCURVE('',#10380,#11073);
#11073 = DEFINITIONAL_REPRESENTATION('',(#11074),#11078);
#11074 = LINE('',#11075,#11076);
#11075 = CARTESIAN_POINT('',(13.450000018027,-16.5));
#11076 = VECTOR('',#11077,1.);
#11077 = DIRECTION('',(0.,-1.));
#11078 = ( GEOMETRIC_REPRESENTATION_CONTEXT(2) 
PARAMETRIC_REPRESENTATION_CONTEXT() REPRESENTATION_CONTEXT('2D SPACE',''
  ) );
#11079 = ADVANCED_FACE('',(#11080),#9557,.T.);
#11080 = FACE_BOUND('',#11081,.T.);
#11081 = EDGE_LOOP('',(#11082,#11083,#11106,#11133,#11134,#11135,#11136,
    #11160));
#11082 = ORIENTED_EDGE('',*,*,#9540,.F.);
#11083 = ORIENTED_EDGE('',*,*,#11084,.F.);
#11084 = EDGE_CURVE('',#11085,#9541,#11087,.T.);
#11085 = VERTEX_POINT('',#11086);
#11086 = CARTESIAN_POINT('',(14.,31.5,1.62));
#11087 = SEAM_CURVE('',#11088,(#11092,#11099),.PCURVE_S1.);
#11088 = LINE('',#11089,#11090);
#11089 = CARTESIAN_POINT('',(14.,31.5,1.62));
#11090 = VECTOR('',#11091,1.);
#11091 = DIRECTION('',(0.,0.,1.));
#11092 = PCURVE('',#9557,#11093);
#11093 = DEFINITIONAL_REPRESENTATION('',(#11094),#11098);
#11094 = LINE('',#11095,#11096);
#11095 = CARTESIAN_POINT('',(6.28318530718,-0.));
#11096 = VECTOR('',#11097,1.);
#11097 = DIRECTION('',(0.,1.));
#11098 = ( GEOMETRIC_REPRESENTATION_CONTEXT(2) 
PARAMETRIC_REPRESENTATION_CONTEXT() REPRESENTATION_CONTEXT('2D SPACE',''
  ) );
#11099 = PCURVE('',#9557,#11100);
#11100 = DEFINITIONAL_REPRESENTATION('',(#11101),#11105);
#11101 = LINE('',#11102,#11103);
#11102 = CARTESIAN_POINT('',(0.,-0.));
#11103 = VECTOR('',#11104,1.);
#11104 = DIRECTION('',(0.,1.));
#11105 = ( GEOMETRIC_REPRESENTATION_CONTEXT(2) 
PARAMETRIC_REPRESENTATION_CONTEXT() REPRESENTATION_CONTEXT('2D SPACE',''
  ) );
#11106 = ORIENTED_EDGE('',*,*,#11107,.T.);
#11107 = EDGE_CURVE('',#11085,#11085,#11108,.T.);
#11108 = SURFACE_CURVE('',#11109,(#11114,#11121),.PCURVE_S1.);
#11109 = CIRCLE('',#11110,2.2);
#11110 = AXIS2_PLACEMENT_3D('',#11111,#11112,#11113);
#11111 = CARTESIAN_POINT('',(11.8,31.5,1.62));
#11112 = DIRECTION('',(0.,0.,1.));
#11113 = DIRECTION('',(1.,0.,-0.));
#11114 = PCURVE('',#9557,#11115);
#11115 = DEFINITIONAL_REPRESENTATION('',(#11116),#11120);
#11116 = LINE('',#11117,#11118);
#11117 = CARTESIAN_POINT('',(0.,0.));
#11118 = VECTOR('',#11119,1.);
#11119 = DIRECTION('',(1.,0.));
#11120 = ( GEOMETRIC_REPRESENTATION_CONTEXT(2) 
PARAMETRIC_REPRESENTATION_CONTEXT() REPRESENTATION_CONTEXT('2D SPACE',''
  ) );
#11121 = PCURVE('',#11122,#11127);
#11122 = PLANE('',#11123);
#11123 = AXIS2_PLACEMENT_3D('',#11124,#11125,#11126);
#11124 = CARTESIAN_POINT('',(11.8,31.5,1.62));
#11125 = DIRECTION('',(0.,0.,1.));
#11126 = DIRECTION('',(1.,0.,-0.));
#11127 = DEFINITIONAL_REPRESENTATION('',(#11128),#11132);
#11128 = CIRCLE('',#11129,2.2);
#11129 = AXIS2_PLACEMENT_2D('',#11130,#11131);
#11130 = CARTESIAN_POINT('',(0.,0.));
#11131 = DIRECTION('',(1.,0.));
#11132 = ( GEOMETRIC_REPRESENTATION_CONTEXT(2) 
PARAMETRIC_REPRESENTATION_CONTEXT() REPRESENTATION_CONTEXT('2D SPACE',''
  ) );
#11133 = ORIENTED_EDGE('',*,*,#11084,.T.);
#11134 = ORIENTED_EDGE('',*,*,#9569,.F.);
#11135 = ORIENTED_EDGE('',*,*,#11037,.T.);
#11136 = ORIENTED_EDGE('',*,*,#11137,.F.);
#11137 = EDGE_CURVE('',#11138,#11038,#11140,.T.);
#11138 = VERTEX_POINT('',#11139);
#11139 = CARTESIAN_POINT('',(13.45,32.955163221085,11.5));
#11140 = SURFACE_CURVE('',#11141,(#11146,#11153),.PCURVE_S1.);
#11141 = CIRCLE('',#11142,2.2);
#11142 = AXIS2_PLACEMENT_3D('',#11143,#11144,#11145);
#11143 = CARTESIAN_POINT('',(11.8,31.5,11.5));
#11144 = DIRECTION('',(0.,0.,1.));
#11145 = DIRECTION('',(1.,0.,-0.));
#11146 = PCURVE('',#9557,#11147);
#11147 = DEFINITIONAL_REPRESENTATION('',(#11148),#11152);
#11148 = LINE('',#11149,#11150);
#11149 = CARTESIAN_POINT('',(0.,9.88));
#11150 = VECTOR('',#11151,1.);
#11151 = DIRECTION('',(1.,0.));
#11152 = ( GEOMETRIC_REPRESENTATION_CONTEXT(2) 
PARAMETRIC_REPRESENTATION_CONTEXT() REPRESENTATION_CONTEXT('2D SPACE',''
  ) );
#11153 = PCURVE('',#10380,#11154);
#11154 = DEFINITIONAL_REPRESENTATION('',(#11155),#11159);
#11155 = CIRCLE('',#11156,2.2);
#11156 = AXIS2_PLACEMENT_2D('',#11157,#11158);
#11157 = CARTESIAN_POINT('',(11.800000018027,31.5));
#11158 = DIRECTION('',(1.,0.));
#11159 = ( GEOMETRIC_REPRESENTATION_CONTEXT(2) 
PARAMETRIC_REPRESENTATION_CONTEXT() REPRESENTATION_CONTEXT('2D SPACE',''
  ) );
#11160 = ORIENTED_EDGE('',*,*,#11161,.F.);
#11161 = EDGE_CURVE('',#9515,#11138,#11162,.T.);
#11162 = SURFACE_CURVE('',#11163,(#11167,#11173),.PCURVE_S1.);
#11163 = LINE('',#11164,#11165);
#11164 = CARTESIAN_POINT('',(13.45,32.955163221085,1.62));
#11165 = VECTOR('',#11166,1.);
#11166 = DIRECTION('',(0.,0.,1.));
#11167 = PCURVE('',#9557,#11168);
#11168 = DEFINITIONAL_REPRESENTATION('',(#11169),#11172);
#11169 = B_SPLINE_CURVE_WITH_KNOTS('',1,(#11170,#11171),.UNSPECIFIED.,
  .F.,.F.,(2,2),(8.12,9.9300024),.PIECEWISE_BEZIER_KNOTS.);
#11170 = CARTESIAN_POINT('',(0.722734247813,8.12));
#11171 = CARTESIAN_POINT('',(0.722734247813,9.9300024));
#11172 = ( GEOMETRIC_REPRESENTATION_CONTEXT(2) 
PARAMETRIC_REPRESENTATION_CONTEXT() REPRESENTATION_CONTEXT('2D SPACE',''
  ) );
#11173 = PCURVE('',#9529,#11174);
#11174 = DEFINITIONAL_REPRESENTATION('',(#11175),#11178);
#11175 = B_SPLINE_CURVE_WITH_KNOTS('',1,(#11176,#11177),.UNSPECIFIED.,
  .F.,.F.,(2,2),(8.12,9.9300024),.PIECEWISE_BEZIER_KNOTS.);
#11176 = CARTESIAN_POINT('',(65.955163221085,6.E-02));
#11177 = CARTESIAN_POINT('',(65.955163221085,-1.7500024));
#11178 = ( GEOMETRIC_REPRESENTATION_CONTEXT(2) 
PARAMETRIC_REPRESENTATION_CONTEXT() REPRESENTATION_CONTEXT('2D SPACE',''
  ) );
#11179 = ADVANCED_FACE('',(#11180),#9529,.T.);
#11180 = FACE_BOUND('',#11181,.T.);
#11181 = EDGE_LOOP('',(#11182,#11205,#11206,#11207));
#11182 = ORIENTED_EDGE('',*,*,#11183,.F.);
#11183 = EDGE_CURVE('',#9482,#11184,#11186,.T.);
#11184 = VERTEX_POINT('',#11185);
#11185 = CARTESIAN_POINT('',(13.449999999092,33.,11.5));
#11186 = SURFACE_CURVE('',#11187,(#11191,#11198),.PCURVE_S1.);
#11187 = LINE('',#11188,#11189);
#11188 = CARTESIAN_POINT('',(13.449999999092,33.,9.8));
#11189 = VECTOR('',#11190,1.);
#11190 = DIRECTION('',(0.,0.,1.));
#11191 = PCURVE('',#9529,#11192);
#11192 = DEFINITIONAL_REPRESENTATION('',(#11193),#11197);
#11193 = LINE('',#11194,#11195);
#11194 = CARTESIAN_POINT('',(66.,0.));
#11195 = VECTOR('',#11196,1.);
#11196 = DIRECTION('',(0.,-1.));
#11197 = ( GEOMETRIC_REPRESENTATION_CONTEXT(2) 
PARAMETRIC_REPRESENTATION_CONTEXT() REPRESENTATION_CONTEXT('2D SPACE',''
  ) );
#11198 = PCURVE('',#9502,#11199);
#11199 = DEFINITIONAL_REPRESENTATION('',(#11200),#11204);
#11200 = LINE('',#11201,#11202);
#11201 = CARTESIAN_POINT('',(-0.,0.));
#11202 = VECTOR('',#11203,1.);
#11203 = DIRECTION('',(-0.,-1.));
#11204 = ( GEOMETRIC_REPRESENTATION_CONTEXT(2) 
PARAMETRIC_REPRESENTATION_CONTEXT() REPRESENTATION_CONTEXT('2D SPACE',''
  ) );
#11205 = ORIENTED_EDGE('',*,*,#9514,.T.);
#11206 = ORIENTED_EDGE('',*,*,#11161,.T.);
#11207 = ORIENTED_EDGE('',*,*,#11208,.F.);
#11208 = EDGE_CURVE('',#11184,#11138,#11209,.T.);
#11209 = SURFACE_CURVE('',#11210,(#11214,#11220),.PCURVE_S1.);
#11210 = LINE('',#11211,#11212);
#11211 = CARTESIAN_POINT('',(13.45,-16.5,11.5));
#11212 = VECTOR('',#11213,1.);
#11213 = DIRECTION('',(0.,-1.,0.));
#11214 = PCURVE('',#9529,#11215);
#11215 = DEFINITIONAL_REPRESENTATION('',(#11216),#11219);
#11216 = B_SPLINE_CURVE_WITH_KNOTS('',1,(#11217,#11218),.UNSPECIFIED.,
  .F.,.F.,(2,2),(-49.5,16.5),.PIECEWISE_BEZIER_KNOTS.);
#11217 = CARTESIAN_POINT('',(66.,-1.7));
#11218 = CARTESIAN_POINT('',(0.,-1.7));
#11219 = ( GEOMETRIC_REPRESENTATION_CONTEXT(2) 
PARAMETRIC_REPRESENTATION_CONTEXT() REPRESENTATION_CONTEXT('2D SPACE',''
  ) );
#11220 = PCURVE('',#10380,#11221);
#11221 = DEFINITIONAL_REPRESENTATION('',(#11222),#11226);
#11222 = LINE('',#11223,#11224);
#11223 = CARTESIAN_POINT('',(13.450000018027,-16.5));
#11224 = VECTOR('',#11225,1.);
#11225 = DIRECTION('',(0.,-1.));
#11226 = ( GEOMETRIC_REPRESENTATION_CONTEXT(2) 
PARAMETRIC_REPRESENTATION_CONTEXT() REPRESENTATION_CONTEXT('2D SPACE',''
  ) );
#11227 = ADVANCED_FACE('',(#11228),#9502,.F.);
#11228 = FACE_BOUND('',#11229,.T.);
#11229 = EDGE_LOOP('',(#11230,#11231,#11232,#11260));
#11230 = ORIENTED_EDGE('',*,*,#9481,.T.);
#11231 = ORIENTED_EDGE('',*,*,#11183,.T.);
#11232 = ORIENTED_EDGE('',*,*,#11233,.F.);
#11233 = EDGE_CURVE('',#11234,#11184,#11236,.T.);
#11234 = VERTEX_POINT('',#11235);
#11235 = CARTESIAN_POINT('',(10.999999998184,35.45,11.5));
#11236 = SURFACE_CURVE('',#11237,(#11242,#11249),.PCURVE_S1.);
#11237 = CIRCLE('',#11238,2.45);
#11238 = AXIS2_PLACEMENT_3D('',#11239,#11240,#11241);
#11239 = CARTESIAN_POINT('',(10.999999998184,33.,11.5));
#11240 = DIRECTION('',(0.,0.,-1.));
#11241 = DIRECTION('',(1.,0.,0.));
#11242 = PCURVE('',#9502,#11243);
#11243 = DEFINITIONAL_REPRESENTATION('',(#11244),#11248);
#11244 = LINE('',#11245,#11246);
#11245 = CARTESIAN_POINT('',(-6.28318530718,-1.7));
#11246 = VECTOR('',#11247,1.);
#11247 = DIRECTION('',(1.,-0.));
#11248 = ( GEOMETRIC_REPRESENTATION_CONTEXT(2) 
PARAMETRIC_REPRESENTATION_CONTEXT() REPRESENTATION_CONTEXT('2D SPACE',''
  ) );
#11249 = PCURVE('',#10380,#11250);
#11250 = DEFINITIONAL_REPRESENTATION('',(#11251),#11259);
#11251 = ( BOUNDED_CURVE() B_SPLINE_CURVE(2,(#11252,#11253,#11254,#11255
    ,#11256,#11257,#11258),.UNSPECIFIED.,.T.,.F.) 
B_SPLINE_CURVE_WITH_KNOTS((1,2,2,2,2,1),(-2.094395102393,0.,
    2.094395102393,4.188790204786,6.28318530718,8.377580409573),
.UNSPECIFIED.) CURVE() GEOMETRIC_REPRESENTATION_ITEM() 
RATIONAL_B_SPLINE_CURVE((1.,0.5,1.,0.5,1.,0.5,1.)) REPRESENTATION_ITEM(
  '') );
#11252 = CARTESIAN_POINT('',(13.45000001621,33.));
#11253 = CARTESIAN_POINT('',(13.45000001621,28.756475521456));
#11254 = CARTESIAN_POINT('',(9.77500001621,30.878237760728));
#11255 = CARTESIAN_POINT('',(6.10000001621,33.));
#11256 = CARTESIAN_POINT('',(9.77500001621,35.121762239272));
#11257 = CARTESIAN_POINT('',(13.45000001621,37.243524478544));
#11258 = CARTESIAN_POINT('',(13.45000001621,33.));
#11259 = ( GEOMETRIC_REPRESENTATION_CONTEXT(2) 
PARAMETRIC_REPRESENTATION_CONTEXT() REPRESENTATION_CONTEXT('2D SPACE',''
  ) );
#11260 = ORIENTED_EDGE('',*,*,#11261,.F.);
#11261 = EDGE_CURVE('',#9456,#11234,#11262,.T.);
#11262 = SURFACE_CURVE('',#11263,(#11267,#11274),.PCURVE_S1.);
#11263 = LINE('',#11264,#11265);
#11264 = CARTESIAN_POINT('',(10.999999998184,35.45,9.8));
#11265 = VECTOR('',#11266,1.);
#11266 = DIRECTION('',(0.,0.,1.));
#11267 = PCURVE('',#9502,#11268);
#11268 = DEFINITIONAL_REPRESENTATION('',(#11269),#11273);
#11269 = LINE('',#11270,#11271);
#11270 = CARTESIAN_POINT('',(-1.570796326795,0.));
#11271 = VECTOR('',#11272,1.);
#11272 = DIRECTION('',(-0.,-1.));
#11273 = ( GEOMETRIC_REPRESENTATION_CONTEXT(2) 
PARAMETRIC_REPRESENTATION_CONTEXT() REPRESENTATION_CONTEXT('2D SPACE',''
  ) );
#11274 = PCURVE('',#9470,#11275);
#11275 = DEFINITIONAL_REPRESENTATION('',(#11276),#11280);
#11276 = LINE('',#11277,#11278);
#11277 = CARTESIAN_POINT('',(21.999999998184,0.));
#11278 = VECTOR('',#11279,1.);
#11279 = DIRECTION('',(0.,-1.));
#11280 = ( GEOMETRIC_REPRESENTATION_CONTEXT(2) 
PARAMETRIC_REPRESENTATION_CONTEXT() REPRESENTATION_CONTEXT('2D SPACE',''
  ) );
#11281 = ADVANCED_FACE('',(#11282),#9470,.F.);
#11282 = FACE_BOUND('',#11283,.F.);
#11283 = EDGE_LOOP('',(#11284,#11285,#11308,#11328));
#11284 = ORIENTED_EDGE('',*,*,#9455,.T.);
#11285 = ORIENTED_EDGE('',*,*,#11286,.T.);
#11286 = EDGE_CURVE('',#9423,#11287,#11289,.T.);
#11287 = VERTEX_POINT('',#11288);
#11288 = CARTESIAN_POINT('',(-11.,35.45,11.5));
#11289 = SURFACE_CURVE('',#11290,(#11294,#11301),.PCURVE_S1.);
#11290 = LINE('',#11291,#11292);
#11291 = CARTESIAN_POINT('',(-11.,35.45,9.8));
#11292 = VECTOR('',#11293,1.);
#11293 = DIRECTION('',(0.,0.,1.));
#11294 = PCURVE('',#9470,#11295);
#11295 = DEFINITIONAL_REPRESENTATION('',(#11296),#11300);
#11296 = LINE('',#11297,#11298);
#11297 = CARTESIAN_POINT('',(0.,0.));
#11298 = VECTOR('',#11299,1.);
#11299 = DIRECTION('',(0.,-1.));
#11300 = ( GEOMETRIC_REPRESENTATION_CONTEXT(2) 
PARAMETRIC_REPRESENTATION_CONTEXT() REPRESENTATION_CONTEXT('2D SPACE',''
  ) );
#11301 = PCURVE('',#9443,#11302);
#11302 = DEFINITIONAL_REPRESENTATION('',(#11303),#11307);
#11303 = LINE('',#11304,#11305);
#11304 = CARTESIAN_POINT('',(-1.570796326795,0.));
#11305 = VECTOR('',#11306,1.);
#11306 = DIRECTION('',(-0.,-1.));
#11307 = ( GEOMETRIC_REPRESENTATION_CONTEXT(2) 
PARAMETRIC_REPRESENTATION_CONTEXT() REPRESENTATION_CONTEXT('2D SPACE',''
  ) );
#11308 = ORIENTED_EDGE('',*,*,#11309,.F.);
#11309 = EDGE_CURVE('',#11234,#11287,#11310,.T.);
#11310 = SURFACE_CURVE('',#11311,(#11315,#11321),.PCURVE_S1.);
#11311 = LINE('',#11312,#11313);
#11312 = CARTESIAN_POINT('',(-5.500000000118,35.45,11.5));
#11313 = VECTOR('',#11314,1.);
#11314 = DIRECTION('',(-1.,0.,0.));
#11315 = PCURVE('',#9470,#11316);
#11316 = DEFINITIONAL_REPRESENTATION('',(#11317),#11320);
#11317 = B_SPLINE_CURVE_WITH_KNOTS('',1,(#11318,#11319),.UNSPECIFIED.,
  .F.,.F.,(2,2),(-16.4999999983,5.499999999882),
  .PIECEWISE_BEZIER_KNOTS.);
#11318 = CARTESIAN_POINT('',(21.999999998184,-1.7));
#11319 = CARTESIAN_POINT('',(0.,-1.7));
#11320 = ( GEOMETRIC_REPRESENTATION_CONTEXT(2) 
PARAMETRIC_REPRESENTATION_CONTEXT() REPRESENTATION_CONTEXT('2D SPACE',''
  ) );
#11321 = PCURVE('',#10380,#11322);
#11322 = DEFINITIONAL_REPRESENTATION('',(#11323),#11327);
#11323 = LINE('',#11324,#11325);
#11324 = CARTESIAN_POINT('',(-5.499999982092,35.45));
#11325 = VECTOR('',#11326,1.);
#11326 = DIRECTION('',(-1.,0.));
#11327 = ( GEOMETRIC_REPRESENTATION_CONTEXT(2) 
PARAMETRIC_REPRESENTATION_CONTEXT() REPRESENTATION_CONTEXT('2D SPACE',''
  ) );
#11328 = ORIENTED_EDGE('',*,*,#11261,.F.);
#11329 = ADVANCED_FACE('',(#11330),#9443,.F.);
#11330 = FACE_BOUND('',#11331,.T.);
#11331 = EDGE_LOOP('',(#11332,#11333,#11334,#11360));
#11332 = ORIENTED_EDGE('',*,*,#9422,.T.);
#11333 = ORIENTED_EDGE('',*,*,#11286,.T.);
#11334 = ORIENTED_EDGE('',*,*,#11335,.F.);
#11335 = EDGE_CURVE('',#10323,#11287,#11336,.T.);
#11336 = SURFACE_CURVE('',#11337,(#11342,#11349),.PCURVE_S1.);
#11337 = CIRCLE('',#11338,2.45);
#11338 = AXIS2_PLACEMENT_3D('',#11339,#11340,#11341);
#11339 = CARTESIAN_POINT('',(-11.,33.,11.5));
#11340 = DIRECTION('',(0.,0.,-1.));
#11341 = DIRECTION('',(1.,0.,0.));
#11342 = PCURVE('',#9443,#11343);
#11343 = DEFINITIONAL_REPRESENTATION('',(#11344),#11348);
#11344 = LINE('',#11345,#11346);
#11345 = CARTESIAN_POINT('',(-6.28318530718,-1.7));
#11346 = VECTOR('',#11347,1.);
#11347 = DIRECTION('',(1.,-0.));
#11348 = ( GEOMETRIC_REPRESENTATION_CONTEXT(2) 
PARAMETRIC_REPRESENTATION_CONTEXT() REPRESENTATION_CONTEXT('2D SPACE',''
  ) );
#11349 = PCURVE('',#10380,#11350);
#11350 = DEFINITIONAL_REPRESENTATION('',(#11351),#11359);
#11351 = ( BOUNDED_CURVE() B_SPLINE_CURVE(2,(#11352,#11353,#11354,#11355
    ,#11356,#11357,#11358),.UNSPECIFIED.,.T.,.F.) 
B_SPLINE_CURVE_WITH_KNOTS((1,2,2,2,2,1),(-2.094395102393,0.,
    2.094395102393,4.188790204786,6.28318530718,8.377580409573),
.UNSPECIFIED.) CURVE() GEOMETRIC_REPRESENTATION_ITEM() 
RATIONAL_B_SPLINE_CURVE((1.,0.5,1.,0.5,1.,0.5,1.)) REPRESENTATION_ITEM(
  '') );
#11352 = CARTESIAN_POINT('',(-8.549999981974,33.));
#11353 = CARTESIAN_POINT('',(-8.549999981974,28.756475521456));
#11354 = CARTESIAN_POINT('',(-12.22499998197,30.878237760728));
#11355 = CARTESIAN_POINT('',(-15.89999998197,33.));
#11356 = CARTESIAN_POINT('',(-12.22499998197,35.121762239272));
#11357 = CARTESIAN_POINT('',(-8.549999981974,37.243524478544));
#11358 = CARTESIAN_POINT('',(-8.549999981974,33.));
#11359 = ( GEOMETRIC_REPRESENTATION_CONTEXT(2) 
PARAMETRIC_REPRESENTATION_CONTEXT() REPRESENTATION_CONTEXT('2D SPACE',''
  ) );
#11360 = ORIENTED_EDGE('',*,*,#10322,.F.);
#11361 = ADVANCED_FACE('',(#11362),#9921,.F.);
#11362 = FACE_BOUND('',#11363,.F.);
#11363 = EDGE_LOOP('',(#11364,#11365,#11388,#11410));
#11364 = ORIENTED_EDGE('',*,*,#9904,.F.);
#11365 = ORIENTED_EDGE('',*,*,#11366,.F.);
#11366 = EDGE_CURVE('',#11367,#9905,#11369,.T.);
#11367 = VERTEX_POINT('',#11368);
#11368 = CARTESIAN_POINT('',(-10.7,-31.5,1.62));
#11369 = SEAM_CURVE('',#11370,(#11374,#11381),.PCURVE_S1.);
#11370 = LINE('',#11371,#11372);
#11371 = CARTESIAN_POINT('',(-10.7,-31.5,1.52));
#11372 = VECTOR('',#11373,1.);
#11373 = DIRECTION('',(0.,0.,1.));
#11374 = PCURVE('',#9921,#11375);
#11375 = DEFINITIONAL_REPRESENTATION('',(#11376),#11380);
#11376 = LINE('',#11377,#11378);
#11377 = CARTESIAN_POINT('',(6.28318530718,-0.));
#11378 = VECTOR('',#11379,1.);
#11379 = DIRECTION('',(0.,1.));
#11380 = ( GEOMETRIC_REPRESENTATION_CONTEXT(2) 
PARAMETRIC_REPRESENTATION_CONTEXT() REPRESENTATION_CONTEXT('2D SPACE',''
  ) );
#11381 = PCURVE('',#9921,#11382);
#11382 = DEFINITIONAL_REPRESENTATION('',(#11383),#11387);
#11383 = LINE('',#11384,#11385);
#11384 = CARTESIAN_POINT('',(0.,-0.));
#11385 = VECTOR('',#11386,1.);
#11386 = DIRECTION('',(0.,1.));
#11387 = ( GEOMETRIC_REPRESENTATION_CONTEXT(2) 
PARAMETRIC_REPRESENTATION_CONTEXT() REPRESENTATION_CONTEXT('2D SPACE',''
  ) );
#11388 = ORIENTED_EDGE('',*,*,#11389,.T.);
#11389 = EDGE_CURVE('',#11367,#11367,#11390,.T.);
#11390 = SURFACE_CURVE('',#11391,(#11396,#11403),.PCURVE_S1.);
#11391 = CIRCLE('',#11392,1.1);
#11392 = AXIS2_PLACEMENT_3D('',#11393,#11394,#11395);
#11393 = CARTESIAN_POINT('',(-11.8,-31.5,1.62));
#11394 = DIRECTION('',(0.,0.,1.));
#11395 = DIRECTION('',(1.,0.,-0.));
#11396 = PCURVE('',#9921,#11397);
#11397 = DEFINITIONAL_REPRESENTATION('',(#11398),#11402);
#11398 = LINE('',#11399,#11400);
#11399 = CARTESIAN_POINT('',(0.,0.1));
#11400 = VECTOR('',#11401,1.);
#11401 = DIRECTION('',(1.,0.));
#11402 = ( GEOMETRIC_REPRESENTATION_CONTEXT(2) 
PARAMETRIC_REPRESENTATION_CONTEXT() REPRESENTATION_CONTEXT('2D SPACE',''
  ) );
#11403 = PCURVE('',#10626,#11404);
#11404 = DEFINITIONAL_REPRESENTATION('',(#11405),#11409);
#11405 = CIRCLE('',#11406,1.1);
#11406 = AXIS2_PLACEMENT_2D('',#11407,#11408);
#11407 = CARTESIAN_POINT('',(0.,0.));
#11408 = DIRECTION('',(1.,0.));
#11409 = ( GEOMETRIC_REPRESENTATION_CONTEXT(2) 
PARAMETRIC_REPRESENTATION_CONTEXT() REPRESENTATION_CONTEXT('2D SPACE',''
  ) );
#11410 = ORIENTED_EDGE('',*,*,#11366,.T.);
#11411 = ADVANCED_FACE('',(#11412),#9954,.T.);
#11412 = FACE_BOUND('',#11413,.T.);
#11413 = EDGE_LOOP('',(#11414,#11437,#11463,#11484));
#11414 = ORIENTED_EDGE('',*,*,#11415,.F.);
#11415 = EDGE_CURVE('',#11416,#9937,#11418,.T.);
#11416 = VERTEX_POINT('',#11417);
#11417 = CARTESIAN_POINT('',(8.3,-27.8,8.));
#11418 = SURFACE_CURVE('',#11419,(#11423,#11430),.PCURVE_S1.);
#11419 = LINE('',#11420,#11421);
#11420 = CARTESIAN_POINT('',(8.3,-27.8,7.9));
#11421 = VECTOR('',#11422,1.);
#11422 = DIRECTION('',(0.,0.,1.));
#11423 = PCURVE('',#9954,#11424);
#11424 = DEFINITIONAL_REPRESENTATION('',(#11425),#11429);
#11425 = LINE('',#11426,#11427);
#11426 = CARTESIAN_POINT('',(0.,16.6));
#11427 = VECTOR('',#11428,1.);
#11428 = DIRECTION('',(1.,0.));
#11429 = ( GEOMETRIC_REPRESENTATION_CONTEXT(2) 
PARAMETRIC_REPRESENTATION_CONTEXT() REPRESENTATION_CONTEXT('2D SPACE',''
  ) );
#11430 = PCURVE('',#9981,#11431);
#11431 = DEFINITIONAL_REPRESENTATION('',(#11432),#11436);
#11432 = LINE('',#11433,#11434);
#11433 = CARTESIAN_POINT('',(0.,0.));
#11434 = VECTOR('',#11435,1.);
#11435 = DIRECTION('',(1.,0.));
#11436 = ( GEOMETRIC_REPRESENTATION_CONTEXT(2) 
PARAMETRIC_REPRESENTATION_CONTEXT() REPRESENTATION_CONTEXT('2D SPACE',''
  ) );
#11437 = ORIENTED_EDGE('',*,*,#11438,.T.);
#11438 = EDGE_CURVE('',#11416,#11439,#11441,.T.);
#11439 = VERTEX_POINT('',#11440);
#11440 = CARTESIAN_POINT('',(-8.3,-27.8,8.));
#11441 = SURFACE_CURVE('',#11442,(#11446,#11452),.PCURVE_S1.);
#11442 = LINE('',#11443,#11444);
#11443 = CARTESIAN_POINT('',(-8.8,-27.8,8.));
#11444 = VECTOR('',#11445,1.);
#11445 = DIRECTION('',(-1.,-0.,0.));
#11446 = PCURVE('',#9954,#11447);
#11447 = DEFINITIONAL_REPRESENTATION('',(#11448),#11451);
#11448 = B_SPLINE_CURVE_WITH_KNOTS('',1,(#11449,#11450),.UNSPECIFIED.,
  .F.,.F.,(2,2),(-17.1,-0.5),.PIECEWISE_BEZIER_KNOTS.);
#11449 = CARTESIAN_POINT('',(1.E-01,16.6));
#11450 = CARTESIAN_POINT('',(1.E-01,0.));
#11451 = ( GEOMETRIC_REPRESENTATION_CONTEXT(2) 
PARAMETRIC_REPRESENTATION_CONTEXT() REPRESENTATION_CONTEXT('2D SPACE',''
  ) );
#11452 = PCURVE('',#11453,#11458);
#11453 = PLANE('',#11454);
#11454 = AXIS2_PLACEMENT_3D('',#11455,#11456,#11457);
#11455 = CARTESIAN_POINT('',(-9.3,-28.8,8.));
#11456 = DIRECTION('',(0.,0.,1.));
#11457 = DIRECTION('',(1.,0.,-0.));
#11458 = DEFINITIONAL_REPRESENTATION('',(#11459),#11462);
#11459 = B_SPLINE_CURVE_WITH_KNOTS('',1,(#11460,#11461),.UNSPECIFIED.,
  .F.,.F.,(2,2),(-17.1,-0.5),.PIECEWISE_BEZIER_KNOTS.);
#11460 = CARTESIAN_POINT('',(17.6,1.));
#11461 = CARTESIAN_POINT('',(1.,1.));
#11462 = ( GEOMETRIC_REPRESENTATION_CONTEXT(2) 
PARAMETRIC_REPRESENTATION_CONTEXT() REPRESENTATION_CONTEXT('2D SPACE',''
  ) );
#11463 = ORIENTED_EDGE('',*,*,#11464,.T.);
#11464 = EDGE_CURVE('',#11439,#9939,#11465,.T.);
#11465 = SURFACE_CURVE('',#11466,(#11470,#11477),.PCURVE_S1.);
#11466 = LINE('',#11467,#11468);
#11467 = CARTESIAN_POINT('',(-8.3,-27.8,7.9));
#11468 = VECTOR('',#11469,1.);
#11469 = DIRECTION('',(0.,0.,1.));
#11470 = PCURVE('',#9954,#11471);
#11471 = DEFINITIONAL_REPRESENTATION('',(#11472),#11476);
#11472 = LINE('',#11473,#11474);
#11473 = CARTESIAN_POINT('',(0.,0.));
#11474 = VECTOR('',#11475,1.);
#11475 = DIRECTION('',(1.,0.));
#11476 = ( GEOMETRIC_REPRESENTATION_CONTEXT(2) 
PARAMETRIC_REPRESENTATION_CONTEXT() REPRESENTATION_CONTEXT('2D SPACE',''
  ) );
#11477 = PCURVE('',#10033,#11478);
#11478 = DEFINITIONAL_REPRESENTATION('',(#11479),#11483);
#11479 = LINE('',#11480,#11481);
#11480 = CARTESIAN_POINT('',(0.,0.));
#11481 = VECTOR('',#11482,1.);
#11482 = DIRECTION('',(1.,0.));
#11483 = ( GEOMETRIC_REPRESENTATION_CONTEXT(2) 
PARAMETRIC_REPRESENTATION_CONTEXT() REPRESENTATION_CONTEXT('2D SPACE',''
  ) );
#11484 = ORIENTED_EDGE('',*,*,#9936,.F.);
#11485 = ADVANCED_FACE('',(#11486),#10033,.T.);
#11486 = FACE_BOUND('',#11487,.T.);
#11487 = EDGE_LOOP('',(#11488,#11489,#11510,#11531));
#11488 = ORIENTED_EDGE('',*,*,#11464,.F.);
#11489 = ORIENTED_EDGE('',*,*,#11490,.T.);
#11490 = EDGE_CURVE('',#11439,#11491,#11493,.T.);
#11491 = VERTEX_POINT('',#11492);
#11492 = CARTESIAN_POINT('',(-8.3,-18.2,8.));
#11493 = SURFACE_CURVE('',#11494,(#11498,#11504),.PCURVE_S1.);
#11494 = LINE('',#11495,#11496);
#11495 = CARTESIAN_POINT('',(-8.3,-28.3,8.));
#11496 = VECTOR('',#11497,1.);
#11497 = DIRECTION('',(-0.,1.,0.));
#11498 = PCURVE('',#10033,#11499);
#11499 = DEFINITIONAL_REPRESENTATION('',(#11500),#11503);
#11500 = B_SPLINE_CURVE_WITH_KNOTS('',1,(#11501,#11502),.UNSPECIFIED.,
  .F.,.F.,(2,2),(0.5,10.1),.PIECEWISE_BEZIER_KNOTS.);
#11501 = CARTESIAN_POINT('',(1.E-01,0.));
#11502 = CARTESIAN_POINT('',(1.E-01,-9.6));
#11503 = ( GEOMETRIC_REPRESENTATION_CONTEXT(2) 
PARAMETRIC_REPRESENTATION_CONTEXT() REPRESENTATION_CONTEXT('2D SPACE',''
  ) );
#11504 = PCURVE('',#11453,#11505);
#11505 = DEFINITIONAL_REPRESENTATION('',(#11506),#11509);
#11506 = B_SPLINE_CURVE_WITH_KNOTS('',1,(#11507,#11508),.UNSPECIFIED.,
  .F.,.F.,(2,2),(0.5,10.1),.PIECEWISE_BEZIER_KNOTS.);
#11507 = CARTESIAN_POINT('',(1.,1.));
#11508 = CARTESIAN_POINT('',(1.,10.6));
#11509 = ( GEOMETRIC_REPRESENTATION_CONTEXT(2) 
PARAMETRIC_REPRESENTATION_CONTEXT() REPRESENTATION_CONTEXT('2D SPACE',''
  ) );
#11510 = ORIENTED_EDGE('',*,*,#11511,.T.);
#11511 = EDGE_CURVE('',#11491,#9993,#11512,.T.);
#11512 = SURFACE_CURVE('',#11513,(#11517,#11524),.PCURVE_S1.);
#11513 = LINE('',#11514,#11515);
#11514 = CARTESIAN_POINT('',(-8.3,-18.2,7.9));
#11515 = VECTOR('',#11516,1.);
#11516 = DIRECTION('',(0.,0.,1.));
#11517 = PCURVE('',#10033,#11518);
#11518 = DEFINITIONAL_REPRESENTATION('',(#11519),#11523);
#11519 = LINE('',#11520,#11521);
#11520 = CARTESIAN_POINT('',(0.,-9.6));
#11521 = VECTOR('',#11522,1.);
#11522 = DIRECTION('',(1.,0.));
#11523 = ( GEOMETRIC_REPRESENTATION_CONTEXT(2) 
PARAMETRIC_REPRESENTATION_CONTEXT() REPRESENTATION_CONTEXT('2D SPACE',''
  ) );
#11524 = PCURVE('',#10008,#11525);
#11525 = DEFINITIONAL_REPRESENTATION('',(#11526),#11530);
#11526 = LINE('',#11527,#11528);
#11527 = CARTESIAN_POINT('',(0.,0.));
#11528 = VECTOR('',#11529,1.);
#11529 = DIRECTION('',(1.,0.));
#11530 = ( GEOMETRIC_REPRESENTATION_CONTEXT(2) 
PARAMETRIC_REPRESENTATION_CONTEXT() REPRESENTATION_CONTEXT('2D SPACE',''
  ) );
#11531 = ORIENTED_EDGE('',*,*,#10019,.F.);
#11532 = ADVANCED_FACE('',(#11533),#10008,.F.);
#11533 = FACE_BOUND('',#11534,.F.);
#11534 = EDGE_LOOP('',(#11535,#11558,#11579,#11605,#11631,#11657,#11676,
    #11677));
#11535 = ORIENTED_EDGE('',*,*,#11536,.F.);
#11536 = EDGE_CURVE('',#11537,#9966,#11539,.T.);
#11537 = VERTEX_POINT('',#11538);
#11538 = CARTESIAN_POINT('',(8.3,-18.2,8.));
#11539 = SURFACE_CURVE('',#11540,(#11544,#11551),.PCURVE_S1.);
#11540 = LINE('',#11541,#11542);
#11541 = CARTESIAN_POINT('',(8.3,-18.2,7.9));
#11542 = VECTOR('',#11543,1.);
#11543 = DIRECTION('',(0.,0.,1.));
#11544 = PCURVE('',#10008,#11545);
#11545 = DEFINITIONAL_REPRESENTATION('',(#11546),#11550);
#11546 = LINE('',#11547,#11548);
#11547 = CARTESIAN_POINT('',(0.,16.6));
#11548 = VECTOR('',#11549,1.);
#11549 = DIRECTION('',(1.,0.));
#11550 = ( GEOMETRIC_REPRESENTATION_CONTEXT(2) 
PARAMETRIC_REPRESENTATION_CONTEXT() REPRESENTATION_CONTEXT('2D SPACE',''
  ) );
#11551 = PCURVE('',#9981,#11552);
#11552 = DEFINITIONAL_REPRESENTATION('',(#11553),#11557);
#11553 = LINE('',#11554,#11555);
#11554 = CARTESIAN_POINT('',(0.,-9.6));
#11555 = VECTOR('',#11556,1.);
#11556 = DIRECTION('',(1.,0.));
#11557 = ( GEOMETRIC_REPRESENTATION_CONTEXT(2) 
PARAMETRIC_REPRESENTATION_CONTEXT() REPRESENTATION_CONTEXT('2D SPACE',''
  ) );
#11558 = ORIENTED_EDGE('',*,*,#11559,.T.);
#11559 = EDGE_CURVE('',#11537,#11560,#11562,.T.);
#11560 = VERTEX_POINT('',#11561);
#11561 = CARTESIAN_POINT('',(1.5,-18.2,8.));
#11562 = SURFACE_CURVE('',#11563,(#11567,#11573),.PCURVE_S1.);
#11563 = LINE('',#11564,#11565);
#11564 = CARTESIAN_POINT('',(-8.8,-18.2,8.));
#11565 = VECTOR('',#11566,1.);
#11566 = DIRECTION('',(-1.,-0.,0.));
#11567 = PCURVE('',#10008,#11568);
#11568 = DEFINITIONAL_REPRESENTATION('',(#11569),#11572);
#11569 = B_SPLINE_CURVE_WITH_KNOTS('',1,(#11570,#11571),.UNSPECIFIED.,
  .F.,.F.,(2,2),(-17.1,-0.5),.PIECEWISE_BEZIER_KNOTS.);
#11570 = CARTESIAN_POINT('',(1.E-01,16.6));
#11571 = CARTESIAN_POINT('',(1.E-01,0.));
#11572 = ( GEOMETRIC_REPRESENTATION_CONTEXT(2) 
PARAMETRIC_REPRESENTATION_CONTEXT() REPRESENTATION_CONTEXT('2D SPACE',''
  ) );
#11573 = PCURVE('',#11453,#11574);
#11574 = DEFINITIONAL_REPRESENTATION('',(#11575),#11578);
#11575 = B_SPLINE_CURVE_WITH_KNOTS('',1,(#11576,#11577),.UNSPECIFIED.,
  .F.,.F.,(2,2),(-17.1,-0.5),.PIECEWISE_BEZIER_KNOTS.);
#11576 = CARTESIAN_POINT('',(17.6,10.6));
#11577 = CARTESIAN_POINT('',(1.,10.6));
#11578 = ( GEOMETRIC_REPRESENTATION_CONTEXT(2) 
PARAMETRIC_REPRESENTATION_CONTEXT() REPRESENTATION_CONTEXT('2D SPACE',''
  ) );
#11579 = ORIENTED_EDGE('',*,*,#11580,.F.);
#11580 = EDGE_CURVE('',#11581,#11560,#11583,.T.);
#11581 = VERTEX_POINT('',#11582);
#11582 = CARTESIAN_POINT('',(1.5,-18.2,10.));
#11583 = SURFACE_CURVE('',#11584,(#11588,#11594),.PCURVE_S1.);
#11584 = LINE('',#11585,#11586);
#11585 = CARTESIAN_POINT('',(1.5,-18.2,7.95));
#11586 = VECTOR('',#11587,1.);
#11587 = DIRECTION('',(-0.,0.,-1.));
#11588 = PCURVE('',#10008,#11589);
#11589 = DEFINITIONAL_REPRESENTATION('',(#11590),#11593);
#11590 = B_SPLINE_CURVE_WITH_KNOTS('',1,(#11591,#11592),.UNSPECIFIED.,
  .F.,.F.,(2,2),(-2.05,-5.E-02),.PIECEWISE_BEZIER_KNOTS.);
#11591 = CARTESIAN_POINT('',(2.1,9.8));
#11592 = CARTESIAN_POINT('',(1.E-01,9.8));
#11593 = ( GEOMETRIC_REPRESENTATION_CONTEXT(2) 
PARAMETRIC_REPRESENTATION_CONTEXT() REPRESENTATION_CONTEXT('2D SPACE',''
  ) );
#11594 = PCURVE('',#11595,#11600);
#11595 = PLANE('',#11596);
#11596 = AXIS2_PLACEMENT_3D('',#11597,#11598,#11599);
#11597 = CARTESIAN_POINT('',(1.5,-19.5,8.));
#11598 = DIRECTION('',(1.,0.,-0.));
#11599 = DIRECTION('',(0.,0.,1.));
#11600 = DEFINITIONAL_REPRESENTATION('',(#11601),#11604);
#11601 = B_SPLINE_CURVE_WITH_KNOTS('',1,(#11602,#11603),.UNSPECIFIED.,
  .F.,.F.,(2,2),(-2.05,-5.E-02),.PIECEWISE_BEZIER_KNOTS.);
#11602 = CARTESIAN_POINT('',(2.,-1.3));
#11603 = CARTESIAN_POINT('',(0.,-1.3));
#11604 = ( GEOMETRIC_REPRESENTATION_CONTEXT(2) 
PARAMETRIC_REPRESENTATION_CONTEXT() REPRESENTATION_CONTEXT('2D SPACE',''
  ) );
#11605 = ORIENTED_EDGE('',*,*,#11606,.F.);
#11606 = EDGE_CURVE('',#11607,#11581,#11609,.T.);
#11607 = VERTEX_POINT('',#11608);
#11608 = CARTESIAN_POINT('',(-1.5,-18.2,10.));
#11609 = SURFACE_CURVE('',#11610,(#11614,#11620),.PCURVE_S1.);
#11610 = LINE('',#11611,#11612);
#11611 = CARTESIAN_POINT('',(-4.9,-18.2,10.));
#11612 = VECTOR('',#11613,1.);
#11613 = DIRECTION('',(1.,0.,-0.));
#11614 = PCURVE('',#10008,#11615);
#11615 = DEFINITIONAL_REPRESENTATION('',(#11616),#11619);
#11616 = B_SPLINE_CURVE_WITH_KNOTS('',1,(#11617,#11618),.UNSPECIFIED.,
  .F.,.F.,(2,2),(3.4,6.4),.PIECEWISE_BEZIER_KNOTS.);
#11617 = CARTESIAN_POINT('',(2.1,6.8));
#11618 = CARTESIAN_POINT('',(2.1,9.8));
#11619 = ( GEOMETRIC_REPRESENTATION_CONTEXT(2) 
PARAMETRIC_REPRESENTATION_CONTEXT() REPRESENTATION_CONTEXT('2D SPACE',''
  ) );
#11620 = PCURVE('',#11621,#11626);
#11621 = PLANE('',#11622);
#11622 = AXIS2_PLACEMENT_3D('',#11623,#11624,#11625);
#11623 = CARTESIAN_POINT('',(-1.5,-19.5,10.));
#11624 = DIRECTION('',(0.,0.,1.));
#11625 = DIRECTION('',(1.,0.,-0.));
#11626 = DEFINITIONAL_REPRESENTATION('',(#11627),#11630);
#11627 = B_SPLINE_CURVE_WITH_KNOTS('',1,(#11628,#11629),.UNSPECIFIED.,
  .F.,.F.,(2,2),(3.4,6.4),.PIECEWISE_BEZIER_KNOTS.);
#11628 = CARTESIAN_POINT('',(0.,1.3));
#11629 = CARTESIAN_POINT('',(3.,1.3));
#11630 = ( GEOMETRIC_REPRESENTATION_CONTEXT(2) 
PARAMETRIC_REPRESENTATION_CONTEXT() REPRESENTATION_CONTEXT('2D SPACE',''
  ) );
#11631 = ORIENTED_EDGE('',*,*,#11632,.T.);
#11632 = EDGE_CURVE('',#11607,#11633,#11635,.T.);
#11633 = VERTEX_POINT('',#11634);
#11634 = CARTESIAN_POINT('',(-1.5,-18.2,8.));
#11635 = SURFACE_CURVE('',#11636,(#11640,#11646),.PCURVE_S1.);
#11636 = LINE('',#11637,#11638);
#11637 = CARTESIAN_POINT('',(-1.5,-18.2,7.95));
#11638 = VECTOR('',#11639,1.);
#11639 = DIRECTION('',(-0.,0.,-1.));
#11640 = PCURVE('',#10008,#11641);
#11641 = DEFINITIONAL_REPRESENTATION('',(#11642),#11645);
#11642 = B_SPLINE_CURVE_WITH_KNOTS('',1,(#11643,#11644),.UNSPECIFIED.,
  .F.,.F.,(2,2),(-2.05,-5.E-02),.PIECEWISE_BEZIER_KNOTS.);
#11643 = CARTESIAN_POINT('',(2.1,6.8));
#11644 = CARTESIAN_POINT('',(1.E-01,6.8));
#11645 = ( GEOMETRIC_REPRESENTATION_CONTEXT(2) 
PARAMETRIC_REPRESENTATION_CONTEXT() REPRESENTATION_CONTEXT('2D SPACE',''
  ) );
#11646 = PCURVE('',#11647,#11652);
#11647 = PLANE('',#11648);
#11648 = AXIS2_PLACEMENT_3D('',#11649,#11650,#11651);
#11649 = CARTESIAN_POINT('',(-1.5,-19.5,8.));
#11650 = DIRECTION('',(1.,0.,-0.));
#11651 = DIRECTION('',(0.,0.,1.));
#11652 = DEFINITIONAL_REPRESENTATION('',(#11653),#11656);
#11653 = B_SPLINE_CURVE_WITH_KNOTS('',1,(#11654,#11655),.UNSPECIFIED.,
  .F.,.F.,(2,2),(-2.05,-5.E-02),.PIECEWISE_BEZIER_KNOTS.);
#11654 = CARTESIAN_POINT('',(2.,-1.3));
#11655 = CARTESIAN_POINT('',(0.,-1.3));
#11656 = ( GEOMETRIC_REPRESENTATION_CONTEXT(2) 
PARAMETRIC_REPRESENTATION_CONTEXT() REPRESENTATION_CONTEXT('2D SPACE',''
  ) );
#11657 = ORIENTED_EDGE('',*,*,#11658,.T.);
#11658 = EDGE_CURVE('',#11633,#11491,#11659,.T.);
#11659 = SURFACE_CURVE('',#11660,(#11664,#11670),.PCURVE_S1.);
#11660 = LINE('',#11661,#11662);
#11661 = CARTESIAN_POINT('',(-8.8,-18.2,8.));
#11662 = VECTOR('',#11663,1.);
#11663 = DIRECTION('',(-1.,-0.,0.));
#11664 = PCURVE('',#10008,#11665);
#11665 = DEFINITIONAL_REPRESENTATION('',(#11666),#11669);
#11666 = B_SPLINE_CURVE_WITH_KNOTS('',1,(#11667,#11668),.UNSPECIFIED.,
  .F.,.F.,(2,2),(-17.1,-0.5),.PIECEWISE_BEZIER_KNOTS.);
#11667 = CARTESIAN_POINT('',(1.E-01,16.6));
#11668 = CARTESIAN_POINT('',(1.E-01,0.));
#11669 = ( GEOMETRIC_REPRESENTATION_CONTEXT(2) 
PARAMETRIC_REPRESENTATION_CONTEXT() REPRESENTATION_CONTEXT('2D SPACE',''
  ) );
#11670 = PCURVE('',#11453,#11671);
#11671 = DEFINITIONAL_REPRESENTATION('',(#11672),#11675);
#11672 = B_SPLINE_CURVE_WITH_KNOTS('',1,(#11673,#11674),.UNSPECIFIED.,
  .F.,.F.,(2,2),(-17.1,-0.5),.PIECEWISE_BEZIER_KNOTS.);
#11673 = CARTESIAN_POINT('',(17.6,10.6));
#11674 = CARTESIAN_POINT('',(1.,10.6));
#11675 = ( GEOMETRIC_REPRESENTATION_CONTEXT(2) 
PARAMETRIC_REPRESENTATION_CONTEXT() REPRESENTATION_CONTEXT('2D SPACE',''
  ) );
#11676 = ORIENTED_EDGE('',*,*,#11511,.T.);
#11677 = ORIENTED_EDGE('',*,*,#9992,.F.);
#11678 = ADVANCED_FACE('',(#11679),#9981,.F.);
#11679 = FACE_BOUND('',#11680,.F.);
#11680 = EDGE_LOOP('',(#11681,#11682,#11701,#11702));
#11681 = ORIENTED_EDGE('',*,*,#11415,.F.);
#11682 = ORIENTED_EDGE('',*,*,#11683,.T.);
#11683 = EDGE_CURVE('',#11416,#11537,#11684,.T.);
#11684 = SURFACE_CURVE('',#11685,(#11689,#11695),.PCURVE_S1.);
#11685 = LINE('',#11686,#11687);
#11686 = CARTESIAN_POINT('',(8.3,-28.3,8.));
#11687 = VECTOR('',#11688,1.);
#11688 = DIRECTION('',(-0.,1.,0.));
#11689 = PCURVE('',#9981,#11690);
#11690 = DEFINITIONAL_REPRESENTATION('',(#11691),#11694);
#11691 = B_SPLINE_CURVE_WITH_KNOTS('',1,(#11692,#11693),.UNSPECIFIED.,
  .F.,.F.,(2,2),(0.5,10.1),.PIECEWISE_BEZIER_KNOTS.);
#11692 = CARTESIAN_POINT('',(1.E-01,0.));
#11693 = CARTESIAN_POINT('',(1.E-01,-9.6));
#11694 = ( GEOMETRIC_REPRESENTATION_CONTEXT(2) 
PARAMETRIC_REPRESENTATION_CONTEXT() REPRESENTATION_CONTEXT('2D SPACE',''
  ) );
#11695 = PCURVE('',#11453,#11696);
#11696 = DEFINITIONAL_REPRESENTATION('',(#11697),#11700);
#11697 = B_SPLINE_CURVE_WITH_KNOTS('',1,(#11698,#11699),.UNSPECIFIED.,
  .F.,.F.,(2,2),(0.5,10.1),.PIECEWISE_BEZIER_KNOTS.);
#11698 = CARTESIAN_POINT('',(17.6,1.));
#11699 = CARTESIAN_POINT('',(17.6,10.6));
#11700 = ( GEOMETRIC_REPRESENTATION_CONTEXT(2) 
PARAMETRIC_REPRESENTATION_CONTEXT() REPRESENTATION_CONTEXT('2D SPACE',''
  ) );
#11701 = ORIENTED_EDGE('',*,*,#11536,.T.);
#11702 = ORIENTED_EDGE('',*,*,#9965,.F.);
#11703 = ADVANCED_FACE('',(#11704),#10202,.F.);
#11704 = FACE_BOUND('',#11705,.F.);
#11705 = EDGE_LOOP('',(#11706,#11707,#11730,#11752));
#11706 = ORIENTED_EDGE('',*,*,#10185,.F.);
#11707 = ORIENTED_EDGE('',*,*,#11708,.F.);
#11708 = EDGE_CURVE('',#11709,#10186,#11711,.T.);
#11709 = VERTEX_POINT('',#11710);
#11710 = CARTESIAN_POINT('',(12.9,-31.5,1.62));
#11711 = SEAM_CURVE('',#11712,(#11716,#11723),.PCURVE_S1.);
#11712 = LINE('',#11713,#11714);
#11713 = CARTESIAN_POINT('',(12.9,-31.5,1.52));
#11714 = VECTOR('',#11715,1.);
#11715 = DIRECTION('',(0.,0.,1.));
#11716 = PCURVE('',#10202,#11717);
#11717 = DEFINITIONAL_REPRESENTATION('',(#11718),#11722);
#11718 = LINE('',#11719,#11720);
#11719 = CARTESIAN_POINT('',(6.28318530718,-0.));
#11720 = VECTOR('',#11721,1.);
#11721 = DIRECTION('',(0.,1.));
#11722 = ( GEOMETRIC_REPRESENTATION_CONTEXT(2) 
PARAMETRIC_REPRESENTATION_CONTEXT() REPRESENTATION_CONTEXT('2D SPACE',''
  ) );
#11723 = PCURVE('',#10202,#11724);
#11724 = DEFINITIONAL_REPRESENTATION('',(#11725),#11729);
#11725 = LINE('',#11726,#11727);
#11726 = CARTESIAN_POINT('',(0.,-0.));
#11727 = VECTOR('',#11728,1.);
#11728 = DIRECTION('',(0.,1.));
#11729 = ( GEOMETRIC_REPRESENTATION_CONTEXT(2) 
PARAMETRIC_REPRESENTATION_CONTEXT() REPRESENTATION_CONTEXT('2D SPACE',''
  ) );
#11730 = ORIENTED_EDGE('',*,*,#11731,.T.);
#11731 = EDGE_CURVE('',#11709,#11709,#11732,.T.);
#11732 = SURFACE_CURVE('',#11733,(#11738,#11745),.PCURVE_S1.);
#11733 = CIRCLE('',#11734,1.1);
#11734 = AXIS2_PLACEMENT_3D('',#11735,#11736,#11737);
#11735 = CARTESIAN_POINT('',(11.8,-31.5,1.62));
#11736 = DIRECTION('',(0.,0.,1.));
#11737 = DIRECTION('',(1.,0.,-0.));
#11738 = PCURVE('',#10202,#11739);
#11739 = DEFINITIONAL_REPRESENTATION('',(#11740),#11744);
#11740 = LINE('',#11741,#11742);
#11741 = CARTESIAN_POINT('',(0.,0.1));
#11742 = VECTOR('',#11743,1.);
#11743 = DIRECTION('',(1.,0.));
#11744 = ( GEOMETRIC_REPRESENTATION_CONTEXT(2) 
PARAMETRIC_REPRESENTATION_CONTEXT() REPRESENTATION_CONTEXT('2D SPACE',''
  ) );
#11745 = PCURVE('',#10976,#11746);
#11746 = DEFINITIONAL_REPRESENTATION('',(#11747),#11751);
#11747 = CIRCLE('',#11748,1.1);
#11748 = AXIS2_PLACEMENT_2D('',#11749,#11750);
#11749 = CARTESIAN_POINT('',(0.,0.));
#11750 = DIRECTION('',(1.,0.));
#11751 = ( GEOMETRIC_REPRESENTATION_CONTEXT(2) 
PARAMETRIC_REPRESENTATION_CONTEXT() REPRESENTATION_CONTEXT('2D SPACE',''
  ) );
#11752 = ORIENTED_EDGE('',*,*,#11708,.T.);
#11753 = ADVANCED_FACE('',(#11754),#10237,.F.);
#11754 = FACE_BOUND('',#11755,.F.);
#11755 = EDGE_LOOP('',(#11756,#11757,#11780,#11802));
#11756 = ORIENTED_EDGE('',*,*,#10220,.F.);
#11757 = ORIENTED_EDGE('',*,*,#11758,.F.);
#11758 = EDGE_CURVE('',#11759,#10221,#11761,.T.);
#11759 = VERTEX_POINT('',#11760);
#11760 = CARTESIAN_POINT('',(-10.7,31.5,1.62));
#11761 = SEAM_CURVE('',#11762,(#11766,#11773),.PCURVE_S1.);
#11762 = LINE('',#11763,#11764);
#11763 = CARTESIAN_POINT('',(-10.7,31.5,1.52));
#11764 = VECTOR('',#11765,1.);
#11765 = DIRECTION('',(0.,0.,1.));
#11766 = PCURVE('',#10237,#11767);
#11767 = DEFINITIONAL_REPRESENTATION('',(#11768),#11772);
#11768 = LINE('',#11769,#11770);
#11769 = CARTESIAN_POINT('',(6.28318530718,-0.));
#11770 = VECTOR('',#11771,1.);
#11771 = DIRECTION('',(0.,1.));
#11772 = ( GEOMETRIC_REPRESENTATION_CONTEXT(2) 
PARAMETRIC_REPRESENTATION_CONTEXT() REPRESENTATION_CONTEXT('2D SPACE',''
  ) );
#11773 = PCURVE('',#10237,#11774);
#11774 = DEFINITIONAL_REPRESENTATION('',(#11775),#11779);
#11775 = LINE('',#11776,#11777);
#11776 = CARTESIAN_POINT('',(0.,-0.));
#11777 = VECTOR('',#11778,1.);
#11778 = DIRECTION('',(0.,1.));
#11779 = ( GEOMETRIC_REPRESENTATION_CONTEXT(2) 
PARAMETRIC_REPRESENTATION_CONTEXT() REPRESENTATION_CONTEXT('2D SPACE',''
  ) );
#11780 = ORIENTED_EDGE('',*,*,#11781,.T.);
#11781 = EDGE_CURVE('',#11759,#11759,#11782,.T.);
#11782 = SURFACE_CURVE('',#11783,(#11788,#11795),.PCURVE_S1.);
#11783 = CIRCLE('',#11784,1.1);
#11784 = AXIS2_PLACEMENT_3D('',#11785,#11786,#11787);
#11785 = CARTESIAN_POINT('',(-11.8,31.5,1.62));
#11786 = DIRECTION('',(0.,0.,1.));
#11787 = DIRECTION('',(1.,0.,-0.));
#11788 = PCURVE('',#10237,#11789);
#11789 = DEFINITIONAL_REPRESENTATION('',(#11790),#11794);
#11790 = LINE('',#11791,#11792);
#11791 = CARTESIAN_POINT('',(0.,0.1));
#11792 = VECTOR('',#11793,1.);
#11793 = DIRECTION('',(1.,0.));
#11794 = ( GEOMETRIC_REPRESENTATION_CONTEXT(2) 
PARAMETRIC_REPRESENTATION_CONTEXT() REPRESENTATION_CONTEXT('2D SPACE',''
  ) );
#11795 = PCURVE('',#10457,#11796);
#11796 = DEFINITIONAL_REPRESENTATION('',(#11797),#11801);
#11797 = CIRCLE('',#11798,1.1);
#11798 = AXIS2_PLACEMENT_2D('',#11799,#11800);
#11799 = CARTESIAN_POINT('',(0.,0.));
#11800 = DIRECTION('',(1.,0.));
#11801 = ( GEOMETRIC_REPRESENTATION_CONTEXT(2) 
PARAMETRIC_REPRESENTATION_CONTEXT() REPRESENTATION_CONTEXT('2D SPACE',''
  ) );
#11802 = ORIENTED_EDGE('',*,*,#11758,.T.);
#11803 = ADVANCED_FACE('',(#11804),#10269,.T.);
#11804 = FACE_BOUND('',#11805,.T.);
#11805 = EDGE_LOOP('',(#11806,#11830,#11851,#11852));
#11806 = ORIENTED_EDGE('',*,*,#11807,.F.);
#11807 = EDGE_CURVE('',#11808,#11808,#11810,.T.);
#11808 = VERTEX_POINT('',#11809);
#11809 = CARTESIAN_POINT('',(8.4,14.,11.5));
#11810 = SURFACE_CURVE('',#11811,(#11816,#11823),.PCURVE_S1.);
#11811 = CIRCLE('',#11812,2.4);
#11812 = AXIS2_PLACEMENT_3D('',#11813,#11814,#11815);
#11813 = CARTESIAN_POINT('',(6.,14.,11.5));
#11814 = DIRECTION('',(0.,0.,1.));
#11815 = DIRECTION('',(1.,0.,-0.));
#11816 = PCURVE('',#10269,#11817);
#11817 = DEFINITIONAL_REPRESENTATION('',(#11818),#11822);
#11818 = LINE('',#11819,#11820);
#11819 = CARTESIAN_POINT('',(0.,0.9));
#11820 = VECTOR('',#11821,1.);
#11821 = DIRECTION('',(1.,0.));
#11822 = ( GEOMETRIC_REPRESENTATION_CONTEXT(2) 
PARAMETRIC_REPRESENTATION_CONTEXT() REPRESENTATION_CONTEXT('2D SPACE',''
  ) );
#11823 = PCURVE('',#10380,#11824);
#11824 = DEFINITIONAL_REPRESENTATION('',(#11825),#11829);
#11825 = CIRCLE('',#11826,2.4);
#11826 = AXIS2_PLACEMENT_2D('',#11827,#11828);
#11827 = CARTESIAN_POINT('',(6.000000018027,14.));
#11828 = DIRECTION('',(1.,0.));
#11829 = ( GEOMETRIC_REPRESENTATION_CONTEXT(2) 
PARAMETRIC_REPRESENTATION_CONTEXT() REPRESENTATION_CONTEXT('2D SPACE',''
  ) );
#11830 = ORIENTED_EDGE('',*,*,#11831,.F.);
#11831 = EDGE_CURVE('',#10253,#11808,#11832,.T.);
#11832 = SEAM_CURVE('',#11833,(#11837,#11844),.PCURVE_S1.);
#11833 = LINE('',#11834,#11835);
#11834 = CARTESIAN_POINT('',(8.4,14.,10.6));
#11835 = VECTOR('',#11836,1.);
#11836 = DIRECTION('',(0.,0.,1.));
#11837 = PCURVE('',#10269,#11838);
#11838 = DEFINITIONAL_REPRESENTATION('',(#11839),#11843);
#11839 = LINE('',#11840,#11841);
#11840 = CARTESIAN_POINT('',(6.28318530718,-0.));
#11841 = VECTOR('',#11842,1.);
#11842 = DIRECTION('',(0.,1.));
#11843 = ( GEOMETRIC_REPRESENTATION_CONTEXT(2) 
PARAMETRIC_REPRESENTATION_CONTEXT() REPRESENTATION_CONTEXT('2D SPACE',''
  ) );
#11844 = PCURVE('',#10269,#11845);
#11845 = DEFINITIONAL_REPRESENTATION('',(#11846),#11850);
#11846 = LINE('',#11847,#11848);
#11847 = CARTESIAN_POINT('',(0.,-0.));
#11848 = VECTOR('',#11849,1.);
#11849 = DIRECTION('',(0.,1.));
#11850 = ( GEOMETRIC_REPRESENTATION_CONTEXT(2) 
PARAMETRIC_REPRESENTATION_CONTEXT() REPRESENTATION_CONTEXT('2D SPACE',''
  ) );
#11851 = ORIENTED_EDGE('',*,*,#10252,.T.);
#11852 = ORIENTED_EDGE('',*,*,#11831,.T.);
#11853 = ADVANCED_FACE('',(#11854),#10307,.F.);
#11854 = FACE_BOUND('',#11855,.F.);
#11855 = EDGE_LOOP('',(#11856,#11857,#11880,#11902));
#11856 = ORIENTED_EDGE('',*,*,#10290,.F.);
#11857 = ORIENTED_EDGE('',*,*,#11858,.F.);
#11858 = EDGE_CURVE('',#11859,#10291,#11861,.T.);
#11859 = VERTEX_POINT('',#11860);
#11860 = CARTESIAN_POINT('',(12.9,31.5,1.62));
#11861 = SEAM_CURVE('',#11862,(#11866,#11873),.PCURVE_S1.);
#11862 = LINE('',#11863,#11864);
#11863 = CARTESIAN_POINT('',(12.9,31.5,1.52));
#11864 = VECTOR('',#11865,1.);
#11865 = DIRECTION('',(0.,0.,1.));
#11866 = PCURVE('',#10307,#11867);
#11867 = DEFINITIONAL_REPRESENTATION('',(#11868),#11872);
#11868 = LINE('',#11869,#11870);
#11869 = CARTESIAN_POINT('',(6.28318530718,-0.));
#11870 = VECTOR('',#11871,1.);
#11871 = DIRECTION('',(0.,1.));
#11872 = ( GEOMETRIC_REPRESENTATION_CONTEXT(2) 
PARAMETRIC_REPRESENTATION_CONTEXT() REPRESENTATION_CONTEXT('2D SPACE',''
  ) );
#11873 = PCURVE('',#10307,#11874);
#11874 = DEFINITIONAL_REPRESENTATION('',(#11875),#11879);
#11875 = LINE('',#11876,#11877);
#11876 = CARTESIAN_POINT('',(0.,-0.));
#11877 = VECTOR('',#11878,1.);
#11878 = DIRECTION('',(0.,1.));
#11879 = ( GEOMETRIC_REPRESENTATION_CONTEXT(2) 
PARAMETRIC_REPRESENTATION_CONTEXT() REPRESENTATION_CONTEXT('2D SPACE',''
  ) );
#11880 = ORIENTED_EDGE('',*,*,#11881,.T.);
#11881 = EDGE_CURVE('',#11859,#11859,#11882,.T.);
#11882 = SURFACE_CURVE('',#11883,(#11888,#11895),.PCURVE_S1.);
#11883 = CIRCLE('',#11884,1.1);
#11884 = AXIS2_PLACEMENT_3D('',#11885,#11886,#11887);
#11885 = CARTESIAN_POINT('',(11.8,31.5,1.62));
#11886 = DIRECTION('',(0.,0.,1.));
#11887 = DIRECTION('',(1.,0.,-0.));
#11888 = PCURVE('',#10307,#11889);
#11889 = DEFINITIONAL_REPRESENTATION('',(#11890),#11894);
#11890 = LINE('',#11891,#11892);
#11891 = CARTESIAN_POINT('',(0.,0.1));
#11892 = VECTOR('',#11893,1.);
#11893 = DIRECTION('',(1.,0.));
#11894 = ( GEOMETRIC_REPRESENTATION_CONTEXT(2) 
PARAMETRIC_REPRESENTATION_CONTEXT() REPRESENTATION_CONTEXT('2D SPACE',''
  ) );
#11895 = PCURVE('',#11122,#11896);
#11896 = DEFINITIONAL_REPRESENTATION('',(#11897),#11901);
#11897 = CIRCLE('',#11898,1.1);
#11898 = AXIS2_PLACEMENT_2D('',#11899,#11900);
#11899 = CARTESIAN_POINT('',(0.,0.));
#11900 = DIRECTION('',(1.,0.));
#11901 = ( GEOMETRIC_REPRESENTATION_CONTEXT(2) 
PARAMETRIC_REPRESENTATION_CONTEXT() REPRESENTATION_CONTEXT('2D SPACE',''
  ) );
#11902 = ORIENTED_EDGE('',*,*,#11858,.T.);
#11903 = ADVANCED_FACE('',(#11904,#11924,#12038),#10380,.F.);
#11904 = FACE_BOUND('',#11905,.F.);
#11905 = EDGE_LOOP('',(#11906,#11907,#11908,#11909,#11910,#11911,#11912,
    #11913,#11914,#11915,#11916,#11917,#11918,#11919,#11920,#11921,
    #11922,#11923));
#11906 = ORIENTED_EDGE('',*,*,#11335,.F.);
#11907 = ORIENTED_EDGE('',*,*,#10367,.T.);
#11908 = ORIENTED_EDGE('',*,*,#10395,.F.);
#11909 = ORIENTED_EDGE('',*,*,#10470,.F.);
#11910 = ORIENTED_EDGE('',*,*,#10541,.T.);
#11911 = ORIENTED_EDGE('',*,*,#10564,.F.);
#11912 = ORIENTED_EDGE('',*,*,#10639,.F.);
#11913 = ORIENTED_EDGE('',*,*,#10712,.T.);
#11914 = ORIENTED_EDGE('',*,*,#10737,.F.);
#11915 = ORIENTED_EDGE('',*,*,#10791,.F.);
#11916 = ORIENTED_EDGE('',*,*,#10839,.F.);
#11917 = ORIENTED_EDGE('',*,*,#10914,.F.);
#11918 = ORIENTED_EDGE('',*,*,#10991,.F.);
#11919 = ORIENTED_EDGE('',*,*,#11060,.F.);
#11920 = ORIENTED_EDGE('',*,*,#11137,.F.);
#11921 = ORIENTED_EDGE('',*,*,#11208,.F.);
#11922 = ORIENTED_EDGE('',*,*,#11233,.F.);
#11923 = ORIENTED_EDGE('',*,*,#11309,.T.);
#11924 = FACE_BOUND('',#11925,.F.);
#11925 = EDGE_LOOP('',(#11926,#11956,#11984,#12012));
#11926 = ORIENTED_EDGE('',*,*,#11927,.T.);
#11927 = EDGE_CURVE('',#11928,#11930,#11932,.T.);
#11928 = VERTEX_POINT('',#11929);
#11929 = CARTESIAN_POINT('',(-9.3,-28.8,11.5));
#11930 = VERTEX_POINT('',#11931);
#11931 = CARTESIAN_POINT('',(-9.3,-17.2,11.5));
#11932 = SURFACE_CURVE('',#11933,(#11937,#11944),.PCURVE_S1.);
#11933 = LINE('',#11934,#11935);
#11934 = CARTESIAN_POINT('',(-9.3,-28.8,11.5));
#11935 = VECTOR('',#11936,1.);
#11936 = DIRECTION('',(-0.,1.,0.));
#11937 = PCURVE('',#10380,#11938);
#11938 = DEFINITIONAL_REPRESENTATION('',(#11939),#11943);
#11939 = LINE('',#11940,#11941);
#11940 = CARTESIAN_POINT('',(-9.299999981973,-28.8));
#11941 = VECTOR('',#11942,1.);
#11942 = DIRECTION('',(0.,1.));
#11943 = ( GEOMETRIC_REPRESENTATION_CONTEXT(2) 
PARAMETRIC_REPRESENTATION_CONTEXT() REPRESENTATION_CONTEXT('2D SPACE',''
  ) );
#11944 = PCURVE('',#11945,#11950);
#11945 = PLANE('',#11946);
#11946 = AXIS2_PLACEMENT_3D('',#11947,#11948,#11949);
#11947 = CARTESIAN_POINT('',(-9.3,-28.8,8.));
#11948 = DIRECTION('',(1.,0.,-0.));
#11949 = DIRECTION('',(0.,0.,1.));
#11950 = DEFINITIONAL_REPRESENTATION('',(#11951),#11955);
#11951 = LINE('',#11952,#11953);
#11952 = CARTESIAN_POINT('',(3.5,0.));
#11953 = VECTOR('',#11954,1.);
#11954 = DIRECTION('',(0.,-1.));
#11955 = ( GEOMETRIC_REPRESENTATION_CONTEXT(2) 
PARAMETRIC_REPRESENTATION_CONTEXT() REPRESENTATION_CONTEXT('2D SPACE',''
  ) );
#11956 = ORIENTED_EDGE('',*,*,#11957,.T.);
#11957 = EDGE_CURVE('',#11930,#11958,#11960,.T.);
#11958 = VERTEX_POINT('',#11959);
#11959 = CARTESIAN_POINT('',(9.3,-17.2,11.5));
#11960 = SURFACE_CURVE('',#11961,(#11965,#11972),.PCURVE_S1.);
#11961 = LINE('',#11962,#11963);
#11962 = CARTESIAN_POINT('',(-9.3,-17.2,11.5));
#11963 = VECTOR('',#11964,1.);
#11964 = DIRECTION('',(1.,0.,-0.));
#11965 = PCURVE('',#10380,#11966);
#11966 = DEFINITIONAL_REPRESENTATION('',(#11967),#11971);
#11967 = LINE('',#11968,#11969);
#11968 = CARTESIAN_POINT('',(-9.299999981973,-17.2));
#11969 = VECTOR('',#11970,1.);
#11970 = DIRECTION('',(1.,0.));
#11971 = ( GEOMETRIC_REPRESENTATION_CONTEXT(2) 
PARAMETRIC_REPRESENTATION_CONTEXT() REPRESENTATION_CONTEXT('2D SPACE',''
  ) );
#11972 = PCURVE('',#11973,#11978);
#11973 = PLANE('',#11974);
#11974 = AXIS2_PLACEMENT_3D('',#11975,#11976,#11977);
#11975 = CARTESIAN_POINT('',(-9.3,-17.2,8.));
#11976 = DIRECTION('',(-0.,1.,0.));
#11977 = DIRECTION('',(0.,0.,1.));
#11978 = DEFINITIONAL_REPRESENTATION('',(#11979),#11983);
#11979 = LINE('',#11980,#11981);
#11980 = CARTESIAN_POINT('',(3.5,0.));
#11981 = VECTOR('',#11982,1.);
#11982 = DIRECTION('',(0.,1.));
#11983 = ( GEOMETRIC_REPRESENTATION_CONTEXT(2) 
PARAMETRIC_REPRESENTATION_CONTEXT() REPRESENTATION_CONTEXT('2D SPACE',''
  ) );
#11984 = ORIENTED_EDGE('',*,*,#11985,.F.);
#11985 = EDGE_CURVE('',#11986,#11958,#11988,.T.);
#11986 = VERTEX_POINT('',#11987);
#11987 = CARTESIAN_POINT('',(9.3,-28.8,11.5));
#11988 = SURFACE_CURVE('',#11989,(#11993,#12000),.PCURVE_S1.);
#11989 = LINE('',#11990,#11991);
#11990 = CARTESIAN_POINT('',(9.3,-28.8,11.5));
#11991 = VECTOR('',#11992,1.);
#11992 = DIRECTION('',(-0.,1.,0.));
#11993 = PCURVE('',#10380,#11994);
#11994 = DEFINITIONAL_REPRESENTATION('',(#11995),#11999);
#11995 = LINE('',#11996,#11997);
#11996 = CARTESIAN_POINT('',(9.300000018027,-28.8));
#11997 = VECTOR('',#11998,1.);
#11998 = DIRECTION('',(0.,1.));
#11999 = ( GEOMETRIC_REPRESENTATION_CONTEXT(2) 
PARAMETRIC_REPRESENTATION_CONTEXT() REPRESENTATION_CONTEXT('2D SPACE',''
  ) );
#12000 = PCURVE('',#12001,#12006);
#12001 = PLANE('',#12002);
#12002 = AXIS2_PLACEMENT_3D('',#12003,#12004,#12005);
#12003 = CARTESIAN_POINT('',(9.3,-28.8,8.));
#12004 = DIRECTION('',(1.,0.,-0.));
#12005 = DIRECTION('',(0.,0.,1.));
#12006 = DEFINITIONAL_REPRESENTATION('',(#12007),#12011);
#12007 = LINE('',#12008,#12009);
#12008 = CARTESIAN_POINT('',(3.5,0.));
#12009 = VECTOR('',#12010,1.);
#12010 = DIRECTION('',(0.,-1.));
#12011 = ( GEOMETRIC_REPRESENTATION_CONTEXT(2) 
PARAMETRIC_REPRESENTATION_CONTEXT() REPRESENTATION_CONTEXT('2D SPACE',''
  ) );
#12012 = ORIENTED_EDGE('',*,*,#12013,.F.);
#12013 = EDGE_CURVE('',#11928,#11986,#12014,.T.);
#12014 = SURFACE_CURVE('',#12015,(#12019,#12026),.PCURVE_S1.);
#12015 = LINE('',#12016,#12017);
#12016 = CARTESIAN_POINT('',(-9.3,-28.8,11.5));
#12017 = VECTOR('',#12018,1.);
#12018 = DIRECTION('',(1.,0.,-0.));
#12019 = PCURVE('',#10380,#12020);
#12020 = DEFINITIONAL_REPRESENTATION('',(#12021),#12025);
#12021 = LINE('',#12022,#12023);
#12022 = CARTESIAN_POINT('',(-9.299999981973,-28.8));
#12023 = VECTOR('',#12024,1.);
#12024 = DIRECTION('',(1.,0.));
#12025 = ( GEOMETRIC_REPRESENTATION_CONTEXT(2) 
PARAMETRIC_REPRESENTATION_CONTEXT() REPRESENTATION_CONTEXT('2D SPACE',''
  ) );
#12026 = PCURVE('',#12027,#12032);
#12027 = PLANE('',#12028);
#12028 = AXIS2_PLACEMENT_3D('',#12029,#12030,#12031);
#12029 = CARTESIAN_POINT('',(-9.3,-28.8,8.));
#12030 = DIRECTION('',(-0.,1.,0.));
#12031 = DIRECTION('',(0.,0.,1.));
#12032 = DEFINITIONAL_REPRESENTATION('',(#12033),#12037);
#12033 = LINE('',#12034,#12035);
#12034 = CARTESIAN_POINT('',(3.5,0.));
#12035 = VECTOR('',#12036,1.);
#12036 = DIRECTION('',(0.,1.));
#12037 = ( GEOMETRIC_REPRESENTATION_CONTEXT(2) 
PARAMETRIC_REPRESENTATION_CONTEXT() REPRESENTATION_CONTEXT('2D SPACE',''
  ) );
#12038 = FACE_BOUND('',#12039,.F.);
#12039 = EDGE_LOOP('',(#12040));
#12040 = ORIENTED_EDGE('',*,*,#11807,.F.);
#12041 = ADVANCED_FACE('',(#12042,#12045),#10457,.F.);
#12042 = FACE_BOUND('',#12043,.F.);
#12043 = EDGE_LOOP('',(#12044));
#12044 = ORIENTED_EDGE('',*,*,#10442,.T.);
#12045 = FACE_BOUND('',#12046,.F.);
#12046 = EDGE_LOOP('',(#12047));
#12047 = ORIENTED_EDGE('',*,*,#11781,.F.);
#12048 = ADVANCED_FACE('',(#12049,#12052),#10626,.F.);
#12049 = FACE_BOUND('',#12050,.F.);
#12050 = EDGE_LOOP('',(#12051));
#12051 = ORIENTED_EDGE('',*,*,#10611,.T.);
#12052 = FACE_BOUND('',#12053,.F.);
#12053 = EDGE_LOOP('',(#12054));
#12054 = ORIENTED_EDGE('',*,*,#11389,.F.);
#12055 = ADVANCED_FACE('',(#12056,#12059),#10976,.F.);
#12056 = FACE_BOUND('',#12057,.F.);
#12057 = EDGE_LOOP('',(#12058));
#12058 = ORIENTED_EDGE('',*,*,#10961,.T.);
#12059 = FACE_BOUND('',#12060,.F.);
#12060 = EDGE_LOOP('',(#12061));
#12061 = ORIENTED_EDGE('',*,*,#11731,.F.);
#12062 = ADVANCED_FACE('',(#12063,#12066),#11122,.F.);
#12063 = FACE_BOUND('',#12064,.F.);
#12064 = EDGE_LOOP('',(#12065));
#12065 = ORIENTED_EDGE('',*,*,#11107,.T.);
#12066 = FACE_BOUND('',#12067,.F.);
#12067 = EDGE_LOOP('',(#12068));
#12068 = ORIENTED_EDGE('',*,*,#11881,.F.);
#12069 = ADVANCED_FACE('',(#12070),#11453,.F.);
#12070 = FACE_BOUND('',#12071,.F.);
#12071 = EDGE_LOOP('',(#12072,#12097,#12120,#12143,#12166,#12189,#12210,
    #12211,#12212,#12213,#12214,#12215));
#12072 = ORIENTED_EDGE('',*,*,#12073,.F.);
#12073 = EDGE_CURVE('',#12074,#12076,#12078,.T.);
#12074 = VERTEX_POINT('',#12075);
#12075 = CARTESIAN_POINT('',(-9.3,-17.2,8.));
#12076 = VERTEX_POINT('',#12077);
#12077 = CARTESIAN_POINT('',(-1.5,-17.2,8.));
#12078 = SURFACE_CURVE('',#12079,(#12083,#12090),.PCURVE_S1.);
#12079 = LINE('',#12080,#12081);
#12080 = CARTESIAN_POINT('',(-9.3,-17.2,8.));
#12081 = VECTOR('',#12082,1.);
#12082 = DIRECTION('',(1.,0.,-0.));
#12083 = PCURVE('',#11453,#12084);
#12084 = DEFINITIONAL_REPRESENTATION('',(#12085),#12089);
#12085 = LINE('',#12086,#12087);
#12086 = CARTESIAN_POINT('',(0.,11.6));
#12087 = VECTOR('',#12088,1.);
#12088 = DIRECTION('',(1.,0.));
#12089 = ( GEOMETRIC_REPRESENTATION_CONTEXT(2) 
PARAMETRIC_REPRESENTATION_CONTEXT() REPRESENTATION_CONTEXT('2D SPACE',''
  ) );
#12090 = PCURVE('',#11973,#12091);
#12091 = DEFINITIONAL_REPRESENTATION('',(#12092),#12096);
#12092 = LINE('',#12093,#12094);
#12093 = CARTESIAN_POINT('',(0.,0.));
#12094 = VECTOR('',#12095,1.);
#12095 = DIRECTION('',(0.,1.));
#12096 = ( GEOMETRIC_REPRESENTATION_CONTEXT(2) 
PARAMETRIC_REPRESENTATION_CONTEXT() REPRESENTATION_CONTEXT('2D SPACE',''
  ) );
#12097 = ORIENTED_EDGE('',*,*,#12098,.F.);
#12098 = EDGE_CURVE('',#12099,#12074,#12101,.T.);
#12099 = VERTEX_POINT('',#12100);
#12100 = CARTESIAN_POINT('',(-9.3,-28.8,8.));
#12101 = SURFACE_CURVE('',#12102,(#12106,#12113),.PCURVE_S1.);
#12102 = LINE('',#12103,#12104);
#12103 = CARTESIAN_POINT('',(-9.3,-28.8,8.));
#12104 = VECTOR('',#12105,1.);
#12105 = DIRECTION('',(-0.,1.,0.));
#12106 = PCURVE('',#11453,#12107);
#12107 = DEFINITIONAL_REPRESENTATION('',(#12108),#12112);
#12108 = LINE('',#12109,#12110);
#12109 = CARTESIAN_POINT('',(0.,0.));
#12110 = VECTOR('',#12111,1.);
#12111 = DIRECTION('',(0.,1.));
#12112 = ( GEOMETRIC_REPRESENTATION_CONTEXT(2) 
PARAMETRIC_REPRESENTATION_CONTEXT() REPRESENTATION_CONTEXT('2D SPACE',''
  ) );
#12113 = PCURVE('',#11945,#12114);
#12114 = DEFINITIONAL_REPRESENTATION('',(#12115),#12119);
#12115 = LINE('',#12116,#12117);
#12116 = CARTESIAN_POINT('',(0.,0.));
#12117 = VECTOR('',#12118,1.);
#12118 = DIRECTION('',(0.,-1.));
#12119 = ( GEOMETRIC_REPRESENTATION_CONTEXT(2) 
PARAMETRIC_REPRESENTATION_CONTEXT() REPRESENTATION_CONTEXT('2D SPACE',''
  ) );
#12120 = ORIENTED_EDGE('',*,*,#12121,.T.);
#12121 = EDGE_CURVE('',#12099,#12122,#12124,.T.);
#12122 = VERTEX_POINT('',#12123);
#12123 = CARTESIAN_POINT('',(9.3,-28.8,8.));
#12124 = SURFACE_CURVE('',#12125,(#12129,#12136),.PCURVE_S1.);
#12125 = LINE('',#12126,#12127);
#12126 = CARTESIAN_POINT('',(-9.3,-28.8,8.));
#12127 = VECTOR('',#12128,1.);
#12128 = DIRECTION('',(1.,0.,-0.));
#12129 = PCURVE('',#11453,#12130);
#12130 = DEFINITIONAL_REPRESENTATION('',(#12131),#12135);
#12131 = LINE('',#12132,#12133);
#12132 = CARTESIAN_POINT('',(0.,0.));
#12133 = VECTOR('',#12134,1.);
#12134 = DIRECTION('',(1.,0.));
#12135 = ( GEOMETRIC_REPRESENTATION_CONTEXT(2) 
PARAMETRIC_REPRESENTATION_CONTEXT() REPRESENTATION_CONTEXT('2D SPACE',''
  ) );
#12136 = PCURVE('',#12027,#12137);
#12137 = DEFINITIONAL_REPRESENTATION('',(#12138),#12142);
#12138 = LINE('',#12139,#12140);
#12139 = CARTESIAN_POINT('',(0.,0.));
#12140 = VECTOR('',#12141,1.);
#12141 = DIRECTION('',(0.,1.));
#12142 = ( GEOMETRIC_REPRESENTATION_CONTEXT(2) 
PARAMETRIC_REPRESENTATION_CONTEXT() REPRESENTATION_CONTEXT('2D SPACE',''
  ) );
#12143 = ORIENTED_EDGE('',*,*,#12144,.T.);
#12144 = EDGE_CURVE('',#12122,#12145,#12147,.T.);
#12145 = VERTEX_POINT('',#12146);
#12146 = CARTESIAN_POINT('',(9.3,-17.2,8.));
#12147 = SURFACE_CURVE('',#12148,(#12152,#12159),.PCURVE_S1.);
#12148 = LINE('',#12149,#12150);
#12149 = CARTESIAN_POINT('',(9.3,-28.8,8.));
#12150 = VECTOR('',#12151,1.);
#12151 = DIRECTION('',(-0.,1.,0.));
#12152 = PCURVE('',#11453,#12153);
#12153 = DEFINITIONAL_REPRESENTATION('',(#12154),#12158);
#12154 = LINE('',#12155,#12156);
#12155 = CARTESIAN_POINT('',(18.6,0.));
#12156 = VECTOR('',#12157,1.);
#12157 = DIRECTION('',(0.,1.));
#12158 = ( GEOMETRIC_REPRESENTATION_CONTEXT(2) 
PARAMETRIC_REPRESENTATION_CONTEXT() REPRESENTATION_CONTEXT('2D SPACE',''
  ) );
#12159 = PCURVE('',#12001,#12160);
#12160 = DEFINITIONAL_REPRESENTATION('',(#12161),#12165);
#12161 = LINE('',#12162,#12163);
#12162 = CARTESIAN_POINT('',(0.,0.));
#12163 = VECTOR('',#12164,1.);
#12164 = DIRECTION('',(0.,-1.));
#12165 = ( GEOMETRIC_REPRESENTATION_CONTEXT(2) 
PARAMETRIC_REPRESENTATION_CONTEXT() REPRESENTATION_CONTEXT('2D SPACE',''
  ) );
#12166 = ORIENTED_EDGE('',*,*,#12167,.F.);
#12167 = EDGE_CURVE('',#12168,#12145,#12170,.T.);
#12168 = VERTEX_POINT('',#12169);
#12169 = CARTESIAN_POINT('',(1.5,-17.2,8.));
#12170 = SURFACE_CURVE('',#12171,(#12175,#12182),.PCURVE_S1.);
#12171 = LINE('',#12172,#12173);
#12172 = CARTESIAN_POINT('',(-9.3,-17.2,8.));
#12173 = VECTOR('',#12174,1.);
#12174 = DIRECTION('',(1.,0.,-0.));
#12175 = PCURVE('',#11453,#12176);
#12176 = DEFINITIONAL_REPRESENTATION('',(#12177),#12181);
#12177 = LINE('',#12178,#12179);
#12178 = CARTESIAN_POINT('',(0.,11.6));
#12179 = VECTOR('',#12180,1.);
#12180 = DIRECTION('',(1.,0.));
#12181 = ( GEOMETRIC_REPRESENTATION_CONTEXT(2) 
PARAMETRIC_REPRESENTATION_CONTEXT() REPRESENTATION_CONTEXT('2D SPACE',''
  ) );
#12182 = PCURVE('',#11973,#12183);
#12183 = DEFINITIONAL_REPRESENTATION('',(#12184),#12188);
#12184 = LINE('',#12185,#12186);
#12185 = CARTESIAN_POINT('',(0.,0.));
#12186 = VECTOR('',#12187,1.);
#12187 = DIRECTION('',(0.,1.));
#12188 = ( GEOMETRIC_REPRESENTATION_CONTEXT(2) 
PARAMETRIC_REPRESENTATION_CONTEXT() REPRESENTATION_CONTEXT('2D SPACE',''
  ) );
#12189 = ORIENTED_EDGE('',*,*,#12190,.F.);
#12190 = EDGE_CURVE('',#11560,#12168,#12191,.T.);
#12191 = SURFACE_CURVE('',#12192,(#12196,#12203),.PCURVE_S1.);
#12192 = LINE('',#12193,#12194);
#12193 = CARTESIAN_POINT('',(1.5,-19.5,8.));
#12194 = VECTOR('',#12195,1.);
#12195 = DIRECTION('',(-0.,1.,0.));
#12196 = PCURVE('',#11453,#12197);
#12197 = DEFINITIONAL_REPRESENTATION('',(#12198),#12202);
#12198 = LINE('',#12199,#12200);
#12199 = CARTESIAN_POINT('',(10.8,9.3));
#12200 = VECTOR('',#12201,1.);
#12201 = DIRECTION('',(0.,1.));
#12202 = ( GEOMETRIC_REPRESENTATION_CONTEXT(2) 
PARAMETRIC_REPRESENTATION_CONTEXT() REPRESENTATION_CONTEXT('2D SPACE',''
  ) );
#12203 = PCURVE('',#11595,#12204);
#12204 = DEFINITIONAL_REPRESENTATION('',(#12205),#12209);
#12205 = LINE('',#12206,#12207);
#12206 = CARTESIAN_POINT('',(0.,0.));
#12207 = VECTOR('',#12208,1.);
#12208 = DIRECTION('',(0.,-1.));
#12209 = ( GEOMETRIC_REPRESENTATION_CONTEXT(2) 
PARAMETRIC_REPRESENTATION_CONTEXT() REPRESENTATION_CONTEXT('2D SPACE',''
  ) );
#12210 = ORIENTED_EDGE('',*,*,#11559,.F.);
#12211 = ORIENTED_EDGE('',*,*,#11683,.F.);
#12212 = ORIENTED_EDGE('',*,*,#11438,.T.);
#12213 = ORIENTED_EDGE('',*,*,#11490,.T.);
#12214 = ORIENTED_EDGE('',*,*,#11658,.F.);
#12215 = ORIENTED_EDGE('',*,*,#12216,.T.);
#12216 = EDGE_CURVE('',#11633,#12076,#12217,.T.);
#12217 = SURFACE_CURVE('',#12218,(#12222,#12229),.PCURVE_S1.);
#12218 = LINE('',#12219,#12220);
#12219 = CARTESIAN_POINT('',(-1.5,-19.5,8.));
#12220 = VECTOR('',#12221,1.);
#12221 = DIRECTION('',(-0.,1.,0.));
#12222 = PCURVE('',#11453,#12223);
#12223 = DEFINITIONAL_REPRESENTATION('',(#12224),#12228);
#12224 = LINE('',#12225,#12226);
#12225 = CARTESIAN_POINT('',(7.8,9.3));
#12226 = VECTOR('',#12227,1.);
#12227 = DIRECTION('',(0.,1.));
#12228 = ( GEOMETRIC_REPRESENTATION_CONTEXT(2) 
PARAMETRIC_REPRESENTATION_CONTEXT() REPRESENTATION_CONTEXT('2D SPACE',''
  ) );
#12229 = PCURVE('',#11647,#12230);
#12230 = DEFINITIONAL_REPRESENTATION('',(#12231),#12235);
#12231 = LINE('',#12232,#12233);
#12232 = CARTESIAN_POINT('',(0.,0.));
#12233 = VECTOR('',#12234,1.);
#12234 = DIRECTION('',(0.,-1.));
#12235 = ( GEOMETRIC_REPRESENTATION_CONTEXT(2) 
PARAMETRIC_REPRESENTATION_CONTEXT() REPRESENTATION_CONTEXT('2D SPACE',''
  ) );
#12236 = ADVANCED_FACE('',(#12237),#11647,.T.);
#12237 = FACE_BOUND('',#12238,.T.);
#12238 = EDGE_LOOP('',(#12239,#12262,#12263,#12264));
#12239 = ORIENTED_EDGE('',*,*,#12240,.F.);
#12240 = EDGE_CURVE('',#11607,#12241,#12243,.T.);
#12241 = VERTEX_POINT('',#12242);
#12242 = CARTESIAN_POINT('',(-1.5,-17.2,10.));
#12243 = SURFACE_CURVE('',#12244,(#12248,#12255),.PCURVE_S1.);
#12244 = LINE('',#12245,#12246);
#12245 = CARTESIAN_POINT('',(-1.5,-19.5,10.));
#12246 = VECTOR('',#12247,1.);
#12247 = DIRECTION('',(-0.,1.,0.));
#12248 = PCURVE('',#11647,#12249);
#12249 = DEFINITIONAL_REPRESENTATION('',(#12250),#12254);
#12250 = LINE('',#12251,#12252);
#12251 = CARTESIAN_POINT('',(2.,0.));
#12252 = VECTOR('',#12253,1.);
#12253 = DIRECTION('',(0.,-1.));
#12254 = ( GEOMETRIC_REPRESENTATION_CONTEXT(2) 
PARAMETRIC_REPRESENTATION_CONTEXT() REPRESENTATION_CONTEXT('2D SPACE',''
  ) );
#12255 = PCURVE('',#11621,#12256);
#12256 = DEFINITIONAL_REPRESENTATION('',(#12257),#12261);
#12257 = LINE('',#12258,#12259);
#12258 = CARTESIAN_POINT('',(0.,0.));
#12259 = VECTOR('',#12260,1.);
#12260 = DIRECTION('',(0.,1.));
#12261 = ( GEOMETRIC_REPRESENTATION_CONTEXT(2) 
PARAMETRIC_REPRESENTATION_CONTEXT() REPRESENTATION_CONTEXT('2D SPACE',''
  ) );
#12262 = ORIENTED_EDGE('',*,*,#11632,.T.);
#12263 = ORIENTED_EDGE('',*,*,#12216,.T.);
#12264 = ORIENTED_EDGE('',*,*,#12265,.F.);
#12265 = EDGE_CURVE('',#12241,#12076,#12266,.T.);
#12266 = SURFACE_CURVE('',#12267,(#12271,#12277),.PCURVE_S1.);
#12267 = LINE('',#12268,#12269);
#12268 = CARTESIAN_POINT('',(-1.5,-17.2,8.));
#12269 = VECTOR('',#12270,1.);
#12270 = DIRECTION('',(-0.,0.,-1.));
#12271 = PCURVE('',#11647,#12272);
#12272 = DEFINITIONAL_REPRESENTATION('',(#12273),#12276);
#12273 = B_SPLINE_CURVE_WITH_KNOTS('',1,(#12274,#12275),.UNSPECIFIED.,
  .F.,.F.,(2,2),(-2.,0.),.PIECEWISE_BEZIER_KNOTS.);
#12274 = CARTESIAN_POINT('',(2.,-2.3));
#12275 = CARTESIAN_POINT('',(0.,-2.3));
#12276 = ( GEOMETRIC_REPRESENTATION_CONTEXT(2) 
PARAMETRIC_REPRESENTATION_CONTEXT() REPRESENTATION_CONTEXT('2D SPACE',''
  ) );
#12277 = PCURVE('',#11973,#12278);
#12278 = DEFINITIONAL_REPRESENTATION('',(#12279),#12282);
#12279 = B_SPLINE_CURVE_WITH_KNOTS('',1,(#12280,#12281),.UNSPECIFIED.,
  .F.,.F.,(2,2),(-2.,0.),.PIECEWISE_BEZIER_KNOTS.);
#12280 = CARTESIAN_POINT('',(2.,7.8));
#12281 = CARTESIAN_POINT('',(0.,7.8));
#12282 = ( GEOMETRIC_REPRESENTATION_CONTEXT(2) 
PARAMETRIC_REPRESENTATION_CONTEXT() REPRESENTATION_CONTEXT('2D SPACE',''
  ) );
#12283 = ADVANCED_FACE('',(#12284),#11621,.F.);
#12284 = FACE_BOUND('',#12285,.F.);
#12285 = EDGE_LOOP('',(#12286,#12287,#12288,#12311));
#12286 = ORIENTED_EDGE('',*,*,#12240,.F.);
#12287 = ORIENTED_EDGE('',*,*,#11606,.T.);
#12288 = ORIENTED_EDGE('',*,*,#12289,.T.);
#12289 = EDGE_CURVE('',#11581,#12290,#12292,.T.);
#12290 = VERTEX_POINT('',#12291);
#12291 = CARTESIAN_POINT('',(1.5,-17.2,10.));
#12292 = SURFACE_CURVE('',#12293,(#12297,#12304),.PCURVE_S1.);
#12293 = LINE('',#12294,#12295);
#12294 = CARTESIAN_POINT('',(1.5,-19.5,10.));
#12295 = VECTOR('',#12296,1.);
#12296 = DIRECTION('',(-0.,1.,0.));
#12297 = PCURVE('',#11621,#12298);
#12298 = DEFINITIONAL_REPRESENTATION('',(#12299),#12303);
#12299 = LINE('',#12300,#12301);
#12300 = CARTESIAN_POINT('',(3.,0.));
#12301 = VECTOR('',#12302,1.);
#12302 = DIRECTION('',(0.,1.));
#12303 = ( GEOMETRIC_REPRESENTATION_CONTEXT(2) 
PARAMETRIC_REPRESENTATION_CONTEXT() REPRESENTATION_CONTEXT('2D SPACE',''
  ) );
#12304 = PCURVE('',#11595,#12305);
#12305 = DEFINITIONAL_REPRESENTATION('',(#12306),#12310);
#12306 = LINE('',#12307,#12308);
#12307 = CARTESIAN_POINT('',(2.,0.));
#12308 = VECTOR('',#12309,1.);
#12309 = DIRECTION('',(0.,-1.));
#12310 = ( GEOMETRIC_REPRESENTATION_CONTEXT(2) 
PARAMETRIC_REPRESENTATION_CONTEXT() REPRESENTATION_CONTEXT('2D SPACE',''
  ) );
#12311 = ORIENTED_EDGE('',*,*,#12312,.F.);
#12312 = EDGE_CURVE('',#12241,#12290,#12313,.T.);
#12313 = SURFACE_CURVE('',#12314,(#12318,#12324),.PCURVE_S1.);
#12314 = LINE('',#12315,#12316);
#12315 = CARTESIAN_POINT('',(-5.4,-17.2,10.));
#12316 = VECTOR('',#12317,1.);
#12317 = DIRECTION('',(1.,0.,-0.));
#12318 = PCURVE('',#11621,#12319);
#12319 = DEFINITIONAL_REPRESENTATION('',(#12320),#12323);
#12320 = B_SPLINE_CURVE_WITH_KNOTS('',1,(#12321,#12322),.UNSPECIFIED.,
  .F.,.F.,(2,2),(3.9,6.9),.PIECEWISE_BEZIER_KNOTS.);
#12321 = CARTESIAN_POINT('',(0.,2.3));
#12322 = CARTESIAN_POINT('',(3.,2.3));
#12323 = ( GEOMETRIC_REPRESENTATION_CONTEXT(2) 
PARAMETRIC_REPRESENTATION_CONTEXT() REPRESENTATION_CONTEXT('2D SPACE',''
  ) );
#12324 = PCURVE('',#11973,#12325);
#12325 = DEFINITIONAL_REPRESENTATION('',(#12326),#12329);
#12326 = B_SPLINE_CURVE_WITH_KNOTS('',1,(#12327,#12328),.UNSPECIFIED.,
  .F.,.F.,(2,2),(3.9,6.9),.PIECEWISE_BEZIER_KNOTS.);
#12327 = CARTESIAN_POINT('',(2.,7.8));
#12328 = CARTESIAN_POINT('',(2.,10.8));
#12329 = ( GEOMETRIC_REPRESENTATION_CONTEXT(2) 
PARAMETRIC_REPRESENTATION_CONTEXT() REPRESENTATION_CONTEXT('2D SPACE',''
  ) );
#12330 = ADVANCED_FACE('',(#12331),#11595,.F.);
#12331 = FACE_BOUND('',#12332,.F.);
#12332 = EDGE_LOOP('',(#12333,#12334,#12335,#12336));
#12333 = ORIENTED_EDGE('',*,*,#12289,.F.);
#12334 = ORIENTED_EDGE('',*,*,#11580,.T.);
#12335 = ORIENTED_EDGE('',*,*,#12190,.T.);
#12336 = ORIENTED_EDGE('',*,*,#12337,.F.);
#12337 = EDGE_CURVE('',#12290,#12168,#12338,.T.);
#12338 = SURFACE_CURVE('',#12339,(#12343,#12349),.PCURVE_S1.);
#12339 = LINE('',#12340,#12341);
#12340 = CARTESIAN_POINT('',(1.5,-17.2,8.));
#12341 = VECTOR('',#12342,1.);
#12342 = DIRECTION('',(-0.,0.,-1.));
#12343 = PCURVE('',#11595,#12344);
#12344 = DEFINITIONAL_REPRESENTATION('',(#12345),#12348);
#12345 = B_SPLINE_CURVE_WITH_KNOTS('',1,(#12346,#12347),.UNSPECIFIED.,
  .F.,.F.,(2,2),(-2.,0.),.PIECEWISE_BEZIER_KNOTS.);
#12346 = CARTESIAN_POINT('',(2.,-2.3));
#12347 = CARTESIAN_POINT('',(0.,-2.3));
#12348 = ( GEOMETRIC_REPRESENTATION_CONTEXT(2) 
PARAMETRIC_REPRESENTATION_CONTEXT() REPRESENTATION_CONTEXT('2D SPACE',''
  ) );
#12349 = PCURVE('',#11973,#12350);
#12350 = DEFINITIONAL_REPRESENTATION('',(#12351),#12354);
#12351 = B_SPLINE_CURVE_WITH_KNOTS('',1,(#12352,#12353),.UNSPECIFIED.,
  .F.,.F.,(2,2),(-2.,0.),.PIECEWISE_BEZIER_KNOTS.);
#12352 = CARTESIAN_POINT('',(2.,10.8));
#12353 = CARTESIAN_POINT('',(0.,10.8));
#12354 = ( GEOMETRIC_REPRESENTATION_CONTEXT(2) 
PARAMETRIC_REPRESENTATION_CONTEXT() REPRESENTATION_CONTEXT('2D SPACE',''
  ) );
#12355 = ADVANCED_FACE('',(#12356),#11945,.F.);
#12356 = FACE_BOUND('',#12357,.F.);
#12357 = EDGE_LOOP('',(#12358,#12379,#12380,#12401));
#12358 = ORIENTED_EDGE('',*,*,#12359,.F.);
#12359 = EDGE_CURVE('',#12099,#11928,#12360,.T.);
#12360 = SURFACE_CURVE('',#12361,(#12365,#12372),.PCURVE_S1.);
#12361 = LINE('',#12362,#12363);
#12362 = CARTESIAN_POINT('',(-9.3,-28.8,8.));
#12363 = VECTOR('',#12364,1.);
#12364 = DIRECTION('',(0.,0.,1.));
#12365 = PCURVE('',#11945,#12366);
#12366 = DEFINITIONAL_REPRESENTATION('',(#12367),#12371);
#12367 = LINE('',#12368,#12369);
#12368 = CARTESIAN_POINT('',(0.,0.));
#12369 = VECTOR('',#12370,1.);
#12370 = DIRECTION('',(1.,0.));
#12371 = ( GEOMETRIC_REPRESENTATION_CONTEXT(2) 
PARAMETRIC_REPRESENTATION_CONTEXT() REPRESENTATION_CONTEXT('2D SPACE',''
  ) );
#12372 = PCURVE('',#12027,#12373);
#12373 = DEFINITIONAL_REPRESENTATION('',(#12374),#12378);
#12374 = LINE('',#12375,#12376);
#12375 = CARTESIAN_POINT('',(0.,0.));
#12376 = VECTOR('',#12377,1.);
#12377 = DIRECTION('',(1.,0.));
#12378 = ( GEOMETRIC_REPRESENTATION_CONTEXT(2) 
PARAMETRIC_REPRESENTATION_CONTEXT() REPRESENTATION_CONTEXT('2D SPACE',''
  ) );
#12379 = ORIENTED_EDGE('',*,*,#12098,.T.);
#12380 = ORIENTED_EDGE('',*,*,#12381,.T.);
#12381 = EDGE_CURVE('',#12074,#11930,#12382,.T.);
#12382 = SURFACE_CURVE('',#12383,(#12387,#12394),.PCURVE_S1.);
#12383 = LINE('',#12384,#12385);
#12384 = CARTESIAN_POINT('',(-9.3,-17.2,8.));
#12385 = VECTOR('',#12386,1.);
#12386 = DIRECTION('',(0.,0.,1.));
#12387 = PCURVE('',#11945,#12388);
#12388 = DEFINITIONAL_REPRESENTATION('',(#12389),#12393);
#12389 = LINE('',#12390,#12391);
#12390 = CARTESIAN_POINT('',(0.,-11.6));
#12391 = VECTOR('',#12392,1.);
#12392 = DIRECTION('',(1.,0.));
#12393 = ( GEOMETRIC_REPRESENTATION_CONTEXT(2) 
PARAMETRIC_REPRESENTATION_CONTEXT() REPRESENTATION_CONTEXT('2D SPACE',''
  ) );
#12394 = PCURVE('',#11973,#12395);
#12395 = DEFINITIONAL_REPRESENTATION('',(#12396),#12400);
#12396 = LINE('',#12397,#12398);
#12397 = CARTESIAN_POINT('',(0.,0.));
#12398 = VECTOR('',#12399,1.);
#12399 = DIRECTION('',(1.,0.));
#12400 = ( GEOMETRIC_REPRESENTATION_CONTEXT(2) 
PARAMETRIC_REPRESENTATION_CONTEXT() REPRESENTATION_CONTEXT('2D SPACE',''
  ) );
#12401 = ORIENTED_EDGE('',*,*,#11927,.F.);
#12402 = ADVANCED_FACE('',(#12403),#12027,.F.);
#12403 = FACE_BOUND('',#12404,.F.);
#12404 = EDGE_LOOP('',(#12405,#12406,#12407,#12408));
#12405 = ORIENTED_EDGE('',*,*,#12121,.F.);
#12406 = ORIENTED_EDGE('',*,*,#12359,.T.);
#12407 = ORIENTED_EDGE('',*,*,#12013,.T.);
#12408 = ORIENTED_EDGE('',*,*,#12409,.F.);
#12409 = EDGE_CURVE('',#12122,#11986,#12410,.T.);
#12410 = SURFACE_CURVE('',#12411,(#12415,#12422),.PCURVE_S1.);
#12411 = LINE('',#12412,#12413);
#12412 = CARTESIAN_POINT('',(9.3,-28.8,8.));
#12413 = VECTOR('',#12414,1.);
#12414 = DIRECTION('',(0.,0.,1.));
#12415 = PCURVE('',#12027,#12416);
#12416 = DEFINITIONAL_REPRESENTATION('',(#12417),#12421);
#12417 = LINE('',#12418,#12419);
#12418 = CARTESIAN_POINT('',(0.,18.6));
#12419 = VECTOR('',#12420,1.);
#12420 = DIRECTION('',(1.,0.));
#12421 = ( GEOMETRIC_REPRESENTATION_CONTEXT(2) 
PARAMETRIC_REPRESENTATION_CONTEXT() REPRESENTATION_CONTEXT('2D SPACE',''
  ) );
#12422 = PCURVE('',#12001,#12423);
#12423 = DEFINITIONAL_REPRESENTATION('',(#12424),#12428);
#12424 = LINE('',#12425,#12426);
#12425 = CARTESIAN_POINT('',(0.,0.));
#12426 = VECTOR('',#12427,1.);
#12427 = DIRECTION('',(1.,0.));
#12428 = ( GEOMETRIC_REPRESENTATION_CONTEXT(2) 
PARAMETRIC_REPRESENTATION_CONTEXT() REPRESENTATION_CONTEXT('2D SPACE',''
  ) );
#12429 = ADVANCED_FACE('',(#12430),#12001,.T.);
#12430 = FACE_BOUND('',#12431,.T.);
#12431 = EDGE_LOOP('',(#12432,#12433,#12434,#12455));
#12432 = ORIENTED_EDGE('',*,*,#12409,.F.);
#12433 = ORIENTED_EDGE('',*,*,#12144,.T.);
#12434 = ORIENTED_EDGE('',*,*,#12435,.T.);
#12435 = EDGE_CURVE('',#12145,#11958,#12436,.T.);
#12436 = SURFACE_CURVE('',#12437,(#12441,#12448),.PCURVE_S1.);
#12437 = LINE('',#12438,#12439);
#12438 = CARTESIAN_POINT('',(9.3,-17.2,8.));
#12439 = VECTOR('',#12440,1.);
#12440 = DIRECTION('',(0.,0.,1.));
#12441 = PCURVE('',#12001,#12442);
#12442 = DEFINITIONAL_REPRESENTATION('',(#12443),#12447);
#12443 = LINE('',#12444,#12445);
#12444 = CARTESIAN_POINT('',(0.,-11.6));
#12445 = VECTOR('',#12446,1.);
#12446 = DIRECTION('',(1.,0.));
#12447 = ( GEOMETRIC_REPRESENTATION_CONTEXT(2) 
PARAMETRIC_REPRESENTATION_CONTEXT() REPRESENTATION_CONTEXT('2D SPACE',''
  ) );
#12448 = PCURVE('',#11973,#12449);
#12449 = DEFINITIONAL_REPRESENTATION('',(#12450),#12454);
#12450 = LINE('',#12451,#12452);
#12451 = CARTESIAN_POINT('',(0.,18.6));
#12452 = VECTOR('',#12453,1.);
#12453 = DIRECTION('',(1.,0.));
#12454 = ( GEOMETRIC_REPRESENTATION_CONTEXT(2) 
PARAMETRIC_REPRESENTATION_CONTEXT() REPRESENTATION_CONTEXT('2D SPACE',''
  ) );
#12455 = ORIENTED_EDGE('',*,*,#11985,.F.);
#12456 = ADVANCED_FACE('',(#12457),#11973,.T.);
#12457 = FACE_BOUND('',#12458,.T.);
#12458 = EDGE_LOOP('',(#12459,#12460,#12461,#12462,#12463,#12464,#12465,
    #12466));
#12459 = ORIENTED_EDGE('',*,*,#12073,.F.);
#12460 = ORIENTED_EDGE('',*,*,#12381,.T.);
#12461 = ORIENTED_EDGE('',*,*,#11957,.T.);
#12462 = ORIENTED_EDGE('',*,*,#12435,.F.);
#12463 = ORIENTED_EDGE('',*,*,#12167,.F.);
#12464 = ORIENTED_EDGE('',*,*,#12337,.F.);
#12465 = ORIENTED_EDGE('',*,*,#12312,.F.);
#12466 = ORIENTED_EDGE('',*,*,#12265,.T.);
#12467 = MANIFOLD_SOLID_BREP('',#12468);
#12468 = CLOSED_SHELL('',(#12469,#12695,#12781,#12957,#13351,#13378,
    #13447,#13494,#13541,#13566,#13593,#13620,#13753,#13780,#13893,
    #13975,#14029,#14078,#14132,#14267,#14321,#14456,#14488,#14535,
    #14562,#14589,#14596,#14643,#14670,#14697,#14704));
#12469 = ADVANCED_FACE('',(#12470,#12589),#12484,.T.);
#12470 = FACE_BOUND('',#12471,.T.);
#12471 = EDGE_LOOP('',(#12472,#12507,#12535,#12563));
#12472 = ORIENTED_EDGE('',*,*,#12473,.T.);
#12473 = EDGE_CURVE('',#12474,#12476,#12478,.T.);
#12474 = VERTEX_POINT('',#12475);
#12475 = CARTESIAN_POINT('',(-14.,-20.,-7.35));
#12476 = VERTEX_POINT('',#12477);
#12477 = CARTESIAN_POINT('',(-14.,-20.,-1.35));
#12478 = SURFACE_CURVE('',#12479,(#12483,#12495),.PCURVE_S1.);
#12479 = LINE('',#12480,#12481);
#12480 = CARTESIAN_POINT('',(-14.,-20.,-7.35));
#12481 = VECTOR('',#12482,1.);
#12482 = DIRECTION('',(0.,0.,1.));
#12483 = PCURVE('',#12484,#12489);
#12484 = PLANE('',#12485);
#12485 = AXIS2_PLACEMENT_3D('',#12486,#12487,#12488);
#12486 = CARTESIAN_POINT('',(-14.,-20.,-7.35));
#12487 = DIRECTION('',(-1.,0.,0.));
#12488 = DIRECTION('',(0.,1.,0.));
#12489 = DEFINITIONAL_REPRESENTATION('',(#12490),#12494);
#12490 = LINE('',#12491,#12492);
#12491 = CARTESIAN_POINT('',(0.,0.));
#12492 = VECTOR('',#12493,1.);
#12493 = DIRECTION('',(0.,-1.));
#12494 = ( GEOMETRIC_REPRESENTATION_CONTEXT(2) 
PARAMETRIC_REPRESENTATION_CONTEXT() REPRESENTATION_CONTEXT('2D SPACE',''
  ) );
#12495 = PCURVE('',#12496,#12501);
#12496 = CYLINDRICAL_SURFACE('',#12497,2.);
#12497 = AXIS2_PLACEMENT_3D('',#12498,#12499,#12500);
#12498 = CARTESIAN_POINT('',(-12.,-20.,-7.35));
#12499 = DIRECTION('',(0.,0.,-1.));
#12500 = DIRECTION('',(-1.,0.,0.));
#12501 = DEFINITIONAL_REPRESENTATION('',(#12502),#12506);
#12502 = LINE('',#12503,#12504);
#12503 = CARTESIAN_POINT('',(6.28318530718,0.));
#12504 = VECTOR('',#12505,1.);
#12505 = DIRECTION('',(0.,-1.));
#12506 = ( GEOMETRIC_REPRESENTATION_CONTEXT(2) 
PARAMETRIC_REPRESENTATION_CONTEXT() REPRESENTATION_CONTEXT('2D SPACE',''
  ) );
#12507 = ORIENTED_EDGE('',*,*,#12508,.T.);
#12508 = EDGE_CURVE('',#12476,#12509,#12511,.T.);
#12509 = VERTEX_POINT('',#12510);
#12510 = CARTESIAN_POINT('',(-14.,20.,-1.35));
#12511 = SURFACE_CURVE('',#12512,(#12516,#12523),.PCURVE_S1.);
#12512 = LINE('',#12513,#12514);
#12513 = CARTESIAN_POINT('',(-14.,0.,-1.35));
#12514 = VECTOR('',#12515,1.);
#12515 = DIRECTION('',(0.,1.,0.));
#12516 = PCURVE('',#12484,#12517);
#12517 = DEFINITIONAL_REPRESENTATION('',(#12518),#12522);
#12518 = LINE('',#12519,#12520);
#12519 = CARTESIAN_POINT('',(20.,-6.));
#12520 = VECTOR('',#12521,1.);
#12521 = DIRECTION('',(1.,0.));
#12522 = ( GEOMETRIC_REPRESENTATION_CONTEXT(2) 
PARAMETRIC_REPRESENTATION_CONTEXT() REPRESENTATION_CONTEXT('2D SPACE',''
  ) );
#12523 = PCURVE('',#12524,#12529);
#12524 = PLANE('',#12525);
#12525 = AXIS2_PLACEMENT_3D('',#12526,#12527,#12528);
#12526 = CARTESIAN_POINT('',(-5.263321609032E-10,-7.716508319974E-16,
    -1.35));
#12527 = DIRECTION('',(0.,0.,1.));
#12528 = DIRECTION('',(1.,0.,-0.));
#12529 = DEFINITIONAL_REPRESENTATION('',(#12530),#12534);
#12530 = LINE('',#12531,#12532);
#12531 = CARTESIAN_POINT('',(-13.99999999947,7.716508319974E-16));
#12532 = VECTOR('',#12533,1.);
#12533 = DIRECTION('',(0.,1.));
#12534 = ( GEOMETRIC_REPRESENTATION_CONTEXT(2) 
PARAMETRIC_REPRESENTATION_CONTEXT() REPRESENTATION_CONTEXT('2D SPACE',''
  ) );
#12535 = ORIENTED_EDGE('',*,*,#12536,.F.);
#12536 = EDGE_CURVE('',#12537,#12509,#12539,.T.);
#12537 = VERTEX_POINT('',#12538);
#12538 = CARTESIAN_POINT('',(-14.,20.,-7.35));
#12539 = SURFACE_CURVE('',#12540,(#12544,#12551),.PCURVE_S1.);
#12540 = LINE('',#12541,#12542);
#12541 = CARTESIAN_POINT('',(-14.,20.,-7.35));
#12542 = VECTOR('',#12543,1.);
#12543 = DIRECTION('',(0.,0.,1.));
#12544 = PCURVE('',#12484,#12545);
#12545 = DEFINITIONAL_REPRESENTATION('',(#12546),#12550);
#12546 = LINE('',#12547,#12548);
#12547 = CARTESIAN_POINT('',(40.,0.));
#12548 = VECTOR('',#12549,1.);
#12549 = DIRECTION('',(0.,-1.));
#12550 = ( GEOMETRIC_REPRESENTATION_CONTEXT(2) 
PARAMETRIC_REPRESENTATION_CONTEXT() REPRESENTATION_CONTEXT('2D SPACE',''
  ) );
#12551 = PCURVE('',#12552,#12557);
#12552 = CYLINDRICAL_SURFACE('',#12553,2.);
#12553 = AXIS2_PLACEMENT_3D('',#12554,#12555,#12556);
#12554 = CARTESIAN_POINT('',(-12.,20.,-7.35));
#12555 = DIRECTION('',(0.,0.,-1.));
#12556 = DIRECTION('',(-1.,0.,0.));
#12557 = DEFINITIONAL_REPRESENTATION('',(#12558),#12562);
#12558 = LINE('',#12559,#12560);
#12559 = CARTESIAN_POINT('',(0.,0.));
#12560 = VECTOR('',#12561,1.);
#12561 = DIRECTION('',(0.,-1.));
#12562 = ( GEOMETRIC_REPRESENTATION_CONTEXT(2) 
PARAMETRIC_REPRESENTATION_CONTEXT() REPRESENTATION_CONTEXT('2D SPACE',''
  ) );
#12563 = ORIENTED_EDGE('',*,*,#12564,.F.);
#12564 = EDGE_CURVE('',#12474,#12537,#12565,.T.);
#12565 = SURFACE_CURVE('',#12566,(#12570,#12577),.PCURVE_S1.);
#12566 = LINE('',#12567,#12568);
#12567 = CARTESIAN_POINT('',(-14.,0.,-7.35));
#12568 = VECTOR('',#12569,1.);
#12569 = DIRECTION('',(0.,1.,0.));
#12570 = PCURVE('',#12484,#12571);
#12571 = DEFINITIONAL_REPRESENTATION('',(#12572),#12576);
#12572 = LINE('',#12573,#12574);
#12573 = CARTESIAN_POINT('',(20.,0.));
#12574 = VECTOR('',#12575,1.);
#12575 = DIRECTION('',(1.,0.));
#12576 = ( GEOMETRIC_REPRESENTATION_CONTEXT(2) 
PARAMETRIC_REPRESENTATION_CONTEXT() REPRESENTATION_CONTEXT('2D SPACE',''
  ) );
#12577 = PCURVE('',#12578,#12583);
#12578 = PLANE('',#12579);
#12579 = AXIS2_PLACEMENT_3D('',#12580,#12581,#12582);
#12580 = CARTESIAN_POINT('',(-5.263321609032E-10,-7.716508319974E-16,
    -7.35));
#12581 = DIRECTION('',(0.,0.,1.));
#12582 = DIRECTION('',(1.,0.,-0.));
#12583 = DEFINITIONAL_REPRESENTATION('',(#12584),#12588);
#12584 = LINE('',#12585,#12586);
#12585 = CARTESIAN_POINT('',(-13.99999999947,7.716508319974E-16));
#12586 = VECTOR('',#12587,1.);
#12587 = DIRECTION('',(0.,1.));
#12588 = ( GEOMETRIC_REPRESENTATION_CONTEXT(2) 
PARAMETRIC_REPRESENTATION_CONTEXT() REPRESENTATION_CONTEXT('2D SPACE',''
  ) );
#12589 = FACE_BOUND('',#12590,.T.);
#12590 = EDGE_LOOP('',(#12591,#12619,#12645,#12671));
#12591 = ORIENTED_EDGE('',*,*,#12592,.F.);
#12592 = EDGE_CURVE('',#12593,#12595,#12597,.T.);
#12593 = VERTEX_POINT('',#12594);
#12594 = CARTESIAN_POINT('',(-14.,-4.5,-5.1));
#12595 = VERTEX_POINT('',#12596);
#12596 = CARTESIAN_POINT('',(-14.,4.5,-5.1));
#12597 = SURFACE_CURVE('',#12598,(#12602,#12608),.PCURVE_S1.);
#12598 = LINE('',#12599,#12600);
#12599 = CARTESIAN_POINT('',(-14.,-12.25,-5.1));
#12600 = VECTOR('',#12601,1.);
#12601 = DIRECTION('',(0.,1.,-0.));
#12602 = PCURVE('',#12484,#12603);
#12603 = DEFINITIONAL_REPRESENTATION('',(#12604),#12607);
#12604 = B_SPLINE_CURVE_WITH_KNOTS('',1,(#12605,#12606),.UNSPECIFIED.,
  .F.,.F.,(2,2),(7.75,16.75),.PIECEWISE_BEZIER_KNOTS.);
#12605 = CARTESIAN_POINT('',(15.5,-2.25));
#12606 = CARTESIAN_POINT('',(24.5,-2.25));
#12607 = ( GEOMETRIC_REPRESENTATION_CONTEXT(2) 
PARAMETRIC_REPRESENTATION_CONTEXT() REPRESENTATION_CONTEXT('2D SPACE',''
  ) );
#12608 = PCURVE('',#12609,#12614);
#12609 = PLANE('',#12610);
#12610 = AXIS2_PLACEMENT_3D('',#12611,#12612,#12613);
#12611 = CARTESIAN_POINT('',(-15.5,-4.5,-5.1));
#12612 = DIRECTION('',(0.,0.,1.));
#12613 = DIRECTION('',(1.,0.,-0.));
#12614 = DEFINITIONAL_REPRESENTATION('',(#12615),#12618);
#12615 = B_SPLINE_CURVE_WITH_KNOTS('',1,(#12616,#12617),.UNSPECIFIED.,
  .F.,.F.,(2,2),(7.75,16.75),.PIECEWISE_BEZIER_KNOTS.);
#12616 = CARTESIAN_POINT('',(1.5,0.));
#12617 = CARTESIAN_POINT('',(1.5,9.));
#12618 = ( GEOMETRIC_REPRESENTATION_CONTEXT(2) 
PARAMETRIC_REPRESENTATION_CONTEXT() REPRESENTATION_CONTEXT('2D SPACE',''
  ) );
#12619 = ORIENTED_EDGE('',*,*,#12620,.T.);
#12620 = EDGE_CURVE('',#12593,#12621,#12623,.T.);
#12621 = VERTEX_POINT('',#12622);
#12622 = CARTESIAN_POINT('',(-14.,-4.5,-6.5));
#12623 = SURFACE_CURVE('',#12624,(#12628,#12634),.PCURVE_S1.);
#12624 = LINE('',#12625,#12626);
#12625 = CARTESIAN_POINT('',(-14.,-4.5,-6.925));
#12626 = VECTOR('',#12627,1.);
#12627 = DIRECTION('',(0.,0.,-1.));
#12628 = PCURVE('',#12484,#12629);
#12629 = DEFINITIONAL_REPRESENTATION('',(#12630),#12633);
#12630 = B_SPLINE_CURVE_WITH_KNOTS('',1,(#12631,#12632),.UNSPECIFIED.,
  .F.,.F.,(2,2),(-1.825,-0.425),.PIECEWISE_BEZIER_KNOTS.);
#12631 = CARTESIAN_POINT('',(15.5,-2.25));
#12632 = CARTESIAN_POINT('',(15.5,-0.85));
#12633 = ( GEOMETRIC_REPRESENTATION_CONTEXT(2) 
PARAMETRIC_REPRESENTATION_CONTEXT() REPRESENTATION_CONTEXT('2D SPACE',''
  ) );
#12634 = PCURVE('',#12635,#12640);
#12635 = PLANE('',#12636);
#12636 = AXIS2_PLACEMENT_3D('',#12637,#12638,#12639);
#12637 = CARTESIAN_POINT('',(-15.5,-4.5,-6.5));
#12638 = DIRECTION('',(-0.,1.,0.));
#12639 = DIRECTION('',(0.,0.,1.));
#12640 = DEFINITIONAL_REPRESENTATION('',(#12641),#12644);
#12641 = B_SPLINE_CURVE_WITH_KNOTS('',1,(#12642,#12643),.UNSPECIFIED.,
  .F.,.F.,(2,2),(-1.825,-0.425),.PIECEWISE_BEZIER_KNOTS.);
#12642 = CARTESIAN_POINT('',(1.4,1.5));
#12643 = CARTESIAN_POINT('',(0.,1.5));
#12644 = ( GEOMETRIC_REPRESENTATION_CONTEXT(2) 
PARAMETRIC_REPRESENTATION_CONTEXT() REPRESENTATION_CONTEXT('2D SPACE',''
  ) );
#12645 = ORIENTED_EDGE('',*,*,#12646,.T.);
#12646 = EDGE_CURVE('',#12621,#12647,#12649,.T.);
#12647 = VERTEX_POINT('',#12648);
#12648 = CARTESIAN_POINT('',(-14.,4.5,-6.5));
#12649 = SURFACE_CURVE('',#12650,(#12654,#12660),.PCURVE_S1.);
#12650 = LINE('',#12651,#12652);
#12651 = CARTESIAN_POINT('',(-14.,-12.25,-6.5));
#12652 = VECTOR('',#12653,1.);
#12653 = DIRECTION('',(0.,1.,-0.));
#12654 = PCURVE('',#12484,#12655);
#12655 = DEFINITIONAL_REPRESENTATION('',(#12656),#12659);
#12656 = B_SPLINE_CURVE_WITH_KNOTS('',1,(#12657,#12658),.UNSPECIFIED.,
  .F.,.F.,(2,2),(7.75,16.75),.PIECEWISE_BEZIER_KNOTS.);
#12657 = CARTESIAN_POINT('',(15.5,-0.85));
#12658 = CARTESIAN_POINT('',(24.5,-0.85));
#12659 = ( GEOMETRIC_REPRESENTATION_CONTEXT(2) 
PARAMETRIC_REPRESENTATION_CONTEXT() REPRESENTATION_CONTEXT('2D SPACE',''
  ) );
#12660 = PCURVE('',#12661,#12666);
#12661 = PLANE('',#12662);
#12662 = AXIS2_PLACEMENT_3D('',#12663,#12664,#12665);
#12663 = CARTESIAN_POINT('',(-15.5,-4.5,-6.5));
#12664 = DIRECTION('',(0.,0.,1.));
#12665 = DIRECTION('',(1.,0.,-0.));
#12666 = DEFINITIONAL_REPRESENTATION('',(#12667),#12670);
#12667 = B_SPLINE_CURVE_WITH_KNOTS('',1,(#12668,#12669),.UNSPECIFIED.,
  .F.,.F.,(2,2),(7.75,16.75),.PIECEWISE_BEZIER_KNOTS.);
#12668 = CARTESIAN_POINT('',(1.5,0.));
#12669 = CARTESIAN_POINT('',(1.5,9.));
#12670 = ( GEOMETRIC_REPRESENTATION_CONTEXT(2) 
PARAMETRIC_REPRESENTATION_CONTEXT() REPRESENTATION_CONTEXT('2D SPACE',''
  ) );
#12671 = ORIENTED_EDGE('',*,*,#12672,.F.);
#12672 = EDGE_CURVE('',#12595,#12647,#12673,.T.);
#12673 = SURFACE_CURVE('',#12674,(#12678,#12684),.PCURVE_S1.);
#12674 = LINE('',#12675,#12676);
#12675 = CARTESIAN_POINT('',(-14.,4.5,-6.925));
#12676 = VECTOR('',#12677,1.);
#12677 = DIRECTION('',(0.,0.,-1.));
#12678 = PCURVE('',#12484,#12679);
#12679 = DEFINITIONAL_REPRESENTATION('',(#12680),#12683);
#12680 = B_SPLINE_CURVE_WITH_KNOTS('',1,(#12681,#12682),.UNSPECIFIED.,
  .F.,.F.,(2,2),(-1.825,-0.425),.PIECEWISE_BEZIER_KNOTS.);
#12681 = CARTESIAN_POINT('',(24.5,-2.25));
#12682 = CARTESIAN_POINT('',(24.5,-0.85));
#12683 = ( GEOMETRIC_REPRESENTATION_CONTEXT(2) 
PARAMETRIC_REPRESENTATION_CONTEXT() REPRESENTATION_CONTEXT('2D SPACE',''
  ) );
#12684 = PCURVE('',#12685,#12690);
#12685 = PLANE('',#12686);
#12686 = AXIS2_PLACEMENT_3D('',#12687,#12688,#12689);
#12687 = CARTESIAN_POINT('',(-15.5,4.5,-6.5));
#12688 = DIRECTION('',(-0.,1.,0.));
#12689 = DIRECTION('',(0.,0.,1.));
#12690 = DEFINITIONAL_REPRESENTATION('',(#12691),#12694);
#12691 = B_SPLINE_CURVE_WITH_KNOTS('',1,(#12692,#12693),.UNSPECIFIED.,
  .F.,.F.,(2,2),(-1.825,-0.425),.PIECEWISE_BEZIER_KNOTS.);
#12692 = CARTESIAN_POINT('',(1.4,1.5));
#12693 = CARTESIAN_POINT('',(0.,1.5));
#12694 = ( GEOMETRIC_REPRESENTATION_CONTEXT(2) 
PARAMETRIC_REPRESENTATION_CONTEXT() REPRESENTATION_CONTEXT('2D SPACE',''
  ) );
#12695 = ADVANCED_FACE('',(#12696),#12496,.T.);
#12696 = FACE_BOUND('',#12697,.T.);
#12697 = EDGE_LOOP('',(#12698,#12728,#12754,#12755));
#12698 = ORIENTED_EDGE('',*,*,#12699,.T.);
#12699 = EDGE_CURVE('',#12700,#12702,#12704,.T.);
#12700 = VERTEX_POINT('',#12701);
#12701 = CARTESIAN_POINT('',(-12.,-22.,-7.35));
#12702 = VERTEX_POINT('',#12703);
#12703 = CARTESIAN_POINT('',(-12.,-22.,-1.35));
#12704 = SURFACE_CURVE('',#12705,(#12709,#12716),.PCURVE_S1.);
#12705 = LINE('',#12706,#12707);
#12706 = CARTESIAN_POINT('',(-12.,-22.,-7.35));
#12707 = VECTOR('',#12708,1.);
#12708 = DIRECTION('',(0.,0.,1.));
#12709 = PCURVE('',#12496,#12710);
#12710 = DEFINITIONAL_REPRESENTATION('',(#12711),#12715);
#12711 = LINE('',#12712,#12713);
#12712 = CARTESIAN_POINT('',(4.712388980385,0.));
#12713 = VECTOR('',#12714,1.);
#12714 = DIRECTION('',(0.,-1.));
#12715 = ( GEOMETRIC_REPRESENTATION_CONTEXT(2) 
PARAMETRIC_REPRESENTATION_CONTEXT() REPRESENTATION_CONTEXT('2D SPACE',''
  ) );
#12716 = PCURVE('',#12717,#12722);
#12717 = PLANE('',#12718);
#12718 = AXIS2_PLACEMENT_3D('',#12719,#12720,#12721);
#12719 = CARTESIAN_POINT('',(-12.,-22.,-7.35));
#12720 = DIRECTION('',(0.,1.,0.));
#12721 = DIRECTION('',(1.,0.,0.));
#12722 = DEFINITIONAL_REPRESENTATION('',(#12723),#12727);
#12723 = LINE('',#12724,#12725);
#12724 = CARTESIAN_POINT('',(0.,0.));
#12725 = VECTOR('',#12726,1.);
#12726 = DIRECTION('',(0.,-1.));
#12727 = ( GEOMETRIC_REPRESENTATION_CONTEXT(2) 
PARAMETRIC_REPRESENTATION_CONTEXT() REPRESENTATION_CONTEXT('2D SPACE',''
  ) );
#12728 = ORIENTED_EDGE('',*,*,#12729,.T.);
#12729 = EDGE_CURVE('',#12702,#12476,#12730,.T.);
#12730 = SURFACE_CURVE('',#12731,(#12736,#12743),.PCURVE_S1.);
#12731 = CIRCLE('',#12732,2.);
#12732 = AXIS2_PLACEMENT_3D('',#12733,#12734,#12735);
#12733 = CARTESIAN_POINT('',(-12.,-20.,-1.35));
#12734 = DIRECTION('',(0.,0.,-1.));
#12735 = DIRECTION('',(-1.,0.,0.));
#12736 = PCURVE('',#12496,#12737);
#12737 = DEFINITIONAL_REPRESENTATION('',(#12738),#12742);
#12738 = LINE('',#12739,#12740);
#12739 = CARTESIAN_POINT('',(0.,-6.));
#12740 = VECTOR('',#12741,1.);
#12741 = DIRECTION('',(1.,0.));
#12742 = ( GEOMETRIC_REPRESENTATION_CONTEXT(2) 
PARAMETRIC_REPRESENTATION_CONTEXT() REPRESENTATION_CONTEXT('2D SPACE',''
  ) );
#12743 = PCURVE('',#12524,#12744);
#12744 = DEFINITIONAL_REPRESENTATION('',(#12745),#12753);
#12745 = ( BOUNDED_CURVE() B_SPLINE_CURVE(2,(#12746,#12747,#12748,#12749
    ,#12750,#12751,#12752),.UNSPECIFIED.,.T.,.F.) 
B_SPLINE_CURVE_WITH_KNOTS((1,2,2,2,2,1),(-2.094395102393,0.,
    2.094395102393,4.188790204786,6.28318530718,8.377580409573),
.UNSPECIFIED.) CURVE() GEOMETRIC_REPRESENTATION_ITEM() 
RATIONAL_B_SPLINE_CURVE((1.,0.5,1.,0.5,1.,0.5,1.)) REPRESENTATION_ITEM(
  '') );
#12746 = CARTESIAN_POINT('',(-13.99999999947,-20.));
#12747 = CARTESIAN_POINT('',(-13.99999999947,-16.53589838486));
#12748 = CARTESIAN_POINT('',(-10.99999999947,-18.26794919243));
#12749 = CARTESIAN_POINT('',(-7.999999999474,-20.));
#12750 = CARTESIAN_POINT('',(-10.99999999947,-21.73205080756));
#12751 = CARTESIAN_POINT('',(-13.99999999947,-23.46410161513));
#12752 = CARTESIAN_POINT('',(-13.99999999947,-20.));
#12753 = ( GEOMETRIC_REPRESENTATION_CONTEXT(2) 
PARAMETRIC_REPRESENTATION_CONTEXT() REPRESENTATION_CONTEXT('2D SPACE',''
  ) );
#12754 = ORIENTED_EDGE('',*,*,#12473,.F.);
#12755 = ORIENTED_EDGE('',*,*,#12756,.F.);
#12756 = EDGE_CURVE('',#12700,#12474,#12757,.T.);
#12757 = SURFACE_CURVE('',#12758,(#12763,#12770),.PCURVE_S1.);
#12758 = CIRCLE('',#12759,2.);
#12759 = AXIS2_PLACEMENT_3D('',#12760,#12761,#12762);
#12760 = CARTESIAN_POINT('',(-12.,-20.,-7.35));
#12761 = DIRECTION('',(0.,0.,-1.));
#12762 = DIRECTION('',(-1.,0.,0.));
#12763 = PCURVE('',#12496,#12764);
#12764 = DEFINITIONAL_REPRESENTATION('',(#12765),#12769);
#12765 = LINE('',#12766,#12767);
#12766 = CARTESIAN_POINT('',(0.,0.));
#12767 = VECTOR('',#12768,1.);
#12768 = DIRECTION('',(1.,0.));
#12769 = ( GEOMETRIC_REPRESENTATION_CONTEXT(2) 
PARAMETRIC_REPRESENTATION_CONTEXT() REPRESENTATION_CONTEXT('2D SPACE',''
  ) );
#12770 = PCURVE('',#12578,#12771);
#12771 = DEFINITIONAL_REPRESENTATION('',(#12772),#12780);
#12772 = ( BOUNDED_CURVE() B_SPLINE_CURVE(2,(#12773,#12774,#12775,#12776
    ,#12777,#12778,#12779),.UNSPECIFIED.,.T.,.F.) 
B_SPLINE_CURVE_WITH_KNOTS((1,2,2,2,2,1),(-2.094395102393,0.,
    2.094395102393,4.188790204786,6.28318530718,8.377580409573),
.UNSPECIFIED.) CURVE() GEOMETRIC_REPRESENTATION_ITEM() 
RATIONAL_B_SPLINE_CURVE((1.,0.5,1.,0.5,1.,0.5,1.)) REPRESENTATION_ITEM(
  '') );
#12773 = CARTESIAN_POINT('',(-13.99999999947,-20.));
#12774 = CARTESIAN_POINT('',(-13.99999999947,-16.53589838486));
#12775 = CARTESIAN_POINT('',(-10.99999999947,-18.26794919243));
#12776 = CARTESIAN_POINT('',(-7.999999999474,-20.));
#12777 = CARTESIAN_POINT('',(-10.99999999947,-21.73205080756));
#12778 = CARTESIAN_POINT('',(-13.99999999947,-23.46410161513));
#12779 = CARTESIAN_POINT('',(-13.99999999947,-20.));
#12780 = ( GEOMETRIC_REPRESENTATION_CONTEXT(2) 
PARAMETRIC_REPRESENTATION_CONTEXT() REPRESENTATION_CONTEXT('2D SPACE',''
  ) );
#12781 = ADVANCED_FACE('',(#12782),#12578,.F.);
#12782 = FACE_BOUND('',#12783,.F.);
#12783 = EDGE_LOOP('',(#12784,#12785,#12786,#12809,#12842,#12870,#12903,
    #12931));
#12784 = ORIENTED_EDGE('',*,*,#12564,.F.);
#12785 = ORIENTED_EDGE('',*,*,#12756,.F.);
#12786 = ORIENTED_EDGE('',*,*,#12787,.T.);
#12787 = EDGE_CURVE('',#12700,#12788,#12790,.T.);
#12788 = VERTEX_POINT('',#12789);
#12789 = CARTESIAN_POINT('',(11.999999997553,-22.,-7.35));
#12790 = SURFACE_CURVE('',#12791,(#12795,#12802),.PCURVE_S1.);
#12791 = LINE('',#12792,#12793);
#12792 = CARTESIAN_POINT('',(2.22044604925E-13,-22.,-7.35));
#12793 = VECTOR('',#12794,1.);
#12794 = DIRECTION('',(1.,0.,0.));
#12795 = PCURVE('',#12578,#12796);
#12796 = DEFINITIONAL_REPRESENTATION('',(#12797),#12801);
#12797 = LINE('',#12798,#12799);
#12798 = CARTESIAN_POINT('',(5.265542055081E-10,-22.));
#12799 = VECTOR('',#12800,1.);
#12800 = DIRECTION('',(1.,0.));
#12801 = ( GEOMETRIC_REPRESENTATION_CONTEXT(2) 
PARAMETRIC_REPRESENTATION_CONTEXT() REPRESENTATION_CONTEXT('2D SPACE',''
  ) );
#12802 = PCURVE('',#12717,#12803);
#12803 = DEFINITIONAL_REPRESENTATION('',(#12804),#12808);
#12804 = LINE('',#12805,#12806);
#12805 = CARTESIAN_POINT('',(12.,0.));
#12806 = VECTOR('',#12807,1.);
#12807 = DIRECTION('',(1.,0.));
#12808 = ( GEOMETRIC_REPRESENTATION_CONTEXT(2) 
PARAMETRIC_REPRESENTATION_CONTEXT() REPRESENTATION_CONTEXT('2D SPACE',''
  ) );
#12809 = ORIENTED_EDGE('',*,*,#12810,.F.);
#12810 = EDGE_CURVE('',#12811,#12788,#12813,.T.);
#12811 = VERTEX_POINT('',#12812);
#12812 = CARTESIAN_POINT('',(13.999999998777,-20.,-7.35));
#12813 = SURFACE_CURVE('',#12814,(#12819,#12830),.PCURVE_S1.);
#12814 = CIRCLE('',#12815,2.);
#12815 = AXIS2_PLACEMENT_3D('',#12816,#12817,#12818);
#12816 = CARTESIAN_POINT('',(11.999999997553,-20.,-7.35));
#12817 = DIRECTION('',(0.,0.,-1.));
#12818 = DIRECTION('',(-1.,0.,0.));
#12819 = PCURVE('',#12578,#12820);
#12820 = DEFINITIONAL_REPRESENTATION('',(#12821),#12829);
#12821 = ( BOUNDED_CURVE() B_SPLINE_CURVE(2,(#12822,#12823,#12824,#12825
    ,#12826,#12827,#12828),.UNSPECIFIED.,.T.,.F.) 
B_SPLINE_CURVE_WITH_KNOTS((1,2,2,2,2,1),(-2.094395102393,0.,
    2.094395102393,4.188790204786,6.28318530718,8.377580409573),
.UNSPECIFIED.) CURVE() GEOMETRIC_REPRESENTATION_ITEM() 
RATIONAL_B_SPLINE_CURVE((1.,0.5,1.,0.5,1.,0.5,1.)) REPRESENTATION_ITEM(
  '') );
#12822 = CARTESIAN_POINT('',(9.99999999808,-20.));
#12823 = CARTESIAN_POINT('',(9.99999999808,-16.53589838486));
#12824 = CARTESIAN_POINT('',(12.99999999808,-18.26794919243));
#12825 = CARTESIAN_POINT('',(15.99999999808,-20.));
#12826 = CARTESIAN_POINT('',(12.99999999808,-21.73205080756));
#12827 = CARTESIAN_POINT('',(9.99999999808,-23.46410161513));
#12828 = CARTESIAN_POINT('',(9.99999999808,-20.));
#12829 = ( GEOMETRIC_REPRESENTATION_CONTEXT(2) 
PARAMETRIC_REPRESENTATION_CONTEXT() REPRESENTATION_CONTEXT('2D SPACE',''
  ) );
#12830 = PCURVE('',#12831,#12836);
#12831 = CYLINDRICAL_SURFACE('',#12832,2.);
#12832 = AXIS2_PLACEMENT_3D('',#12833,#12834,#12835);
#12833 = CARTESIAN_POINT('',(11.999999997553,-20.,-7.35));
#12834 = DIRECTION('',(0.,0.,-1.));
#12835 = DIRECTION('',(-1.,0.,0.));
#12836 = DEFINITIONAL_REPRESENTATION('',(#12837),#12841);
#12837 = LINE('',#12838,#12839);
#12838 = CARTESIAN_POINT('',(0.,0.));
#12839 = VECTOR('',#12840,1.);
#12840 = DIRECTION('',(1.,0.));
#12841 = ( GEOMETRIC_REPRESENTATION_CONTEXT(2) 
PARAMETRIC_REPRESENTATION_CONTEXT() REPRESENTATION_CONTEXT('2D SPACE',''
  ) );
#12842 = ORIENTED_EDGE('',*,*,#12843,.T.);
#12843 = EDGE_CURVE('',#12811,#12844,#12846,.T.);
#12844 = VERTEX_POINT('',#12845);
#12845 = CARTESIAN_POINT('',(13.999999998777,20.,-7.35));
#12846 = SURFACE_CURVE('',#12847,(#12851,#12858),.PCURVE_S1.);
#12847 = LINE('',#12848,#12849);
#12848 = CARTESIAN_POINT('',(14.,0.,-7.35));
#12849 = VECTOR('',#12850,1.);
#12850 = DIRECTION('',(0.,1.,0.));
#12851 = PCURVE('',#12578,#12852);
#12852 = DEFINITIONAL_REPRESENTATION('',(#12853),#12857);
#12853 = LINE('',#12854,#12855);
#12854 = CARTESIAN_POINT('',(14.000000000527,7.716508319974E-16));
#12855 = VECTOR('',#12856,1.);
#12856 = DIRECTION('',(0.,1.));
#12857 = ( GEOMETRIC_REPRESENTATION_CONTEXT(2) 
PARAMETRIC_REPRESENTATION_CONTEXT() REPRESENTATION_CONTEXT('2D SPACE',''
  ) );
#12858 = PCURVE('',#12859,#12864);
#12859 = PLANE('',#12860);
#12860 = AXIS2_PLACEMENT_3D('',#12861,#12862,#12863);
#12861 = CARTESIAN_POINT('',(14.,-20.,-7.35));
#12862 = DIRECTION('',(-1.,0.,0.));
#12863 = DIRECTION('',(0.,1.,0.));
#12864 = DEFINITIONAL_REPRESENTATION('',(#12865),#12869);
#12865 = LINE('',#12866,#12867);
#12866 = CARTESIAN_POINT('',(20.,0.));
#12867 = VECTOR('',#12868,1.);
#12868 = DIRECTION('',(1.,0.));
#12869 = ( GEOMETRIC_REPRESENTATION_CONTEXT(2) 
PARAMETRIC_REPRESENTATION_CONTEXT() REPRESENTATION_CONTEXT('2D SPACE',''
  ) );
#12870 = ORIENTED_EDGE('',*,*,#12871,.F.);
#12871 = EDGE_CURVE('',#12872,#12844,#12874,.T.);
#12872 = VERTEX_POINT('',#12873);
#12873 = CARTESIAN_POINT('',(11.999999997553,22.,-7.35));
#12874 = SURFACE_CURVE('',#12875,(#12880,#12891),.PCURVE_S1.);
#12875 = CIRCLE('',#12876,2.);
#12876 = AXIS2_PLACEMENT_3D('',#12877,#12878,#12879);
#12877 = CARTESIAN_POINT('',(11.999999997553,20.,-7.35));
#12878 = DIRECTION('',(0.,0.,-1.));
#12879 = DIRECTION('',(-1.,0.,0.));
#12880 = PCURVE('',#12578,#12881);
#12881 = DEFINITIONAL_REPRESENTATION('',(#12882),#12890);
#12882 = ( BOUNDED_CURVE() B_SPLINE_CURVE(2,(#12883,#12884,#12885,#12886
    ,#12887,#12888,#12889),.UNSPECIFIED.,.T.,.F.) 
B_SPLINE_CURVE_WITH_KNOTS((1,2,2,2,2,1),(-2.094395102393,0.,
    2.094395102393,4.188790204786,6.28318530718,8.377580409573),
.UNSPECIFIED.) CURVE() GEOMETRIC_REPRESENTATION_ITEM() 
RATIONAL_B_SPLINE_CURVE((1.,0.5,1.,0.5,1.,0.5,1.)) REPRESENTATION_ITEM(
  '') );
#12883 = CARTESIAN_POINT('',(9.99999999808,20.));
#12884 = CARTESIAN_POINT('',(9.99999999808,23.464101615138));
#12885 = CARTESIAN_POINT('',(12.99999999808,21.732050807569));
#12886 = CARTESIAN_POINT('',(15.99999999808,20.));
#12887 = CARTESIAN_POINT('',(12.99999999808,18.267949192431));
#12888 = CARTESIAN_POINT('',(9.99999999808,16.535898384862));
#12889 = CARTESIAN_POINT('',(9.99999999808,20.));
#12890 = ( GEOMETRIC_REPRESENTATION_CONTEXT(2) 
PARAMETRIC_REPRESENTATION_CONTEXT() REPRESENTATION_CONTEXT('2D SPACE',''
  ) );
#12891 = PCURVE('',#12892,#12897);
#12892 = CYLINDRICAL_SURFACE('',#12893,2.);
#12893 = AXIS2_PLACEMENT_3D('',#12894,#12895,#12896);
#12894 = CARTESIAN_POINT('',(11.999999997553,20.,-7.35));
#12895 = DIRECTION('',(0.,0.,-1.));
#12896 = DIRECTION('',(-1.,0.,0.));
#12897 = DEFINITIONAL_REPRESENTATION('',(#12898),#12902);
#12898 = LINE('',#12899,#12900);
#12899 = CARTESIAN_POINT('',(0.,0.));
#12900 = VECTOR('',#12901,1.);
#12901 = DIRECTION('',(1.,0.));
#12902 = ( GEOMETRIC_REPRESENTATION_CONTEXT(2) 
PARAMETRIC_REPRESENTATION_CONTEXT() REPRESENTATION_CONTEXT('2D SPACE',''
  ) );
#12903 = ORIENTED_EDGE('',*,*,#12904,.F.);
#12904 = EDGE_CURVE('',#12905,#12872,#12907,.T.);
#12905 = VERTEX_POINT('',#12906);
#12906 = CARTESIAN_POINT('',(-12.,22.,-7.35));
#12907 = SURFACE_CURVE('',#12908,(#12912,#12919),.PCURVE_S1.);
#12908 = LINE('',#12909,#12910);
#12909 = CARTESIAN_POINT('',(2.22044604925E-13,22.,-7.35));
#12910 = VECTOR('',#12911,1.);
#12911 = DIRECTION('',(1.,0.,0.));
#12912 = PCURVE('',#12578,#12913);
#12913 = DEFINITIONAL_REPRESENTATION('',(#12914),#12918);
#12914 = LINE('',#12915,#12916);
#12915 = CARTESIAN_POINT('',(5.265542055081E-10,22.));
#12916 = VECTOR('',#12917,1.);
#12917 = DIRECTION('',(1.,0.));
#12918 = ( GEOMETRIC_REPRESENTATION_CONTEXT(2) 
PARAMETRIC_REPRESENTATION_CONTEXT() REPRESENTATION_CONTEXT('2D SPACE',''
  ) );
#12919 = PCURVE('',#12920,#12925);
#12920 = PLANE('',#12921);
#12921 = AXIS2_PLACEMENT_3D('',#12922,#12923,#12924);
#12922 = CARTESIAN_POINT('',(-12.,22.,-7.35));
#12923 = DIRECTION('',(0.,1.,0.));
#12924 = DIRECTION('',(1.,0.,0.));
#12925 = DEFINITIONAL_REPRESENTATION('',(#12926),#12930);
#12926 = LINE('',#12927,#12928);
#12927 = CARTESIAN_POINT('',(12.,0.));
#12928 = VECTOR('',#12929,1.);
#12929 = DIRECTION('',(1.,0.));
#12930 = ( GEOMETRIC_REPRESENTATION_CONTEXT(2) 
PARAMETRIC_REPRESENTATION_CONTEXT() REPRESENTATION_CONTEXT('2D SPACE',''
  ) );
#12931 = ORIENTED_EDGE('',*,*,#12932,.F.);
#12932 = EDGE_CURVE('',#12537,#12905,#12933,.T.);
#12933 = SURFACE_CURVE('',#12934,(#12939,#12950),.PCURVE_S1.);
#12934 = CIRCLE('',#12935,2.);
#12935 = AXIS2_PLACEMENT_3D('',#12936,#12937,#12938);
#12936 = CARTESIAN_POINT('',(-12.,20.,-7.35));
#12937 = DIRECTION('',(0.,0.,-1.));
#12938 = DIRECTION('',(-1.,0.,0.));
#12939 = PCURVE('',#12578,#12940);
#12940 = DEFINITIONAL_REPRESENTATION('',(#12941),#12949);
#12941 = ( BOUNDED_CURVE() B_SPLINE_CURVE(2,(#12942,#12943,#12944,#12945
    ,#12946,#12947,#12948),.UNSPECIFIED.,.T.,.F.) 
B_SPLINE_CURVE_WITH_KNOTS((1,2,2,2,2,1),(-2.094395102393,0.,
    2.094395102393,4.188790204786,6.28318530718,8.377580409573),
.UNSPECIFIED.) CURVE() GEOMETRIC_REPRESENTATION_ITEM() 
RATIONAL_B_SPLINE_CURVE((1.,0.5,1.,0.5,1.,0.5,1.)) REPRESENTATION_ITEM(
  '') );
#12942 = CARTESIAN_POINT('',(-13.99999999947,20.));
#12943 = CARTESIAN_POINT('',(-13.99999999947,23.464101615138));
#12944 = CARTESIAN_POINT('',(-10.99999999947,21.732050807569));
#12945 = CARTESIAN_POINT('',(-7.999999999474,20.));
#12946 = CARTESIAN_POINT('',(-10.99999999947,18.267949192431));
#12947 = CARTESIAN_POINT('',(-13.99999999947,16.535898384862));
#12948 = CARTESIAN_POINT('',(-13.99999999947,20.));
#12949 = ( GEOMETRIC_REPRESENTATION_CONTEXT(2) 
PARAMETRIC_REPRESENTATION_CONTEXT() REPRESENTATION_CONTEXT('2D SPACE',''
  ) );
#12950 = PCURVE('',#12552,#12951);
#12951 = DEFINITIONAL_REPRESENTATION('',(#12952),#12956);
#12952 = LINE('',#12953,#12954);
#12953 = CARTESIAN_POINT('',(0.,0.));
#12954 = VECTOR('',#12955,1.);
#12955 = DIRECTION('',(1.,0.));
#12956 = ( GEOMETRIC_REPRESENTATION_CONTEXT(2) 
PARAMETRIC_REPRESENTATION_CONTEXT() REPRESENTATION_CONTEXT('2D SPACE',''
  ) );
#12957 = ADVANCED_FACE('',(#12958,#13113),#12524,.T.);
#12958 = FACE_BOUND('',#12959,.T.);
#12959 = EDGE_LOOP('',(#12960,#12961,#12962,#12985,#13013,#13036,#13064,
    #13087));
#12960 = ORIENTED_EDGE('',*,*,#12508,.F.);
#12961 = ORIENTED_EDGE('',*,*,#12729,.F.);
#12962 = ORIENTED_EDGE('',*,*,#12963,.T.);
#12963 = EDGE_CURVE('',#12702,#12964,#12966,.T.);
#12964 = VERTEX_POINT('',#12965);
#12965 = CARTESIAN_POINT('',(11.999999997553,-22.,-1.35));
#12966 = SURFACE_CURVE('',#12967,(#12971,#12978),.PCURVE_S1.);
#12967 = LINE('',#12968,#12969);
#12968 = CARTESIAN_POINT('',(2.22044604925E-13,-22.,-1.35));
#12969 = VECTOR('',#12970,1.);
#12970 = DIRECTION('',(1.,0.,0.));
#12971 = PCURVE('',#12524,#12972);
#12972 = DEFINITIONAL_REPRESENTATION('',(#12973),#12977);
#12973 = LINE('',#12974,#12975);
#12974 = CARTESIAN_POINT('',(5.265542055081E-10,-22.));
#12975 = VECTOR('',#12976,1.);
#12976 = DIRECTION('',(1.,0.));
#12977 = ( GEOMETRIC_REPRESENTATION_CONTEXT(2) 
PARAMETRIC_REPRESENTATION_CONTEXT() REPRESENTATION_CONTEXT('2D SPACE',''
  ) );
#12978 = PCURVE('',#12717,#12979);
#12979 = DEFINITIONAL_REPRESENTATION('',(#12980),#12984);
#12980 = LINE('',#12981,#12982);
#12981 = CARTESIAN_POINT('',(12.,-6.));
#12982 = VECTOR('',#12983,1.);
#12983 = DIRECTION('',(1.,0.));
#12984 = ( GEOMETRIC_REPRESENTATION_CONTEXT(2) 
PARAMETRIC_REPRESENTATION_CONTEXT() REPRESENTATION_CONTEXT('2D SPACE',''
  ) );
#12985 = ORIENTED_EDGE('',*,*,#12986,.F.);
#12986 = EDGE_CURVE('',#12987,#12964,#12989,.T.);
#12987 = VERTEX_POINT('',#12988);
#12988 = CARTESIAN_POINT('',(13.999999998777,-20.,-1.35));
#12989 = SURFACE_CURVE('',#12990,(#12995,#13006),.PCURVE_S1.);
#12990 = CIRCLE('',#12991,2.);
#12991 = AXIS2_PLACEMENT_3D('',#12992,#12993,#12994);
#12992 = CARTESIAN_POINT('',(11.999999997553,-20.,-1.35));
#12993 = DIRECTION('',(0.,0.,-1.));
#12994 = DIRECTION('',(-1.,0.,0.));
#12995 = PCURVE('',#12524,#12996);
#12996 = DEFINITIONAL_REPRESENTATION('',(#12997),#13005);
#12997 = ( BOUNDED_CURVE() B_SPLINE_CURVE(2,(#12998,#12999,#13000,#13001
    ,#13002,#13003,#13004),.UNSPECIFIED.,.T.,.F.) 
B_SPLINE_CURVE_WITH_KNOTS((1,2,2,2,2,1),(-2.094395102393,0.,
    2.094395102393,4.188790204786,6.28318530718,8.377580409573),
.UNSPECIFIED.) CURVE() GEOMETRIC_REPRESENTATION_ITEM() 
RATIONAL_B_SPLINE_CURVE((1.,0.5,1.,0.5,1.,0.5,1.)) REPRESENTATION_ITEM(
  '') );
#12998 = CARTESIAN_POINT('',(9.99999999808,-20.));
#12999 = CARTESIAN_POINT('',(9.99999999808,-16.53589838486));
#13000 = CARTESIAN_POINT('',(12.99999999808,-18.26794919243));
#13001 = CARTESIAN_POINT('',(15.99999999808,-20.));
#13002 = CARTESIAN_POINT('',(12.99999999808,-21.73205080756));
#13003 = CARTESIAN_POINT('',(9.99999999808,-23.46410161513));
#13004 = CARTESIAN_POINT('',(9.99999999808,-20.));
#13005 = ( GEOMETRIC_REPRESENTATION_CONTEXT(2) 
PARAMETRIC_REPRESENTATION_CONTEXT() REPRESENTATION_CONTEXT('2D SPACE',''
  ) );
#13006 = PCURVE('',#12831,#13007);
#13007 = DEFINITIONAL_REPRESENTATION('',(#13008),#13012);
#13008 = LINE('',#13009,#13010);
#13009 = CARTESIAN_POINT('',(0.,-6.));
#13010 = VECTOR('',#13011,1.);
#13011 = DIRECTION('',(1.,0.));
#13012 = ( GEOMETRIC_REPRESENTATION_CONTEXT(2) 
PARAMETRIC_REPRESENTATION_CONTEXT() REPRESENTATION_CONTEXT('2D SPACE',''
  ) );
#13013 = ORIENTED_EDGE('',*,*,#13014,.T.);
#13014 = EDGE_CURVE('',#12987,#13015,#13017,.T.);
#13015 = VERTEX_POINT('',#13016);
#13016 = CARTESIAN_POINT('',(13.999999998777,20.,-1.35));
#13017 = SURFACE_CURVE('',#13018,(#13022,#13029),.PCURVE_S1.);
#13018 = LINE('',#13019,#13020);
#13019 = CARTESIAN_POINT('',(14.,0.,-1.35));
#13020 = VECTOR('',#13021,1.);
#13021 = DIRECTION('',(0.,1.,0.));
#13022 = PCURVE('',#12524,#13023);
#13023 = DEFINITIONAL_REPRESENTATION('',(#13024),#13028);
#13024 = LINE('',#13025,#13026);
#13025 = CARTESIAN_POINT('',(14.000000000527,7.716508319974E-16));
#13026 = VECTOR('',#13027,1.);
#13027 = DIRECTION('',(0.,1.));
#13028 = ( GEOMETRIC_REPRESENTATION_CONTEXT(2) 
PARAMETRIC_REPRESENTATION_CONTEXT() REPRESENTATION_CONTEXT('2D SPACE',''
  ) );
#13029 = PCURVE('',#12859,#13030);
#13030 = DEFINITIONAL_REPRESENTATION('',(#13031),#13035);
#13031 = LINE('',#13032,#13033);
#13032 = CARTESIAN_POINT('',(20.,-6.));
#13033 = VECTOR('',#13034,1.);
#13034 = DIRECTION('',(1.,0.));
#13035 = ( GEOMETRIC_REPRESENTATION_CONTEXT(2) 
PARAMETRIC_REPRESENTATION_CONTEXT() REPRESENTATION_CONTEXT('2D SPACE',''
  ) );
#13036 = ORIENTED_EDGE('',*,*,#13037,.F.);
#13037 = EDGE_CURVE('',#13038,#13015,#13040,.T.);
#13038 = VERTEX_POINT('',#13039);
#13039 = CARTESIAN_POINT('',(11.999999997553,22.,-1.35));
#13040 = SURFACE_CURVE('',#13041,(#13046,#13057),.PCURVE_S1.);
#13041 = CIRCLE('',#13042,2.);
#13042 = AXIS2_PLACEMENT_3D('',#13043,#13044,#13045);
#13043 = CARTESIAN_POINT('',(11.999999997553,20.,-1.35));
#13044 = DIRECTION('',(0.,0.,-1.));
#13045 = DIRECTION('',(-1.,0.,0.));
#13046 = PCURVE('',#12524,#13047);
#13047 = DEFINITIONAL_REPRESENTATION('',(#13048),#13056);
#13048 = ( BOUNDED_CURVE() B_SPLINE_CURVE(2,(#13049,#13050,#13051,#13052
    ,#13053,#13054,#13055),.UNSPECIFIED.,.T.,.F.) 
B_SPLINE_CURVE_WITH_KNOTS((1,2,2,2,2,1),(-2.094395102393,0.,
    2.094395102393,4.188790204786,6.28318530718,8.377580409573),
.UNSPECIFIED.) CURVE() GEOMETRIC_REPRESENTATION_ITEM() 
RATIONAL_B_SPLINE_CURVE((1.,0.5,1.,0.5,1.,0.5,1.)) REPRESENTATION_ITEM(
  '') );
#13049 = CARTESIAN_POINT('',(9.99999999808,20.));
#13050 = CARTESIAN_POINT('',(9.99999999808,23.464101615138));
#13051 = CARTESIAN_POINT('',(12.99999999808,21.732050807569));
#13052 = CARTESIAN_POINT('',(15.99999999808,20.));
#13053 = CARTESIAN_POINT('',(12.99999999808,18.267949192431));
#13054 = CARTESIAN_POINT('',(9.99999999808,16.535898384862));
#13055 = CARTESIAN_POINT('',(9.99999999808,20.));
#13056 = ( GEOMETRIC_REPRESENTATION_CONTEXT(2) 
PARAMETRIC_REPRESENTATION_CONTEXT() REPRESENTATION_CONTEXT('2D SPACE',''
  ) );
#13057 = PCURVE('',#12892,#13058);
#13058 = DEFINITIONAL_REPRESENTATION('',(#13059),#13063);
#13059 = LINE('',#13060,#13061);
#13060 = CARTESIAN_POINT('',(0.,-6.));
#13061 = VECTOR('',#13062,1.);
#13062 = DIRECTION('',(1.,0.));
#13063 = ( GEOMETRIC_REPRESENTATION_CONTEXT(2) 
PARAMETRIC_REPRESENTATION_CONTEXT() REPRESENTATION_CONTEXT('2D SPACE',''
  ) );
#13064 = ORIENTED_EDGE('',*,*,#13065,.F.);
#13065 = EDGE_CURVE('',#13066,#13038,#13068,.T.);
#13066 = VERTEX_POINT('',#13067);
#13067 = CARTESIAN_POINT('',(-12.,22.,-1.35));
#13068 = SURFACE_CURVE('',#13069,(#13073,#13080),.PCURVE_S1.);
#13069 = LINE('',#13070,#13071);
#13070 = CARTESIAN_POINT('',(2.22044604925E-13,22.,-1.35));
#13071 = VECTOR('',#13072,1.);
#13072 = DIRECTION('',(1.,0.,0.));
#13073 = PCURVE('',#12524,#13074);
#13074 = DEFINITIONAL_REPRESENTATION('',(#13075),#13079);
#13075 = LINE('',#13076,#13077);
#13076 = CARTESIAN_POINT('',(5.265542055081E-10,22.));
#13077 = VECTOR('',#13078,1.);
#13078 = DIRECTION('',(1.,0.));
#13079 = ( GEOMETRIC_REPRESENTATION_CONTEXT(2) 
PARAMETRIC_REPRESENTATION_CONTEXT() REPRESENTATION_CONTEXT('2D SPACE',''
  ) );
#13080 = PCURVE('',#12920,#13081);
#13081 = DEFINITIONAL_REPRESENTATION('',(#13082),#13086);
#13082 = LINE('',#13083,#13084);
#13083 = CARTESIAN_POINT('',(12.,-6.));
#13084 = VECTOR('',#13085,1.);
#13085 = DIRECTION('',(1.,0.));
#13086 = ( GEOMETRIC_REPRESENTATION_CONTEXT(2) 
PARAMETRIC_REPRESENTATION_CONTEXT() REPRESENTATION_CONTEXT('2D SPACE',''
  ) );
#13087 = ORIENTED_EDGE('',*,*,#13088,.F.);
#13088 = EDGE_CURVE('',#12509,#13066,#13089,.T.);
#13089 = SURFACE_CURVE('',#13090,(#13095,#13106),.PCURVE_S1.);
#13090 = CIRCLE('',#13091,2.);
#13091 = AXIS2_PLACEMENT_3D('',#13092,#13093,#13094);
#13092 = CARTESIAN_POINT('',(-12.,20.,-1.35));
#13093 = DIRECTION('',(0.,0.,-1.));
#13094 = DIRECTION('',(-1.,0.,0.));
#13095 = PCURVE('',#12524,#13096);
#13096 = DEFINITIONAL_REPRESENTATION('',(#13097),#13105);
#13097 = ( BOUNDED_CURVE() B_SPLINE_CURVE(2,(#13098,#13099,#13100,#13101
    ,#13102,#13103,#13104),.UNSPECIFIED.,.T.,.F.) 
B_SPLINE_CURVE_WITH_KNOTS((1,2,2,2,2,1),(-2.094395102393,0.,
    2.094395102393,4.188790204786,6.28318530718,8.377580409573),
.UNSPECIFIED.) CURVE() GEOMETRIC_REPRESENTATION_ITEM() 
RATIONAL_B_SPLINE_CURVE((1.,0.5,1.,0.5,1.,0.5,1.)) REPRESENTATION_ITEM(
  '') );
#13098 = CARTESIAN_POINT('',(-13.99999999947,20.));
#13099 = CARTESIAN_POINT('',(-13.99999999947,23.464101615138));
#13100 = CARTESIAN_POINT('',(-10.99999999947,21.732050807569));
#13101 = CARTESIAN_POINT('',(-7.999999999474,20.));
#13102 = CARTESIAN_POINT('',(-10.99999999947,18.267949192431));
#13103 = CARTESIAN_POINT('',(-13.99999999947,16.535898384862));
#13104 = CARTESIAN_POINT('',(-13.99999999947,20.));
#13105 = ( GEOMETRIC_REPRESENTATION_CONTEXT(2) 
PARAMETRIC_REPRESENTATION_CONTEXT() REPRESENTATION_CONTEXT('2D SPACE',''
  ) );
#13106 = PCURVE('',#12552,#13107);
#13107 = DEFINITIONAL_REPRESENTATION('',(#13108),#13112);
#13108 = LINE('',#13109,#13110);
#13109 = CARTESIAN_POINT('',(0.,-6.));
#13110 = VECTOR('',#13111,1.);
#13111 = DIRECTION('',(1.,0.));
#13112 = ( GEOMETRIC_REPRESENTATION_CONTEXT(2) 
PARAMETRIC_REPRESENTATION_CONTEXT() REPRESENTATION_CONTEXT('2D SPACE',''
  ) );
#13113 = FACE_BOUND('',#13114,.T.);
#13114 = EDGE_LOOP('',(#13115,#13143,#13176,#13202,#13235,#13261,#13294,
    #13320));
#13115 = ORIENTED_EDGE('',*,*,#13116,.F.);
#13116 = EDGE_CURVE('',#13117,#13119,#13121,.T.);
#13117 = VERTEX_POINT('',#13118);
#13118 = CARTESIAN_POINT('',(-13.,20.,-1.35));
#13119 = VERTEX_POINT('',#13120);
#13120 = CARTESIAN_POINT('',(-13.,-20.,-1.35));
#13121 = SURFACE_CURVE('',#13122,(#13126,#13132),.PCURVE_S1.);
#13122 = LINE('',#13123,#13124);
#13123 = CARTESIAN_POINT('',(-12.99999999999,-10.,-1.35));
#13124 = VECTOR('',#13125,1.);
#13125 = DIRECTION('',(0.,-1.,0.));
#13126 = PCURVE('',#12524,#13127);
#13127 = DEFINITIONAL_REPRESENTATION('',(#13128),#13131);
#13128 = B_SPLINE_CURVE_WITH_KNOTS('',1,(#13129,#13130),.UNSPECIFIED.,
  .F.,.F.,(2,2),(-30.,10.),.PIECEWISE_BEZIER_KNOTS.);
#13129 = CARTESIAN_POINT('',(-12.99999999947,20.));
#13130 = CARTESIAN_POINT('',(-12.99999999947,-20.));
#13131 = ( GEOMETRIC_REPRESENTATION_CONTEXT(2) 
PARAMETRIC_REPRESENTATION_CONTEXT() REPRESENTATION_CONTEXT('2D SPACE',''
  ) );
#13132 = PCURVE('',#13133,#13138);
#13133 = PLANE('',#13134);
#13134 = AXIS2_PLACEMENT_3D('',#13135,#13136,#13137);
#13135 = CARTESIAN_POINT('',(-12.99999999999,-20.,-6.75));
#13136 = DIRECTION('',(-1.,0.,0.));
#13137 = DIRECTION('',(0.,1.,0.));
#13138 = DEFINITIONAL_REPRESENTATION('',(#13139),#13142);
#13139 = B_SPLINE_CURVE_WITH_KNOTS('',1,(#13140,#13141),.UNSPECIFIED.,
  .F.,.F.,(2,2),(-30.,10.),.PIECEWISE_BEZIER_KNOTS.);
#13140 = CARTESIAN_POINT('',(40.,-5.4));
#13141 = CARTESIAN_POINT('',(0.,-5.4));
#13142 = ( GEOMETRIC_REPRESENTATION_CONTEXT(2) 
PARAMETRIC_REPRESENTATION_CONTEXT() REPRESENTATION_CONTEXT('2D SPACE',''
  ) );
#13143 = ORIENTED_EDGE('',*,*,#13144,.T.);
#13144 = EDGE_CURVE('',#13117,#13145,#13147,.T.);
#13145 = VERTEX_POINT('',#13146);
#13146 = CARTESIAN_POINT('',(-12.,21.,-1.35));
#13147 = SURFACE_CURVE('',#13148,(#13153,#13164),.PCURVE_S1.);
#13148 = CIRCLE('',#13149,1.);
#13149 = AXIS2_PLACEMENT_3D('',#13150,#13151,#13152);
#13150 = CARTESIAN_POINT('',(-12.,20.,-1.35));
#13151 = DIRECTION('',(0.,0.,-1.));
#13152 = DIRECTION('',(-1.,0.,0.));
#13153 = PCURVE('',#12524,#13154);
#13154 = DEFINITIONAL_REPRESENTATION('',(#13155),#13163);
#13155 = ( BOUNDED_CURVE() B_SPLINE_CURVE(2,(#13156,#13157,#13158,#13159
    ,#13160,#13161,#13162),.UNSPECIFIED.,.T.,.F.) 
B_SPLINE_CURVE_WITH_KNOTS((1,2,2,2,2,1),(-2.094395102393,0.,
    2.094395102393,4.188790204786,6.28318530718,8.377580409573),
.UNSPECIFIED.) CURVE() GEOMETRIC_REPRESENTATION_ITEM() 
RATIONAL_B_SPLINE_CURVE((1.,0.5,1.,0.5,1.,0.5,1.)) REPRESENTATION_ITEM(
  '') );
#13156 = CARTESIAN_POINT('',(-12.99999999947,20.));
#13157 = CARTESIAN_POINT('',(-12.99999999947,21.732050807569));
#13158 = CARTESIAN_POINT('',(-11.49999999947,20.866025403784));
#13159 = CARTESIAN_POINT('',(-9.999999999474,20.));
#13160 = CARTESIAN_POINT('',(-11.49999999947,19.133974596216));
#13161 = CARTESIAN_POINT('',(-12.99999999947,18.267949192431));
#13162 = CARTESIAN_POINT('',(-12.99999999947,20.));
#13163 = ( GEOMETRIC_REPRESENTATION_CONTEXT(2) 
PARAMETRIC_REPRESENTATION_CONTEXT() REPRESENTATION_CONTEXT('2D SPACE',''
  ) );
#13164 = PCURVE('',#13165,#13170);
#13165 = CYLINDRICAL_SURFACE('',#13166,1.);
#13166 = AXIS2_PLACEMENT_3D('',#13167,#13168,#13169);
#13167 = CARTESIAN_POINT('',(-12.,20.,-6.75));
#13168 = DIRECTION('',(0.,0.,-1.));
#13169 = DIRECTION('',(-1.,0.,0.));
#13170 = DEFINITIONAL_REPRESENTATION('',(#13171),#13175);
#13171 = LINE('',#13172,#13173);
#13172 = CARTESIAN_POINT('',(0.,-5.4));
#13173 = VECTOR('',#13174,1.);
#13174 = DIRECTION('',(1.,0.));
#13175 = ( GEOMETRIC_REPRESENTATION_CONTEXT(2) 
PARAMETRIC_REPRESENTATION_CONTEXT() REPRESENTATION_CONTEXT('2D SPACE',''
  ) );
#13176 = ORIENTED_EDGE('',*,*,#13177,.F.);
#13177 = EDGE_CURVE('',#13178,#13145,#13180,.T.);
#13178 = VERTEX_POINT('',#13179);
#13179 = CARTESIAN_POINT('',(11.999999995999,21.,-1.35));
#13180 = SURFACE_CURVE('',#13181,(#13185,#13191),.PCURVE_S1.);
#13181 = LINE('',#13182,#13183);
#13182 = CARTESIAN_POINT('',(-6.000000000264,21.,-1.35));
#13183 = VECTOR('',#13184,1.);
#13184 = DIRECTION('',(-1.,0.,0.));
#13185 = PCURVE('',#12524,#13186);
#13186 = DEFINITIONAL_REPRESENTATION('',(#13187),#13190);
#13187 = B_SPLINE_CURVE_WITH_KNOTS('',1,(#13188,#13189),.UNSPECIFIED.,
  .F.,.F.,(2,2),(-17.99999999626,5.999999999737),
  .PIECEWISE_BEZIER_KNOTS.);
#13188 = CARTESIAN_POINT('',(11.999999996525,21.));
#13189 = CARTESIAN_POINT('',(-11.99999999947,21.));
#13190 = ( GEOMETRIC_REPRESENTATION_CONTEXT(2) 
PARAMETRIC_REPRESENTATION_CONTEXT() REPRESENTATION_CONTEXT('2D SPACE',''
  ) );
#13191 = PCURVE('',#13192,#13197);
#13192 = PLANE('',#13193);
#13193 = AXIS2_PLACEMENT_3D('',#13194,#13195,#13196);
#13194 = CARTESIAN_POINT('',(-12.,21.,-6.75));
#13195 = DIRECTION('',(0.,1.,0.));
#13196 = DIRECTION('',(1.,0.,0.));
#13197 = DEFINITIONAL_REPRESENTATION('',(#13198),#13201);
#13198 = B_SPLINE_CURVE_WITH_KNOTS('',1,(#13199,#13200),.UNSPECIFIED.,
  .F.,.F.,(2,2),(-17.99999999626,5.999999999737),
  .PIECEWISE_BEZIER_KNOTS.);
#13199 = CARTESIAN_POINT('',(23.999999996,-5.4));
#13200 = CARTESIAN_POINT('',(0.,-5.4));
#13201 = ( GEOMETRIC_REPRESENTATION_CONTEXT(2) 
PARAMETRIC_REPRESENTATION_CONTEXT() REPRESENTATION_CONTEXT('2D SPACE',''
  ) );
#13202 = ORIENTED_EDGE('',*,*,#13203,.T.);
#13203 = EDGE_CURVE('',#13178,#13204,#13206,.T.);
#13204 = VERTEX_POINT('',#13205);
#13205 = CARTESIAN_POINT('',(12.999999998,20.,-1.35));
#13206 = SURFACE_CURVE('',#13207,(#13212,#13223),.PCURVE_S1.);
#13207 = CIRCLE('',#13208,1.);
#13208 = AXIS2_PLACEMENT_3D('',#13209,#13210,#13211);
#13209 = CARTESIAN_POINT('',(11.999999995999,20.,-1.35));
#13210 = DIRECTION('',(0.,0.,-1.));
#13211 = DIRECTION('',(-1.,0.,0.));
#13212 = PCURVE('',#12524,#13213);
#13213 = DEFINITIONAL_REPRESENTATION('',(#13214),#13222);
#13214 = ( BOUNDED_CURVE() B_SPLINE_CURVE(2,(#13215,#13216,#13217,#13218
    ,#13219,#13220,#13221),.UNSPECIFIED.,.T.,.F.) 
B_SPLINE_CURVE_WITH_KNOTS((1,2,2,2,2,1),(-2.094395102393,0.,
    2.094395102393,4.188790204786,6.28318530718,8.377580409573),
.UNSPECIFIED.) CURVE() GEOMETRIC_REPRESENTATION_ITEM() 
RATIONAL_B_SPLINE_CURVE((1.,0.5,1.,0.5,1.,0.5,1.)) REPRESENTATION_ITEM(
  '') );
#13215 = CARTESIAN_POINT('',(10.999999996525,20.));
#13216 = CARTESIAN_POINT('',(10.999999996525,21.732050807569));
#13217 = CARTESIAN_POINT('',(12.499999996525,20.866025403784));
#13218 = CARTESIAN_POINT('',(13.999999996525,20.));
#13219 = CARTESIAN_POINT('',(12.499999996525,19.133974596216));
#13220 = CARTESIAN_POINT('',(10.999999996525,18.267949192431));
#13221 = CARTESIAN_POINT('',(10.999999996525,20.));
#13222 = ( GEOMETRIC_REPRESENTATION_CONTEXT(2) 
PARAMETRIC_REPRESENTATION_CONTEXT() REPRESENTATION_CONTEXT('2D SPACE',''
  ) );
#13223 = PCURVE('',#13224,#13229);
#13224 = CYLINDRICAL_SURFACE('',#13225,1.);
#13225 = AXIS2_PLACEMENT_3D('',#13226,#13227,#13228);
#13226 = CARTESIAN_POINT('',(11.999999995999,20.,-6.75));
#13227 = DIRECTION('',(0.,0.,-1.));
#13228 = DIRECTION('',(-1.,0.,0.));
#13229 = DEFINITIONAL_REPRESENTATION('',(#13230),#13234);
#13230 = LINE('',#13231,#13232);
#13231 = CARTESIAN_POINT('',(0.,-5.4));
#13232 = VECTOR('',#13233,1.);
#13233 = DIRECTION('',(1.,0.));
#13234 = ( GEOMETRIC_REPRESENTATION_CONTEXT(2) 
PARAMETRIC_REPRESENTATION_CONTEXT() REPRESENTATION_CONTEXT('2D SPACE',''
  ) );
#13235 = ORIENTED_EDGE('',*,*,#13236,.T.);
#13236 = EDGE_CURVE('',#13204,#13237,#13239,.T.);
#13237 = VERTEX_POINT('',#13238);
#13238 = CARTESIAN_POINT('',(12.999999998,-20.,-1.35));
#13239 = SURFACE_CURVE('',#13240,(#13244,#13250),.PCURVE_S1.);
#13240 = LINE('',#13241,#13242);
#13241 = CARTESIAN_POINT('',(13.000000000001,-10.,-1.35));
#13242 = VECTOR('',#13243,1.);
#13243 = DIRECTION('',(0.,-1.,0.));
#13244 = PCURVE('',#12524,#13245);
#13245 = DEFINITIONAL_REPRESENTATION('',(#13246),#13249);
#13246 = B_SPLINE_CURVE_WITH_KNOTS('',1,(#13247,#13248),.UNSPECIFIED.,
  .F.,.F.,(2,2),(-30.,10.),.PIECEWISE_BEZIER_KNOTS.);
#13247 = CARTESIAN_POINT('',(13.000000000527,20.));
#13248 = CARTESIAN_POINT('',(13.000000000527,-20.));
#13249 = ( GEOMETRIC_REPRESENTATION_CONTEXT(2) 
PARAMETRIC_REPRESENTATION_CONTEXT() REPRESENTATION_CONTEXT('2D SPACE',''
  ) );
#13250 = PCURVE('',#13251,#13256);
#13251 = PLANE('',#13252);
#13252 = AXIS2_PLACEMENT_3D('',#13253,#13254,#13255);
#13253 = CARTESIAN_POINT('',(13.000000000001,-20.,-6.75));
#13254 = DIRECTION('',(-1.,0.,0.));
#13255 = DIRECTION('',(0.,1.,0.));
#13256 = DEFINITIONAL_REPRESENTATION('',(#13257),#13260);
#13257 = B_SPLINE_CURVE_WITH_KNOTS('',1,(#13258,#13259),.UNSPECIFIED.,
  .F.,.F.,(2,2),(-30.,10.),.PIECEWISE_BEZIER_KNOTS.);
#13258 = CARTESIAN_POINT('',(40.,-5.4));
#13259 = CARTESIAN_POINT('',(0.,-5.4));
#13260 = ( GEOMETRIC_REPRESENTATION_CONTEXT(2) 
PARAMETRIC_REPRESENTATION_CONTEXT() REPRESENTATION_CONTEXT('2D SPACE',''
  ) );
#13261 = ORIENTED_EDGE('',*,*,#13262,.T.);
#13262 = EDGE_CURVE('',#13237,#13263,#13265,.T.);
#13263 = VERTEX_POINT('',#13264);
#13264 = CARTESIAN_POINT('',(11.999999995999,-21.,-1.35));
#13265 = SURFACE_CURVE('',#13266,(#13271,#13282),.PCURVE_S1.);
#13266 = CIRCLE('',#13267,1.);
#13267 = AXIS2_PLACEMENT_3D('',#13268,#13269,#13270);
#13268 = CARTESIAN_POINT('',(11.999999995999,-20.,-1.35));
#13269 = DIRECTION('',(0.,0.,-1.));
#13270 = DIRECTION('',(-1.,0.,0.));
#13271 = PCURVE('',#12524,#13272);
#13272 = DEFINITIONAL_REPRESENTATION('',(#13273),#13281);
#13273 = ( BOUNDED_CURVE() B_SPLINE_CURVE(2,(#13274,#13275,#13276,#13277
    ,#13278,#13279,#13280),.UNSPECIFIED.,.T.,.F.) 
B_SPLINE_CURVE_WITH_KNOTS((1,2,2,2,2,1),(-2.094395102393,0.,
    2.094395102393,4.188790204786,6.28318530718,8.377580409573),
.UNSPECIFIED.) CURVE() GEOMETRIC_REPRESENTATION_ITEM() 
RATIONAL_B_SPLINE_CURVE((1.,0.5,1.,0.5,1.,0.5,1.)) REPRESENTATION_ITEM(
  '') );
#13274 = CARTESIAN_POINT('',(10.999999996525,-20.));
#13275 = CARTESIAN_POINT('',(10.999999996525,-18.26794919243));
#13276 = CARTESIAN_POINT('',(12.499999996525,-19.13397459621));
#13277 = CARTESIAN_POINT('',(13.999999996525,-20.));
#13278 = CARTESIAN_POINT('',(12.499999996525,-20.86602540378));
#13279 = CARTESIAN_POINT('',(10.999999996525,-21.73205080756));
#13280 = CARTESIAN_POINT('',(10.999999996525,-20.));
#13281 = ( GEOMETRIC_REPRESENTATION_CONTEXT(2) 
PARAMETRIC_REPRESENTATION_CONTEXT() REPRESENTATION_CONTEXT('2D SPACE',''
  ) );
#13282 = PCURVE('',#13283,#13288);
#13283 = CYLINDRICAL_SURFACE('',#13284,1.);
#13284 = AXIS2_PLACEMENT_3D('',#13285,#13286,#13287);
#13285 = CARTESIAN_POINT('',(11.999999995999,-20.,-6.75));
#13286 = DIRECTION('',(0.,0.,-1.));
#13287 = DIRECTION('',(-1.,0.,0.));
#13288 = DEFINITIONAL_REPRESENTATION('',(#13289),#13293);
#13289 = LINE('',#13290,#13291);
#13290 = CARTESIAN_POINT('',(0.,-5.4));
#13291 = VECTOR('',#13292,1.);
#13292 = DIRECTION('',(1.,0.));
#13293 = ( GEOMETRIC_REPRESENTATION_CONTEXT(2) 
PARAMETRIC_REPRESENTATION_CONTEXT() REPRESENTATION_CONTEXT('2D SPACE',''
  ) );
#13294 = ORIENTED_EDGE('',*,*,#13295,.T.);
#13295 = EDGE_CURVE('',#13263,#13296,#13298,.T.);
#13296 = VERTEX_POINT('',#13297);
#13297 = CARTESIAN_POINT('',(-12.,-21.,-1.35));
#13298 = SURFACE_CURVE('',#13299,(#13303,#13309),.PCURVE_S1.);
#13299 = LINE('',#13300,#13301);
#13300 = CARTESIAN_POINT('',(-6.000000000264,-21.,-1.35));
#13301 = VECTOR('',#13302,1.);
#13302 = DIRECTION('',(-1.,0.,0.));
#13303 = PCURVE('',#12524,#13304);
#13304 = DEFINITIONAL_REPRESENTATION('',(#13305),#13308);
#13305 = B_SPLINE_CURVE_WITH_KNOTS('',1,(#13306,#13307),.UNSPECIFIED.,
  .F.,.F.,(2,2),(-17.99999999626,5.999999999737),
  .PIECEWISE_BEZIER_KNOTS.);
#13306 = CARTESIAN_POINT('',(11.999999996525,-21.));
#13307 = CARTESIAN_POINT('',(-11.99999999947,-21.));
#13308 = ( GEOMETRIC_REPRESENTATION_CONTEXT(2) 
PARAMETRIC_REPRESENTATION_CONTEXT() REPRESENTATION_CONTEXT('2D SPACE',''
  ) );
#13309 = PCURVE('',#13310,#13315);
#13310 = PLANE('',#13311);
#13311 = AXIS2_PLACEMENT_3D('',#13312,#13313,#13314);
#13312 = CARTESIAN_POINT('',(-12.,-21.,-6.75));
#13313 = DIRECTION('',(0.,1.,0.));
#13314 = DIRECTION('',(1.,0.,0.));
#13315 = DEFINITIONAL_REPRESENTATION('',(#13316),#13319);
#13316 = B_SPLINE_CURVE_WITH_KNOTS('',1,(#13317,#13318),.UNSPECIFIED.,
  .F.,.F.,(2,2),(-17.99999999626,5.999999999737),
  .PIECEWISE_BEZIER_KNOTS.);
#13317 = CARTESIAN_POINT('',(23.999999996,-5.4));
#13318 = CARTESIAN_POINT('',(0.,-5.4));
#13319 = ( GEOMETRIC_REPRESENTATION_CONTEXT(2) 
PARAMETRIC_REPRESENTATION_CONTEXT() REPRESENTATION_CONTEXT('2D SPACE',''
  ) );
#13320 = ORIENTED_EDGE('',*,*,#13321,.T.);
#13321 = EDGE_CURVE('',#13296,#13119,#13322,.T.);
#13322 = SURFACE_CURVE('',#13323,(#13328,#13339),.PCURVE_S1.);
#13323 = CIRCLE('',#13324,1.);
#13324 = AXIS2_PLACEMENT_3D('',#13325,#13326,#13327);
#13325 = CARTESIAN_POINT('',(-12.,-20.,-1.35));
#13326 = DIRECTION('',(0.,0.,-1.));
#13327 = DIRECTION('',(-1.,0.,0.));
#13328 = PCURVE('',#12524,#13329);
#13329 = DEFINITIONAL_REPRESENTATION('',(#13330),#13338);
#13330 = ( BOUNDED_CURVE() B_SPLINE_CURVE(2,(#13331,#13332,#13333,#13334
    ,#13335,#13336,#13337),.UNSPECIFIED.,.T.,.F.) 
B_SPLINE_CURVE_WITH_KNOTS((1,2,2,2,2,1),(-2.094395102393,0.,
    2.094395102393,4.188790204786,6.28318530718,8.377580409573),
.UNSPECIFIED.) CURVE() GEOMETRIC_REPRESENTATION_ITEM() 
RATIONAL_B_SPLINE_CURVE((1.,0.5,1.,0.5,1.,0.5,1.)) REPRESENTATION_ITEM(
  '') );
#13331 = CARTESIAN_POINT('',(-12.99999999947,-20.));
#13332 = CARTESIAN_POINT('',(-12.99999999947,-18.26794919243));
#13333 = CARTESIAN_POINT('',(-11.49999999947,-19.13397459621));
#13334 = CARTESIAN_POINT('',(-9.999999999474,-20.));
#13335 = CARTESIAN_POINT('',(-11.49999999947,-20.86602540378));
#13336 = CARTESIAN_POINT('',(-12.99999999947,-21.73205080756));
#13337 = CARTESIAN_POINT('',(-12.99999999947,-20.));
#13338 = ( GEOMETRIC_REPRESENTATION_CONTEXT(2) 
PARAMETRIC_REPRESENTATION_CONTEXT() REPRESENTATION_CONTEXT('2D SPACE',''
  ) );
#13339 = PCURVE('',#13340,#13345);
#13340 = CYLINDRICAL_SURFACE('',#13341,1.);
#13341 = AXIS2_PLACEMENT_3D('',#13342,#13343,#13344);
#13342 = CARTESIAN_POINT('',(-12.,-20.,-6.75));
#13343 = DIRECTION('',(0.,0.,-1.));
#13344 = DIRECTION('',(-1.,0.,0.));
#13345 = DEFINITIONAL_REPRESENTATION('',(#13346),#13350);
#13346 = LINE('',#13347,#13348);
#13347 = CARTESIAN_POINT('',(0.,-5.4));
#13348 = VECTOR('',#13349,1.);
#13349 = DIRECTION('',(1.,0.));
#13350 = ( GEOMETRIC_REPRESENTATION_CONTEXT(2) 
PARAMETRIC_REPRESENTATION_CONTEXT() REPRESENTATION_CONTEXT('2D SPACE',''
  ) );
#13351 = ADVANCED_FACE('',(#13352),#12552,.T.);
#13352 = FACE_BOUND('',#13353,.T.);
#13353 = EDGE_LOOP('',(#13354,#13355,#13356,#13377));
#13354 = ORIENTED_EDGE('',*,*,#12536,.T.);
#13355 = ORIENTED_EDGE('',*,*,#13088,.T.);
#13356 = ORIENTED_EDGE('',*,*,#13357,.F.);
#13357 = EDGE_CURVE('',#12905,#13066,#13358,.T.);
#13358 = SURFACE_CURVE('',#13359,(#13363,#13370),.PCURVE_S1.);
#13359 = LINE('',#13360,#13361);
#13360 = CARTESIAN_POINT('',(-12.,22.,-7.35));
#13361 = VECTOR('',#13362,1.);
#13362 = DIRECTION('',(0.,0.,1.));
#13363 = PCURVE('',#12552,#13364);
#13364 = DEFINITIONAL_REPRESENTATION('',(#13365),#13369);
#13365 = LINE('',#13366,#13367);
#13366 = CARTESIAN_POINT('',(1.570796326795,0.));
#13367 = VECTOR('',#13368,1.);
#13368 = DIRECTION('',(0.,-1.));
#13369 = ( GEOMETRIC_REPRESENTATION_CONTEXT(2) 
PARAMETRIC_REPRESENTATION_CONTEXT() REPRESENTATION_CONTEXT('2D SPACE',''
  ) );
#13370 = PCURVE('',#12920,#13371);
#13371 = DEFINITIONAL_REPRESENTATION('',(#13372),#13376);
#13372 = LINE('',#13373,#13374);
#13373 = CARTESIAN_POINT('',(0.,0.));
#13374 = VECTOR('',#13375,1.);
#13375 = DIRECTION('',(0.,-1.));
#13376 = ( GEOMETRIC_REPRESENTATION_CONTEXT(2) 
PARAMETRIC_REPRESENTATION_CONTEXT() REPRESENTATION_CONTEXT('2D SPACE',''
  ) );
#13377 = ORIENTED_EDGE('',*,*,#12932,.F.);
#13378 = ADVANCED_FACE('',(#13379),#12609,.F.);
#13379 = FACE_BOUND('',#13380,.F.);
#13380 = EDGE_LOOP('',(#13381,#13404,#13405,#13428));
#13381 = ORIENTED_EDGE('',*,*,#13382,.F.);
#13382 = EDGE_CURVE('',#12595,#13383,#13385,.T.);
#13383 = VERTEX_POINT('',#13384);
#13384 = CARTESIAN_POINT('',(-12.99999999999,4.5,-5.1));
#13385 = SURFACE_CURVE('',#13386,(#13390,#13397),.PCURVE_S1.);
#13386 = LINE('',#13387,#13388);
#13387 = CARTESIAN_POINT('',(-15.5,4.5,-5.1));
#13388 = VECTOR('',#13389,1.);
#13389 = DIRECTION('',(1.,0.,-0.));
#13390 = PCURVE('',#12609,#13391);
#13391 = DEFINITIONAL_REPRESENTATION('',(#13392),#13396);
#13392 = LINE('',#13393,#13394);
#13393 = CARTESIAN_POINT('',(0.,9.));
#13394 = VECTOR('',#13395,1.);
#13395 = DIRECTION('',(1.,0.));
#13396 = ( GEOMETRIC_REPRESENTATION_CONTEXT(2) 
PARAMETRIC_REPRESENTATION_CONTEXT() REPRESENTATION_CONTEXT('2D SPACE',''
  ) );
#13397 = PCURVE('',#12685,#13398);
#13398 = DEFINITIONAL_REPRESENTATION('',(#13399),#13403);
#13399 = LINE('',#13400,#13401);
#13400 = CARTESIAN_POINT('',(1.4,0.));
#13401 = VECTOR('',#13402,1.);
#13402 = DIRECTION('',(0.,1.));
#13403 = ( GEOMETRIC_REPRESENTATION_CONTEXT(2) 
PARAMETRIC_REPRESENTATION_CONTEXT() REPRESENTATION_CONTEXT('2D SPACE',''
  ) );
#13404 = ORIENTED_EDGE('',*,*,#12592,.F.);
#13405 = ORIENTED_EDGE('',*,*,#13406,.T.);
#13406 = EDGE_CURVE('',#12593,#13407,#13409,.T.);
#13407 = VERTEX_POINT('',#13408);
#13408 = CARTESIAN_POINT('',(-12.99999999999,-4.5,-5.1));
#13409 = SURFACE_CURVE('',#13410,(#13414,#13421),.PCURVE_S1.);
#13410 = LINE('',#13411,#13412);
#13411 = CARTESIAN_POINT('',(-15.5,-4.5,-5.1));
#13412 = VECTOR('',#13413,1.);
#13413 = DIRECTION('',(1.,0.,-0.));
#13414 = PCURVE('',#12609,#13415);
#13415 = DEFINITIONAL_REPRESENTATION('',(#13416),#13420);
#13416 = LINE('',#13417,#13418);
#13417 = CARTESIAN_POINT('',(0.,0.));
#13418 = VECTOR('',#13419,1.);
#13419 = DIRECTION('',(1.,0.));
#13420 = ( GEOMETRIC_REPRESENTATION_CONTEXT(2) 
PARAMETRIC_REPRESENTATION_CONTEXT() REPRESENTATION_CONTEXT('2D SPACE',''
  ) );
#13421 = PCURVE('',#12635,#13422);
#13422 = DEFINITIONAL_REPRESENTATION('',(#13423),#13427);
#13423 = LINE('',#13424,#13425);
#13424 = CARTESIAN_POINT('',(1.4,0.));
#13425 = VECTOR('',#13426,1.);
#13426 = DIRECTION('',(0.,1.));
#13427 = ( GEOMETRIC_REPRESENTATION_CONTEXT(2) 
PARAMETRIC_REPRESENTATION_CONTEXT() REPRESENTATION_CONTEXT('2D SPACE',''
  ) );
#13428 = ORIENTED_EDGE('',*,*,#13429,.T.);
#13429 = EDGE_CURVE('',#13407,#13383,#13430,.T.);
#13430 = SURFACE_CURVE('',#13431,(#13435,#13441),.PCURVE_S1.);
#13431 = LINE('',#13432,#13433);
#13432 = CARTESIAN_POINT('',(-12.99999999999,-12.25,-5.1));
#13433 = VECTOR('',#13434,1.);
#13434 = DIRECTION('',(0.,1.,-0.));
#13435 = PCURVE('',#12609,#13436);
#13436 = DEFINITIONAL_REPRESENTATION('',(#13437),#13440);
#13437 = B_SPLINE_CURVE_WITH_KNOTS('',1,(#13438,#13439),.UNSPECIFIED.,
  .F.,.F.,(2,2),(7.75,16.75),.PIECEWISE_BEZIER_KNOTS.);
#13438 = CARTESIAN_POINT('',(2.500000000001,0.));
#13439 = CARTESIAN_POINT('',(2.500000000001,9.));
#13440 = ( GEOMETRIC_REPRESENTATION_CONTEXT(2) 
PARAMETRIC_REPRESENTATION_CONTEXT() REPRESENTATION_CONTEXT('2D SPACE',''
  ) );
#13441 = PCURVE('',#13133,#13442);
#13442 = DEFINITIONAL_REPRESENTATION('',(#13443),#13446);
#13443 = B_SPLINE_CURVE_WITH_KNOTS('',1,(#13444,#13445),.UNSPECIFIED.,
  .F.,.F.,(2,2),(7.75,16.75),.PIECEWISE_BEZIER_KNOTS.);
#13444 = CARTESIAN_POINT('',(15.5,-1.65));
#13445 = CARTESIAN_POINT('',(24.5,-1.65));
#13446 = ( GEOMETRIC_REPRESENTATION_CONTEXT(2) 
PARAMETRIC_REPRESENTATION_CONTEXT() REPRESENTATION_CONTEXT('2D SPACE',''
  ) );
#13447 = ADVANCED_FACE('',(#13448),#12685,.F.);
#13448 = FACE_BOUND('',#13449,.F.);
#13449 = EDGE_LOOP('',(#13450,#13473,#13474,#13475));
#13450 = ORIENTED_EDGE('',*,*,#13451,.F.);
#13451 = EDGE_CURVE('',#12647,#13452,#13454,.T.);
#13452 = VERTEX_POINT('',#13453);
#13453 = CARTESIAN_POINT('',(-12.99999999999,4.5,-6.5));
#13454 = SURFACE_CURVE('',#13455,(#13459,#13466),.PCURVE_S1.);
#13455 = LINE('',#13456,#13457);
#13456 = CARTESIAN_POINT('',(-15.5,4.5,-6.5));
#13457 = VECTOR('',#13458,1.);
#13458 = DIRECTION('',(1.,0.,-0.));
#13459 = PCURVE('',#12685,#13460);
#13460 = DEFINITIONAL_REPRESENTATION('',(#13461),#13465);
#13461 = LINE('',#13462,#13463);
#13462 = CARTESIAN_POINT('',(0.,0.));
#13463 = VECTOR('',#13464,1.);
#13464 = DIRECTION('',(0.,1.));
#13465 = ( GEOMETRIC_REPRESENTATION_CONTEXT(2) 
PARAMETRIC_REPRESENTATION_CONTEXT() REPRESENTATION_CONTEXT('2D SPACE',''
  ) );
#13466 = PCURVE('',#12661,#13467);
#13467 = DEFINITIONAL_REPRESENTATION('',(#13468),#13472);
#13468 = LINE('',#13469,#13470);
#13469 = CARTESIAN_POINT('',(0.,9.));
#13470 = VECTOR('',#13471,1.);
#13471 = DIRECTION('',(1.,0.));
#13472 = ( GEOMETRIC_REPRESENTATION_CONTEXT(2) 
PARAMETRIC_REPRESENTATION_CONTEXT() REPRESENTATION_CONTEXT('2D SPACE',''
  ) );
#13473 = ORIENTED_EDGE('',*,*,#12672,.F.);
#13474 = ORIENTED_EDGE('',*,*,#13382,.T.);
#13475 = ORIENTED_EDGE('',*,*,#13476,.T.);
#13476 = EDGE_CURVE('',#13383,#13452,#13477,.T.);
#13477 = SURFACE_CURVE('',#13478,(#13482,#13488),.PCURVE_S1.);
#13478 = LINE('',#13479,#13480);
#13479 = CARTESIAN_POINT('',(-12.99999999999,4.5,-6.625));
#13480 = VECTOR('',#13481,1.);
#13481 = DIRECTION('',(0.,0.,-1.));
#13482 = PCURVE('',#12685,#13483);
#13483 = DEFINITIONAL_REPRESENTATION('',(#13484),#13487);
#13484 = B_SPLINE_CURVE_WITH_KNOTS('',1,(#13485,#13486),.UNSPECIFIED.,
  .F.,.F.,(2,2),(-1.525,-0.125),.PIECEWISE_BEZIER_KNOTS.);
#13485 = CARTESIAN_POINT('',(1.4,2.500000000001));
#13486 = CARTESIAN_POINT('',(0.,2.500000000001));
#13487 = ( GEOMETRIC_REPRESENTATION_CONTEXT(2) 
PARAMETRIC_REPRESENTATION_CONTEXT() REPRESENTATION_CONTEXT('2D SPACE',''
  ) );
#13488 = PCURVE('',#13133,#13489);
#13489 = DEFINITIONAL_REPRESENTATION('',(#13490),#13493);
#13490 = B_SPLINE_CURVE_WITH_KNOTS('',1,(#13491,#13492),.UNSPECIFIED.,
  .F.,.F.,(2,2),(-1.525,-0.125),.PIECEWISE_BEZIER_KNOTS.);
#13491 = CARTESIAN_POINT('',(24.5,-1.65));
#13492 = CARTESIAN_POINT('',(24.5,-0.25));
#13493 = ( GEOMETRIC_REPRESENTATION_CONTEXT(2) 
PARAMETRIC_REPRESENTATION_CONTEXT() REPRESENTATION_CONTEXT('2D SPACE',''
  ) );
#13494 = ADVANCED_FACE('',(#13495),#12661,.T.);
#13495 = FACE_BOUND('',#13496,.T.);
#13496 = EDGE_LOOP('',(#13497,#13498,#13499,#13522));
#13497 = ORIENTED_EDGE('',*,*,#13451,.F.);
#13498 = ORIENTED_EDGE('',*,*,#12646,.F.);
#13499 = ORIENTED_EDGE('',*,*,#13500,.T.);
#13500 = EDGE_CURVE('',#12621,#13501,#13503,.T.);
#13501 = VERTEX_POINT('',#13502);
#13502 = CARTESIAN_POINT('',(-12.99999999999,-4.5,-6.5));
#13503 = SURFACE_CURVE('',#13504,(#13508,#13515),.PCURVE_S1.);
#13504 = LINE('',#13505,#13506);
#13505 = CARTESIAN_POINT('',(-15.5,-4.5,-6.5));
#13506 = VECTOR('',#13507,1.);
#13507 = DIRECTION('',(1.,0.,-0.));
#13508 = PCURVE('',#12661,#13509);
#13509 = DEFINITIONAL_REPRESENTATION('',(#13510),#13514);
#13510 = LINE('',#13511,#13512);
#13511 = CARTESIAN_POINT('',(0.,0.));
#13512 = VECTOR('',#13513,1.);
#13513 = DIRECTION('',(1.,0.));
#13514 = ( GEOMETRIC_REPRESENTATION_CONTEXT(2) 
PARAMETRIC_REPRESENTATION_CONTEXT() REPRESENTATION_CONTEXT('2D SPACE',''
  ) );
#13515 = PCURVE('',#12635,#13516);
#13516 = DEFINITIONAL_REPRESENTATION('',(#13517),#13521);
#13517 = LINE('',#13518,#13519);
#13518 = CARTESIAN_POINT('',(0.,0.));
#13519 = VECTOR('',#13520,1.);
#13520 = DIRECTION('',(0.,1.));
#13521 = ( GEOMETRIC_REPRESENTATION_CONTEXT(2) 
PARAMETRIC_REPRESENTATION_CONTEXT() REPRESENTATION_CONTEXT('2D SPACE',''
  ) );
#13522 = ORIENTED_EDGE('',*,*,#13523,.T.);
#13523 = EDGE_CURVE('',#13501,#13452,#13524,.T.);
#13524 = SURFACE_CURVE('',#13525,(#13529,#13535),.PCURVE_S1.);
#13525 = LINE('',#13526,#13527);
#13526 = CARTESIAN_POINT('',(-12.99999999999,-12.25,-6.5));
#13527 = VECTOR('',#13528,1.);
#13528 = DIRECTION('',(0.,1.,-0.));
#13529 = PCURVE('',#12661,#13530);
#13530 = DEFINITIONAL_REPRESENTATION('',(#13531),#13534);
#13531 = B_SPLINE_CURVE_WITH_KNOTS('',1,(#13532,#13533),.UNSPECIFIED.,
  .F.,.F.,(2,2),(7.75,16.75),.PIECEWISE_BEZIER_KNOTS.);
#13532 = CARTESIAN_POINT('',(2.500000000001,0.));
#13533 = CARTESIAN_POINT('',(2.500000000001,9.));
#13534 = ( GEOMETRIC_REPRESENTATION_CONTEXT(2) 
PARAMETRIC_REPRESENTATION_CONTEXT() REPRESENTATION_CONTEXT('2D SPACE',''
  ) );
#13535 = PCURVE('',#13133,#13536);
#13536 = DEFINITIONAL_REPRESENTATION('',(#13537),#13540);
#13537 = B_SPLINE_CURVE_WITH_KNOTS('',1,(#13538,#13539),.UNSPECIFIED.,
  .F.,.F.,(2,2),(7.75,16.75),.PIECEWISE_BEZIER_KNOTS.);
#13538 = CARTESIAN_POINT('',(15.5,-0.25));
#13539 = CARTESIAN_POINT('',(24.5,-0.25));
#13540 = ( GEOMETRIC_REPRESENTATION_CONTEXT(2) 
PARAMETRIC_REPRESENTATION_CONTEXT() REPRESENTATION_CONTEXT('2D SPACE',''
  ) );
#13541 = ADVANCED_FACE('',(#13542),#12635,.T.);
#13542 = FACE_BOUND('',#13543,.T.);
#13543 = EDGE_LOOP('',(#13544,#13545,#13546,#13547));
#13544 = ORIENTED_EDGE('',*,*,#13500,.F.);
#13545 = ORIENTED_EDGE('',*,*,#12620,.F.);
#13546 = ORIENTED_EDGE('',*,*,#13406,.T.);
#13547 = ORIENTED_EDGE('',*,*,#13548,.T.);
#13548 = EDGE_CURVE('',#13407,#13501,#13549,.T.);
#13549 = SURFACE_CURVE('',#13550,(#13554,#13560),.PCURVE_S1.);
#13550 = LINE('',#13551,#13552);
#13551 = CARTESIAN_POINT('',(-12.99999999999,-4.5,-6.625));
#13552 = VECTOR('',#13553,1.);
#13553 = DIRECTION('',(0.,0.,-1.));
#13554 = PCURVE('',#12635,#13555);
#13555 = DEFINITIONAL_REPRESENTATION('',(#13556),#13559);
#13556 = B_SPLINE_CURVE_WITH_KNOTS('',1,(#13557,#13558),.UNSPECIFIED.,
  .F.,.F.,(2,2),(-1.525,-0.125),.PIECEWISE_BEZIER_KNOTS.);
#13557 = CARTESIAN_POINT('',(1.4,2.500000000001));
#13558 = CARTESIAN_POINT('',(0.,2.500000000001));
#13559 = ( GEOMETRIC_REPRESENTATION_CONTEXT(2) 
PARAMETRIC_REPRESENTATION_CONTEXT() REPRESENTATION_CONTEXT('2D SPACE',''
  ) );
#13560 = PCURVE('',#13133,#13561);
#13561 = DEFINITIONAL_REPRESENTATION('',(#13562),#13565);
#13562 = B_SPLINE_CURVE_WITH_KNOTS('',1,(#13563,#13564),.UNSPECIFIED.,
  .F.,.F.,(2,2),(-1.525,-0.125),.PIECEWISE_BEZIER_KNOTS.);
#13563 = CARTESIAN_POINT('',(15.5,-1.65));
#13564 = CARTESIAN_POINT('',(15.5,-0.25));
#13565 = ( GEOMETRIC_REPRESENTATION_CONTEXT(2) 
PARAMETRIC_REPRESENTATION_CONTEXT() REPRESENTATION_CONTEXT('2D SPACE',''
  ) );
#13566 = ADVANCED_FACE('',(#13567),#12717,.F.);
#13567 = FACE_BOUND('',#13568,.F.);
#13568 = EDGE_LOOP('',(#13569,#13570,#13571,#13592));
#13569 = ORIENTED_EDGE('',*,*,#12699,.T.);
#13570 = ORIENTED_EDGE('',*,*,#12963,.T.);
#13571 = ORIENTED_EDGE('',*,*,#13572,.F.);
#13572 = EDGE_CURVE('',#12788,#12964,#13573,.T.);
#13573 = SURFACE_CURVE('',#13574,(#13578,#13585),.PCURVE_S1.);
#13574 = LINE('',#13575,#13576);
#13575 = CARTESIAN_POINT('',(11.999999997553,-22.,-7.35));
#13576 = VECTOR('',#13577,1.);
#13577 = DIRECTION('',(0.,0.,1.));
#13578 = PCURVE('',#12717,#13579);
#13579 = DEFINITIONAL_REPRESENTATION('',(#13580),#13584);
#13580 = LINE('',#13581,#13582);
#13581 = CARTESIAN_POINT('',(23.999999997553,0.));
#13582 = VECTOR('',#13583,1.);
#13583 = DIRECTION('',(0.,-1.));
#13584 = ( GEOMETRIC_REPRESENTATION_CONTEXT(2) 
PARAMETRIC_REPRESENTATION_CONTEXT() REPRESENTATION_CONTEXT('2D SPACE',''
  ) );
#13585 = PCURVE('',#12831,#13586);
#13586 = DEFINITIONAL_REPRESENTATION('',(#13587),#13591);
#13587 = LINE('',#13588,#13589);
#13588 = CARTESIAN_POINT('',(4.712388980385,0.));
#13589 = VECTOR('',#13590,1.);
#13590 = DIRECTION('',(0.,-1.));
#13591 = ( GEOMETRIC_REPRESENTATION_CONTEXT(2) 
PARAMETRIC_REPRESENTATION_CONTEXT() REPRESENTATION_CONTEXT('2D SPACE',''
  ) );
#13592 = ORIENTED_EDGE('',*,*,#12787,.F.);
#13593 = ADVANCED_FACE('',(#13594),#12831,.T.);
#13594 = FACE_BOUND('',#13595,.T.);
#13595 = EDGE_LOOP('',(#13596,#13617,#13618,#13619));
#13596 = ORIENTED_EDGE('',*,*,#13597,.T.);
#13597 = EDGE_CURVE('',#12811,#12987,#13598,.T.);
#13598 = SURFACE_CURVE('',#13599,(#13603,#13610),.PCURVE_S1.);
#13599 = LINE('',#13600,#13601);
#13600 = CARTESIAN_POINT('',(13.999999998777,-20.,-7.35));
#13601 = VECTOR('',#13602,1.);
#13602 = DIRECTION('',(0.,0.,1.));
#13603 = PCURVE('',#12831,#13604);
#13604 = DEFINITIONAL_REPRESENTATION('',(#13605),#13609);
#13605 = LINE('',#13606,#13607);
#13606 = CARTESIAN_POINT('',(3.14159265359,0.));
#13607 = VECTOR('',#13608,1.);
#13608 = DIRECTION('',(0.,-1.));
#13609 = ( GEOMETRIC_REPRESENTATION_CONTEXT(2) 
PARAMETRIC_REPRESENTATION_CONTEXT() REPRESENTATION_CONTEXT('2D SPACE',''
  ) );
#13610 = PCURVE('',#12859,#13611);
#13611 = DEFINITIONAL_REPRESENTATION('',(#13612),#13616);
#13612 = LINE('',#13613,#13614);
#13613 = CARTESIAN_POINT('',(0.,0.));
#13614 = VECTOR('',#13615,1.);
#13615 = DIRECTION('',(0.,-1.));
#13616 = ( GEOMETRIC_REPRESENTATION_CONTEXT(2) 
PARAMETRIC_REPRESENTATION_CONTEXT() REPRESENTATION_CONTEXT('2D SPACE',''
  ) );
#13617 = ORIENTED_EDGE('',*,*,#12986,.T.);
#13618 = ORIENTED_EDGE('',*,*,#13572,.F.);
#13619 = ORIENTED_EDGE('',*,*,#12810,.F.);
#13620 = ADVANCED_FACE('',(#13621,#13647),#12859,.F.);
#13621 = FACE_BOUND('',#13622,.F.);
#13622 = EDGE_LOOP('',(#13623,#13624,#13625,#13646));
#13623 = ORIENTED_EDGE('',*,*,#13597,.T.);
#13624 = ORIENTED_EDGE('',*,*,#13014,.T.);
#13625 = ORIENTED_EDGE('',*,*,#13626,.F.);
#13626 = EDGE_CURVE('',#12844,#13015,#13627,.T.);
#13627 = SURFACE_CURVE('',#13628,(#13632,#13639),.PCURVE_S1.);
#13628 = LINE('',#13629,#13630);
#13629 = CARTESIAN_POINT('',(13.999999998777,20.,-7.35));
#13630 = VECTOR('',#13631,1.);
#13631 = DIRECTION('',(0.,0.,1.));
#13632 = PCURVE('',#12859,#13633);
#13633 = DEFINITIONAL_REPRESENTATION('',(#13634),#13638);
#13634 = LINE('',#13635,#13636);
#13635 = CARTESIAN_POINT('',(40.,0.));
#13636 = VECTOR('',#13637,1.);
#13637 = DIRECTION('',(0.,-1.));
#13638 = ( GEOMETRIC_REPRESENTATION_CONTEXT(2) 
PARAMETRIC_REPRESENTATION_CONTEXT() REPRESENTATION_CONTEXT('2D SPACE',''
  ) );
#13639 = PCURVE('',#12892,#13640);
#13640 = DEFINITIONAL_REPRESENTATION('',(#13641),#13645);
#13641 = LINE('',#13642,#13643);
#13642 = CARTESIAN_POINT('',(3.14159265359,0.));
#13643 = VECTOR('',#13644,1.);
#13644 = DIRECTION('',(0.,-1.));
#13645 = ( GEOMETRIC_REPRESENTATION_CONTEXT(2) 
PARAMETRIC_REPRESENTATION_CONTEXT() REPRESENTATION_CONTEXT('2D SPACE',''
  ) );
#13646 = ORIENTED_EDGE('',*,*,#12843,.F.);
#13647 = FACE_BOUND('',#13648,.F.);
#13648 = EDGE_LOOP('',(#13649,#13677,#13703,#13729));
#13649 = ORIENTED_EDGE('',*,*,#13650,.F.);
#13650 = EDGE_CURVE('',#13651,#13653,#13655,.T.);
#13651 = VERTEX_POINT('',#13652);
#13652 = CARTESIAN_POINT('',(14.,-4.5,-5.1));
#13653 = VERTEX_POINT('',#13654);
#13654 = CARTESIAN_POINT('',(14.,4.5,-5.1));
#13655 = SURFACE_CURVE('',#13656,(#13660,#13666),.PCURVE_S1.);
#13656 = LINE('',#13657,#13658);
#13657 = CARTESIAN_POINT('',(14.,-12.25,-5.1));
#13658 = VECTOR('',#13659,1.);
#13659 = DIRECTION('',(0.,1.,-0.));
#13660 = PCURVE('',#12859,#13661);
#13661 = DEFINITIONAL_REPRESENTATION('',(#13662),#13665);
#13662 = B_SPLINE_CURVE_WITH_KNOTS('',1,(#13663,#13664),.UNSPECIFIED.,
  .F.,.F.,(2,2),(7.75,16.75),.PIECEWISE_BEZIER_KNOTS.);
#13663 = CARTESIAN_POINT('',(15.5,-2.25));
#13664 = CARTESIAN_POINT('',(24.5,-2.25));
#13665 = ( GEOMETRIC_REPRESENTATION_CONTEXT(2) 
PARAMETRIC_REPRESENTATION_CONTEXT() REPRESENTATION_CONTEXT('2D SPACE',''
  ) );
#13666 = PCURVE('',#13667,#13672);
#13667 = PLANE('',#13668);
#13668 = AXIS2_PLACEMENT_3D('',#13669,#13670,#13671);
#13669 = CARTESIAN_POINT('',(11.5,-4.5,-5.1));
#13670 = DIRECTION('',(0.,0.,1.));
#13671 = DIRECTION('',(1.,0.,-0.));
#13672 = DEFINITIONAL_REPRESENTATION('',(#13673),#13676);
#13673 = B_SPLINE_CURVE_WITH_KNOTS('',1,(#13674,#13675),.UNSPECIFIED.,
  .F.,.F.,(2,2),(7.75,16.75),.PIECEWISE_BEZIER_KNOTS.);
#13674 = CARTESIAN_POINT('',(2.5,0.));
#13675 = CARTESIAN_POINT('',(2.5,9.));
#13676 = ( GEOMETRIC_REPRESENTATION_CONTEXT(2) 
PARAMETRIC_REPRESENTATION_CONTEXT() REPRESENTATION_CONTEXT('2D SPACE',''
  ) );
#13677 = ORIENTED_EDGE('',*,*,#13678,.T.);
#13678 = EDGE_CURVE('',#13651,#13679,#13681,.T.);
#13679 = VERTEX_POINT('',#13680);
#13680 = CARTESIAN_POINT('',(14.,-4.5,-6.5));
#13681 = SURFACE_CURVE('',#13682,(#13686,#13692),.PCURVE_S1.);
#13682 = LINE('',#13683,#13684);
#13683 = CARTESIAN_POINT('',(14.,-4.5,-6.925));
#13684 = VECTOR('',#13685,1.);
#13685 = DIRECTION('',(0.,0.,-1.));
#13686 = PCURVE('',#12859,#13687);
#13687 = DEFINITIONAL_REPRESENTATION('',(#13688),#13691);
#13688 = B_SPLINE_CURVE_WITH_KNOTS('',1,(#13689,#13690),.UNSPECIFIED.,
  .F.,.F.,(2,2),(-1.825,-0.425),.PIECEWISE_BEZIER_KNOTS.);
#13689 = CARTESIAN_POINT('',(15.5,-2.25));
#13690 = CARTESIAN_POINT('',(15.5,-0.85));
#13691 = ( GEOMETRIC_REPRESENTATION_CONTEXT(2) 
PARAMETRIC_REPRESENTATION_CONTEXT() REPRESENTATION_CONTEXT('2D SPACE',''
  ) );
#13692 = PCURVE('',#13693,#13698);
#13693 = PLANE('',#13694);
#13694 = AXIS2_PLACEMENT_3D('',#13695,#13696,#13697);
#13695 = CARTESIAN_POINT('',(11.5,-4.5,-6.5));
#13696 = DIRECTION('',(-0.,1.,0.));
#13697 = DIRECTION('',(0.,0.,1.));
#13698 = DEFINITIONAL_REPRESENTATION('',(#13699),#13702);
#13699 = B_SPLINE_CURVE_WITH_KNOTS('',1,(#13700,#13701),.UNSPECIFIED.,
  .F.,.F.,(2,2),(-1.825,-0.425),.PIECEWISE_BEZIER_KNOTS.);
#13700 = CARTESIAN_POINT('',(1.4,2.5));
#13701 = CARTESIAN_POINT('',(0.,2.5));
#13702 = ( GEOMETRIC_REPRESENTATION_CONTEXT(2) 
PARAMETRIC_REPRESENTATION_CONTEXT() REPRESENTATION_CONTEXT('2D SPACE',''
  ) );
#13703 = ORIENTED_EDGE('',*,*,#13704,.T.);
#13704 = EDGE_CURVE('',#13679,#13705,#13707,.T.);
#13705 = VERTEX_POINT('',#13706);
#13706 = CARTESIAN_POINT('',(14.,4.5,-6.5));
#13707 = SURFACE_CURVE('',#13708,(#13712,#13718),.PCURVE_S1.);
#13708 = LINE('',#13709,#13710);
#13709 = CARTESIAN_POINT('',(14.,-12.25,-6.5));
#13710 = VECTOR('',#13711,1.);
#13711 = DIRECTION('',(0.,1.,-0.));
#13712 = PCURVE('',#12859,#13713);
#13713 = DEFINITIONAL_REPRESENTATION('',(#13714),#13717);
#13714 = B_SPLINE_CURVE_WITH_KNOTS('',1,(#13715,#13716),.UNSPECIFIED.,
  .F.,.F.,(2,2),(7.75,16.75),.PIECEWISE_BEZIER_KNOTS.);
#13715 = CARTESIAN_POINT('',(15.5,-0.85));
#13716 = CARTESIAN_POINT('',(24.5,-0.85));
#13717 = ( GEOMETRIC_REPRESENTATION_CONTEXT(2) 
PARAMETRIC_REPRESENTATION_CONTEXT() REPRESENTATION_CONTEXT('2D SPACE',''
  ) );
#13718 = PCURVE('',#13719,#13724);
#13719 = PLANE('',#13720);
#13720 = AXIS2_PLACEMENT_3D('',#13721,#13722,#13723);
#13721 = CARTESIAN_POINT('',(11.5,-4.5,-6.5));
#13722 = DIRECTION('',(0.,0.,1.));
#13723 = DIRECTION('',(1.,0.,-0.));
#13724 = DEFINITIONAL_REPRESENTATION('',(#13725),#13728);
#13725 = B_SPLINE_CURVE_WITH_KNOTS('',1,(#13726,#13727),.UNSPECIFIED.,
  .F.,.F.,(2,2),(7.75,16.75),.PIECEWISE_BEZIER_KNOTS.);
#13726 = CARTESIAN_POINT('',(2.5,0.));
#13727 = CARTESIAN_POINT('',(2.5,9.));
#13728 = ( GEOMETRIC_REPRESENTATION_CONTEXT(2) 
PARAMETRIC_REPRESENTATION_CONTEXT() REPRESENTATION_CONTEXT('2D SPACE',''
  ) );
#13729 = ORIENTED_EDGE('',*,*,#13730,.F.);
#13730 = EDGE_CURVE('',#13653,#13705,#13731,.T.);
#13731 = SURFACE_CURVE('',#13732,(#13736,#13742),.PCURVE_S1.);
#13732 = LINE('',#13733,#13734);
#13733 = CARTESIAN_POINT('',(14.,4.5,-6.925));
#13734 = VECTOR('',#13735,1.);
#13735 = DIRECTION('',(0.,0.,-1.));
#13736 = PCURVE('',#12859,#13737);
#13737 = DEFINITIONAL_REPRESENTATION('',(#13738),#13741);
#13738 = B_SPLINE_CURVE_WITH_KNOTS('',1,(#13739,#13740),.UNSPECIFIED.,
  .F.,.F.,(2,2),(-1.825,-0.425),.PIECEWISE_BEZIER_KNOTS.);
#13739 = CARTESIAN_POINT('',(24.5,-2.25));
#13740 = CARTESIAN_POINT('',(24.5,-0.85));
#13741 = ( GEOMETRIC_REPRESENTATION_CONTEXT(2) 
PARAMETRIC_REPRESENTATION_CONTEXT() REPRESENTATION_CONTEXT('2D SPACE',''
  ) );
#13742 = PCURVE('',#13743,#13748);
#13743 = PLANE('',#13744);
#13744 = AXIS2_PLACEMENT_3D('',#13745,#13746,#13747);
#13745 = CARTESIAN_POINT('',(11.5,4.5,-6.5));
#13746 = DIRECTION('',(-0.,1.,0.));
#13747 = DIRECTION('',(0.,0.,1.));
#13748 = DEFINITIONAL_REPRESENTATION('',(#13749),#13752);
#13749 = B_SPLINE_CURVE_WITH_KNOTS('',1,(#13750,#13751),.UNSPECIFIED.,
  .F.,.F.,(2,2),(-1.825,-0.425),.PIECEWISE_BEZIER_KNOTS.);
#13750 = CARTESIAN_POINT('',(1.4,2.5));
#13751 = CARTESIAN_POINT('',(0.,2.5));
#13752 = ( GEOMETRIC_REPRESENTATION_CONTEXT(2) 
PARAMETRIC_REPRESENTATION_CONTEXT() REPRESENTATION_CONTEXT('2D SPACE',''
  ) );
#13753 = ADVANCED_FACE('',(#13754),#12892,.T.);
#13754 = FACE_BOUND('',#13755,.T.);
#13755 = EDGE_LOOP('',(#13756,#13777,#13778,#13779));
#13756 = ORIENTED_EDGE('',*,*,#13757,.T.);
#13757 = EDGE_CURVE('',#12872,#13038,#13758,.T.);
#13758 = SURFACE_CURVE('',#13759,(#13763,#13770),.PCURVE_S1.);
#13759 = LINE('',#13760,#13761);
#13760 = CARTESIAN_POINT('',(11.999999997553,22.,-7.35));
#13761 = VECTOR('',#13762,1.);
#13762 = DIRECTION('',(0.,0.,1.));
#13763 = PCURVE('',#12892,#13764);
#13764 = DEFINITIONAL_REPRESENTATION('',(#13765),#13769);
#13765 = LINE('',#13766,#13767);
#13766 = CARTESIAN_POINT('',(1.570796326795,0.));
#13767 = VECTOR('',#13768,1.);
#13768 = DIRECTION('',(0.,-1.));
#13769 = ( GEOMETRIC_REPRESENTATION_CONTEXT(2) 
PARAMETRIC_REPRESENTATION_CONTEXT() REPRESENTATION_CONTEXT('2D SPACE',''
  ) );
#13770 = PCURVE('',#12920,#13771);
#13771 = DEFINITIONAL_REPRESENTATION('',(#13772),#13776);
#13772 = LINE('',#13773,#13774);
#13773 = CARTESIAN_POINT('',(23.999999997553,0.));
#13774 = VECTOR('',#13775,1.);
#13775 = DIRECTION('',(0.,-1.));
#13776 = ( GEOMETRIC_REPRESENTATION_CONTEXT(2) 
PARAMETRIC_REPRESENTATION_CONTEXT() REPRESENTATION_CONTEXT('2D SPACE',''
  ) );
#13777 = ORIENTED_EDGE('',*,*,#13037,.T.);
#13778 = ORIENTED_EDGE('',*,*,#13626,.F.);
#13779 = ORIENTED_EDGE('',*,*,#12871,.F.);
#13780 = ADVANCED_FACE('',(#13781,#13787),#12920,.T.);
#13781 = FACE_BOUND('',#13782,.T.);
#13782 = EDGE_LOOP('',(#13783,#13784,#13785,#13786));
#13783 = ORIENTED_EDGE('',*,*,#13357,.T.);
#13784 = ORIENTED_EDGE('',*,*,#13065,.T.);
#13785 = ORIENTED_EDGE('',*,*,#13757,.F.);
#13786 = ORIENTED_EDGE('',*,*,#12904,.F.);
#13787 = FACE_BOUND('',#13788,.T.);
#13788 = EDGE_LOOP('',(#13789,#13817,#13843,#13869));
#13789 = ORIENTED_EDGE('',*,*,#13790,.F.);
#13790 = EDGE_CURVE('',#13791,#13793,#13795,.T.);
#13791 = VERTEX_POINT('',#13792);
#13792 = CARTESIAN_POINT('',(-3.5,22.,-1.85));
#13793 = VERTEX_POINT('',#13794);
#13794 = CARTESIAN_POINT('',(3.5,22.,-1.85));
#13795 = SURFACE_CURVE('',#13796,(#13800,#13806),.PCURVE_S1.);
#13796 = LINE('',#13797,#13798);
#13797 = CARTESIAN_POINT('',(-7.75,22.,-1.85));
#13798 = VECTOR('',#13799,1.);
#13799 = DIRECTION('',(1.,0.,0.));
#13800 = PCURVE('',#12920,#13801);
#13801 = DEFINITIONAL_REPRESENTATION('',(#13802),#13805);
#13802 = B_SPLINE_CURVE_WITH_KNOTS('',1,(#13803,#13804),.UNSPECIFIED.,
  .F.,.F.,(2,2),(4.25,11.25),.PIECEWISE_BEZIER_KNOTS.);
#13803 = CARTESIAN_POINT('',(8.5,-5.5));
#13804 = CARTESIAN_POINT('',(15.5,-5.5));
#13805 = ( GEOMETRIC_REPRESENTATION_CONTEXT(2) 
PARAMETRIC_REPRESENTATION_CONTEXT() REPRESENTATION_CONTEXT('2D SPACE',''
  ) );
#13806 = PCURVE('',#13807,#13812);
#13807 = PLANE('',#13808);
#13808 = AXIS2_PLACEMENT_3D('',#13809,#13810,#13811);
#13809 = CARTESIAN_POINT('',(-3.5,19.,-1.85));
#13810 = DIRECTION('',(0.,0.,1.));
#13811 = DIRECTION('',(1.,0.,-0.));
#13812 = DEFINITIONAL_REPRESENTATION('',(#13813),#13816);
#13813 = B_SPLINE_CURVE_WITH_KNOTS('',1,(#13814,#13815),.UNSPECIFIED.,
  .F.,.F.,(2,2),(4.25,11.25),.PIECEWISE_BEZIER_KNOTS.);
#13814 = CARTESIAN_POINT('',(0.,3.));
#13815 = CARTESIAN_POINT('',(7.,3.));
#13816 = ( GEOMETRIC_REPRESENTATION_CONTEXT(2) 
PARAMETRIC_REPRESENTATION_CONTEXT() REPRESENTATION_CONTEXT('2D SPACE',''
  ) );
#13817 = ORIENTED_EDGE('',*,*,#13818,.T.);
#13818 = EDGE_CURVE('',#13791,#13819,#13821,.T.);
#13819 = VERTEX_POINT('',#13820);
#13820 = CARTESIAN_POINT('',(-3.5,22.,-5.85));
#13821 = SURFACE_CURVE('',#13822,(#13826,#13832),.PCURVE_S1.);
#13822 = LINE('',#13823,#13824);
#13823 = CARTESIAN_POINT('',(-3.5,22.,-6.6));
#13824 = VECTOR('',#13825,1.);
#13825 = DIRECTION('',(-0.,0.,-1.));
#13826 = PCURVE('',#12920,#13827);
#13827 = DEFINITIONAL_REPRESENTATION('',(#13828),#13831);
#13828 = B_SPLINE_CURVE_WITH_KNOTS('',1,(#13829,#13830),.UNSPECIFIED.,
  .F.,.F.,(2,2),(-4.75,-0.75),.PIECEWISE_BEZIER_KNOTS.);
#13829 = CARTESIAN_POINT('',(8.5,-5.5));
#13830 = CARTESIAN_POINT('',(8.5,-1.5));
#13831 = ( GEOMETRIC_REPRESENTATION_CONTEXT(2) 
PARAMETRIC_REPRESENTATION_CONTEXT() REPRESENTATION_CONTEXT('2D SPACE',''
  ) );
#13832 = PCURVE('',#13833,#13838);
#13833 = PLANE('',#13834);
#13834 = AXIS2_PLACEMENT_3D('',#13835,#13836,#13837);
#13835 = CARTESIAN_POINT('',(-3.5,19.,-5.85));
#13836 = DIRECTION('',(1.,0.,-0.));
#13837 = DIRECTION('',(0.,0.,1.));
#13838 = DEFINITIONAL_REPRESENTATION('',(#13839),#13842);
#13839 = B_SPLINE_CURVE_WITH_KNOTS('',1,(#13840,#13841),.UNSPECIFIED.,
  .F.,.F.,(2,2),(-4.75,-0.75),.PIECEWISE_BEZIER_KNOTS.);
#13840 = CARTESIAN_POINT('',(4.,-3.));
#13841 = CARTESIAN_POINT('',(0.,-3.));
#13842 = ( GEOMETRIC_REPRESENTATION_CONTEXT(2) 
PARAMETRIC_REPRESENTATION_CONTEXT() REPRESENTATION_CONTEXT('2D SPACE',''
  ) );
#13843 = ORIENTED_EDGE('',*,*,#13844,.T.);
#13844 = EDGE_CURVE('',#13819,#13845,#13847,.T.);
#13845 = VERTEX_POINT('',#13846);
#13846 = CARTESIAN_POINT('',(3.5,22.,-5.85));
#13847 = SURFACE_CURVE('',#13848,(#13852,#13858),.PCURVE_S1.);
#13848 = LINE('',#13849,#13850);
#13849 = CARTESIAN_POINT('',(-7.75,22.,-5.85));
#13850 = VECTOR('',#13851,1.);
#13851 = DIRECTION('',(1.,0.,0.));
#13852 = PCURVE('',#12920,#13853);
#13853 = DEFINITIONAL_REPRESENTATION('',(#13854),#13857);
#13854 = B_SPLINE_CURVE_WITH_KNOTS('',1,(#13855,#13856),.UNSPECIFIED.,
  .F.,.F.,(2,2),(4.25,11.25),.PIECEWISE_BEZIER_KNOTS.);
#13855 = CARTESIAN_POINT('',(8.5,-1.5));
#13856 = CARTESIAN_POINT('',(15.5,-1.5));
#13857 = ( GEOMETRIC_REPRESENTATION_CONTEXT(2) 
PARAMETRIC_REPRESENTATION_CONTEXT() REPRESENTATION_CONTEXT('2D SPACE',''
  ) );
#13858 = PCURVE('',#13859,#13864);
#13859 = PLANE('',#13860);
#13860 = AXIS2_PLACEMENT_3D('',#13861,#13862,#13863);
#13861 = CARTESIAN_POINT('',(-3.5,19.,-5.85));
#13862 = DIRECTION('',(0.,0.,1.));
#13863 = DIRECTION('',(1.,0.,-0.));
#13864 = DEFINITIONAL_REPRESENTATION('',(#13865),#13868);
#13865 = B_SPLINE_CURVE_WITH_KNOTS('',1,(#13866,#13867),.UNSPECIFIED.,
  .F.,.F.,(2,2),(4.25,11.25),.PIECEWISE_BEZIER_KNOTS.);
#13866 = CARTESIAN_POINT('',(0.,3.));
#13867 = CARTESIAN_POINT('',(7.,3.));
#13868 = ( GEOMETRIC_REPRESENTATION_CONTEXT(2) 
PARAMETRIC_REPRESENTATION_CONTEXT() REPRESENTATION_CONTEXT('2D SPACE',''
  ) );
#13869 = ORIENTED_EDGE('',*,*,#13870,.F.);
#13870 = EDGE_CURVE('',#13793,#13845,#13871,.T.);
#13871 = SURFACE_CURVE('',#13872,(#13876,#13882),.PCURVE_S1.);
#13872 = LINE('',#13873,#13874);
#13873 = CARTESIAN_POINT('',(3.5,22.,-6.6));
#13874 = VECTOR('',#13875,1.);
#13875 = DIRECTION('',(-0.,0.,-1.));
#13876 = PCURVE('',#12920,#13877);
#13877 = DEFINITIONAL_REPRESENTATION('',(#13878),#13881);
#13878 = B_SPLINE_CURVE_WITH_KNOTS('',1,(#13879,#13880),.UNSPECIFIED.,
  .F.,.F.,(2,2),(-4.75,-0.75),.PIECEWISE_BEZIER_KNOTS.);
#13879 = CARTESIAN_POINT('',(15.5,-5.5));
#13880 = CARTESIAN_POINT('',(15.5,-1.5));
#13881 = ( GEOMETRIC_REPRESENTATION_CONTEXT(2) 
PARAMETRIC_REPRESENTATION_CONTEXT() REPRESENTATION_CONTEXT('2D SPACE',''
  ) );
#13882 = PCURVE('',#13883,#13888);
#13883 = PLANE('',#13884);
#13884 = AXIS2_PLACEMENT_3D('',#13885,#13886,#13887);
#13885 = CARTESIAN_POINT('',(3.5,19.,-5.85));
#13886 = DIRECTION('',(1.,0.,-0.));
#13887 = DIRECTION('',(0.,0.,1.));
#13888 = DEFINITIONAL_REPRESENTATION('',(#13889),#13892);
#13889 = B_SPLINE_CURVE_WITH_KNOTS('',1,(#13890,#13891),.UNSPECIFIED.,
  .F.,.F.,(2,2),(-4.75,-0.75),.PIECEWISE_BEZIER_KNOTS.);
#13890 = CARTESIAN_POINT('',(4.,-3.));
#13891 = CARTESIAN_POINT('',(0.,-3.));
#13892 = ( GEOMETRIC_REPRESENTATION_CONTEXT(2) 
PARAMETRIC_REPRESENTATION_CONTEXT() REPRESENTATION_CONTEXT('2D SPACE',''
  ) );
#13893 = ADVANCED_FACE('',(#13894,#13969),#13133,.F.);
#13894 = FACE_BOUND('',#13895,.F.);
#13895 = EDGE_LOOP('',(#13896,#13926,#13947,#13948));
#13896 = ORIENTED_EDGE('',*,*,#13897,.F.);
#13897 = EDGE_CURVE('',#13898,#13900,#13902,.T.);
#13898 = VERTEX_POINT('',#13899);
#13899 = CARTESIAN_POINT('',(-13.,-20.,-6.75));
#13900 = VERTEX_POINT('',#13901);
#13901 = CARTESIAN_POINT('',(-13.,20.,-6.75));
#13902 = SURFACE_CURVE('',#13903,(#13907,#13914),.PCURVE_S1.);
#13903 = LINE('',#13904,#13905);
#13904 = CARTESIAN_POINT('',(-12.99999999999,0.,-6.75));
#13905 = VECTOR('',#13906,1.);
#13906 = DIRECTION('',(0.,1.,0.));
#13907 = PCURVE('',#13133,#13908);
#13908 = DEFINITIONAL_REPRESENTATION('',(#13909),#13913);
#13909 = LINE('',#13910,#13911);
#13910 = CARTESIAN_POINT('',(20.,0.));
#13911 = VECTOR('',#13912,1.);
#13912 = DIRECTION('',(1.,0.));
#13913 = ( GEOMETRIC_REPRESENTATION_CONTEXT(2) 
PARAMETRIC_REPRESENTATION_CONTEXT() REPRESENTATION_CONTEXT('2D SPACE',''
  ) );
#13914 = PCURVE('',#13915,#13920);
#13915 = PLANE('',#13916);
#13916 = AXIS2_PLACEMENT_3D('',#13917,#13918,#13919);
#13917 = CARTESIAN_POINT('',(-8.077748992348E-10,3.77211421321E-16,-6.75
    ));
#13918 = DIRECTION('',(0.,0.,1.));
#13919 = DIRECTION('',(1.,0.,-0.));
#13920 = DEFINITIONAL_REPRESENTATION('',(#13921),#13925);
#13921 = LINE('',#13922,#13923);
#13922 = CARTESIAN_POINT('',(-12.99999999919,-3.77211421321E-16));
#13923 = VECTOR('',#13924,1.);
#13924 = DIRECTION('',(0.,1.));
#13925 = ( GEOMETRIC_REPRESENTATION_CONTEXT(2) 
PARAMETRIC_REPRESENTATION_CONTEXT() REPRESENTATION_CONTEXT('2D SPACE',''
  ) );
#13926 = ORIENTED_EDGE('',*,*,#13927,.T.);
#13927 = EDGE_CURVE('',#13898,#13119,#13928,.T.);
#13928 = SURFACE_CURVE('',#13929,(#13933,#13940),.PCURVE_S1.);
#13929 = LINE('',#13930,#13931);
#13930 = CARTESIAN_POINT('',(-13.,-20.,-6.75));
#13931 = VECTOR('',#13932,1.);
#13932 = DIRECTION('',(0.,0.,1.));
#13933 = PCURVE('',#13133,#13934);
#13934 = DEFINITIONAL_REPRESENTATION('',(#13935),#13939);
#13935 = LINE('',#13936,#13937);
#13936 = CARTESIAN_POINT('',(0.,0.));
#13937 = VECTOR('',#13938,1.);
#13938 = DIRECTION('',(0.,-1.));
#13939 = ( GEOMETRIC_REPRESENTATION_CONTEXT(2) 
PARAMETRIC_REPRESENTATION_CONTEXT() REPRESENTATION_CONTEXT('2D SPACE',''
  ) );
#13940 = PCURVE('',#13340,#13941);
#13941 = DEFINITIONAL_REPRESENTATION('',(#13942),#13946);
#13942 = LINE('',#13943,#13944);
#13943 = CARTESIAN_POINT('',(6.28318530718,0.));
#13944 = VECTOR('',#13945,1.);
#13945 = DIRECTION('',(0.,-1.));
#13946 = ( GEOMETRIC_REPRESENTATION_CONTEXT(2) 
PARAMETRIC_REPRESENTATION_CONTEXT() REPRESENTATION_CONTEXT('2D SPACE',''
  ) );
#13947 = ORIENTED_EDGE('',*,*,#13116,.F.);
#13948 = ORIENTED_EDGE('',*,*,#13949,.F.);
#13949 = EDGE_CURVE('',#13900,#13117,#13950,.T.);
#13950 = SURFACE_CURVE('',#13951,(#13955,#13962),.PCURVE_S1.);
#13951 = LINE('',#13952,#13953);
#13952 = CARTESIAN_POINT('',(-13.,20.,-6.75));
#13953 = VECTOR('',#13954,1.);
#13954 = DIRECTION('',(0.,0.,1.));
#13955 = PCURVE('',#13133,#13956);
#13956 = DEFINITIONAL_REPRESENTATION('',(#13957),#13961);
#13957 = LINE('',#13958,#13959);
#13958 = CARTESIAN_POINT('',(40.,0.));
#13959 = VECTOR('',#13960,1.);
#13960 = DIRECTION('',(0.,-1.));
#13961 = ( GEOMETRIC_REPRESENTATION_CONTEXT(2) 
PARAMETRIC_REPRESENTATION_CONTEXT() REPRESENTATION_CONTEXT('2D SPACE',''
  ) );
#13962 = PCURVE('',#13165,#13963);
#13963 = DEFINITIONAL_REPRESENTATION('',(#13964),#13968);
#13964 = LINE('',#13965,#13966);
#13965 = CARTESIAN_POINT('',(0.,0.));
#13966 = VECTOR('',#13967,1.);
#13967 = DIRECTION('',(0.,-1.));
#13968 = ( GEOMETRIC_REPRESENTATION_CONTEXT(2) 
PARAMETRIC_REPRESENTATION_CONTEXT() REPRESENTATION_CONTEXT('2D SPACE',''
  ) );
#13969 = FACE_BOUND('',#13970,.F.);
#13970 = EDGE_LOOP('',(#13971,#13972,#13973,#13974));
#13971 = ORIENTED_EDGE('',*,*,#13429,.F.);
#13972 = ORIENTED_EDGE('',*,*,#13548,.T.);
#13973 = ORIENTED_EDGE('',*,*,#13523,.T.);
#13974 = ORIENTED_EDGE('',*,*,#13476,.F.);
#13975 = ADVANCED_FACE('',(#13976),#13340,.F.);
#13976 = FACE_BOUND('',#13977,.F.);
#13977 = EDGE_LOOP('',(#13978,#14006,#14027,#14028));
#13978 = ORIENTED_EDGE('',*,*,#13979,.F.);
#13979 = EDGE_CURVE('',#13980,#13898,#13982,.T.);
#13980 = VERTEX_POINT('',#13981);
#13981 = CARTESIAN_POINT('',(-12.,-21.,-6.75));
#13982 = SURFACE_CURVE('',#13983,(#13988,#13995),.PCURVE_S1.);
#13983 = CIRCLE('',#13984,1.);
#13984 = AXIS2_PLACEMENT_3D('',#13985,#13986,#13987);
#13985 = CARTESIAN_POINT('',(-12.,-20.,-6.75));
#13986 = DIRECTION('',(0.,0.,-1.));
#13987 = DIRECTION('',(-1.,0.,0.));
#13988 = PCURVE('',#13340,#13989);
#13989 = DEFINITIONAL_REPRESENTATION('',(#13990),#13994);
#13990 = LINE('',#13991,#13992);
#13991 = CARTESIAN_POINT('',(0.,0.));
#13992 = VECTOR('',#13993,1.);
#13993 = DIRECTION('',(1.,0.));
#13994 = ( GEOMETRIC_REPRESENTATION_CONTEXT(2) 
PARAMETRIC_REPRESENTATION_CONTEXT() REPRESENTATION_CONTEXT('2D SPACE',''
  ) );
#13995 = PCURVE('',#13915,#13996);
#13996 = DEFINITIONAL_REPRESENTATION('',(#13997),#14005);
#13997 = ( BOUNDED_CURVE() B_SPLINE_CURVE(2,(#13998,#13999,#14000,#14001
    ,#14002,#14003,#14004),.UNSPECIFIED.,.T.,.F.) 
B_SPLINE_CURVE_WITH_KNOTS((1,2,2,2,2,1),(-2.094395102393,0.,
    2.094395102393,4.188790204786,6.28318530718,8.377580409573),
.UNSPECIFIED.) CURVE() GEOMETRIC_REPRESENTATION_ITEM() 
RATIONAL_B_SPLINE_CURVE((1.,0.5,1.,0.5,1.,0.5,1.)) REPRESENTATION_ITEM(
  '') );
#13998 = CARTESIAN_POINT('',(-12.99999999919,-20.));
#13999 = CARTESIAN_POINT('',(-12.99999999919,-18.26794919243));
#14000 = CARTESIAN_POINT('',(-11.49999999919,-19.13397459621));
#14001 = CARTESIAN_POINT('',(-9.999999999193,-20.));
#14002 = CARTESIAN_POINT('',(-11.49999999919,-20.86602540378));
#14003 = CARTESIAN_POINT('',(-12.99999999919,-21.73205080756));
#14004 = CARTESIAN_POINT('',(-12.99999999919,-20.));
#14005 = ( GEOMETRIC_REPRESENTATION_CONTEXT(2) 
PARAMETRIC_REPRESENTATION_CONTEXT() REPRESENTATION_CONTEXT('2D SPACE',''
  ) );
#14006 = ORIENTED_EDGE('',*,*,#14007,.T.);
#14007 = EDGE_CURVE('',#13980,#13296,#14008,.T.);
#14008 = SURFACE_CURVE('',#14009,(#14013,#14020),.PCURVE_S1.);
#14009 = LINE('',#14010,#14011);
#14010 = CARTESIAN_POINT('',(-12.,-21.,-6.75));
#14011 = VECTOR('',#14012,1.);
#14012 = DIRECTION('',(0.,0.,1.));
#14013 = PCURVE('',#13340,#14014);
#14014 = DEFINITIONAL_REPRESENTATION('',(#14015),#14019);
#14015 = LINE('',#14016,#14017);
#14016 = CARTESIAN_POINT('',(4.712388980385,0.));
#14017 = VECTOR('',#14018,1.);
#14018 = DIRECTION('',(0.,-1.));
#14019 = ( GEOMETRIC_REPRESENTATION_CONTEXT(2) 
PARAMETRIC_REPRESENTATION_CONTEXT() REPRESENTATION_CONTEXT('2D SPACE',''
  ) );
#14020 = PCURVE('',#13310,#14021);
#14021 = DEFINITIONAL_REPRESENTATION('',(#14022),#14026);
#14022 = LINE('',#14023,#14024);
#14023 = CARTESIAN_POINT('',(0.,0.));
#14024 = VECTOR('',#14025,1.);
#14025 = DIRECTION('',(0.,-1.));
#14026 = ( GEOMETRIC_REPRESENTATION_CONTEXT(2) 
PARAMETRIC_REPRESENTATION_CONTEXT() REPRESENTATION_CONTEXT('2D SPACE',''
  ) );
#14027 = ORIENTED_EDGE('',*,*,#13321,.T.);
#14028 = ORIENTED_EDGE('',*,*,#13927,.F.);
#14029 = ADVANCED_FACE('',(#14030),#13310,.T.);
#14030 = FACE_BOUND('',#14031,.T.);
#14031 = EDGE_LOOP('',(#14032,#14055,#14056,#14057));
#14032 = ORIENTED_EDGE('',*,*,#14033,.F.);
#14033 = EDGE_CURVE('',#13980,#14034,#14036,.T.);
#14034 = VERTEX_POINT('',#14035);
#14035 = CARTESIAN_POINT('',(11.999999995999,-21.,-6.75));
#14036 = SURFACE_CURVE('',#14037,(#14041,#14048),.PCURVE_S1.);
#14037 = LINE('',#14038,#14039);
#14038 = CARTESIAN_POINT('',(7.567280135845E-13,-21.,-6.75));
#14039 = VECTOR('',#14040,1.);
#14040 = DIRECTION('',(1.,0.,0.));
#14041 = PCURVE('',#13310,#14042);
#14042 = DEFINITIONAL_REPRESENTATION('',(#14043),#14047);
#14043 = LINE('',#14044,#14045);
#14044 = CARTESIAN_POINT('',(12.000000000002,0.));
#14045 = VECTOR('',#14046,1.);
#14046 = DIRECTION('',(1.,0.));
#14047 = ( GEOMETRIC_REPRESENTATION_CONTEXT(2) 
PARAMETRIC_REPRESENTATION_CONTEXT() REPRESENTATION_CONTEXT('2D SPACE',''
  ) );
#14048 = PCURVE('',#13915,#14049);
#14049 = DEFINITIONAL_REPRESENTATION('',(#14050),#14054);
#14050 = LINE('',#14051,#14052);
#14051 = CARTESIAN_POINT('',(8.085316272483E-10,-21.));
#14052 = VECTOR('',#14053,1.);
#14053 = DIRECTION('',(1.,0.));
#14054 = ( GEOMETRIC_REPRESENTATION_CONTEXT(2) 
PARAMETRIC_REPRESENTATION_CONTEXT() REPRESENTATION_CONTEXT('2D SPACE',''
  ) );
#14055 = ORIENTED_EDGE('',*,*,#14007,.T.);
#14056 = ORIENTED_EDGE('',*,*,#13295,.F.);
#14057 = ORIENTED_EDGE('',*,*,#14058,.F.);
#14058 = EDGE_CURVE('',#14034,#13263,#14059,.T.);
#14059 = SURFACE_CURVE('',#14060,(#14064,#14071),.PCURVE_S1.);
#14060 = LINE('',#14061,#14062);
#14061 = CARTESIAN_POINT('',(11.999999995999,-21.,-6.75));
#14062 = VECTOR('',#14063,1.);
#14063 = DIRECTION('',(0.,0.,1.));
#14064 = PCURVE('',#13310,#14065);
#14065 = DEFINITIONAL_REPRESENTATION('',(#14066),#14070);
#14066 = LINE('',#14067,#14068);
#14067 = CARTESIAN_POINT('',(23.999999996,0.));
#14068 = VECTOR('',#14069,1.);
#14069 = DIRECTION('',(0.,-1.));
#14070 = ( GEOMETRIC_REPRESENTATION_CONTEXT(2) 
PARAMETRIC_REPRESENTATION_CONTEXT() REPRESENTATION_CONTEXT('2D SPACE',''
  ) );
#14071 = PCURVE('',#13283,#14072);
#14072 = DEFINITIONAL_REPRESENTATION('',(#14073),#14077);
#14073 = LINE('',#14074,#14075);
#14074 = CARTESIAN_POINT('',(4.712388980385,0.));
#14075 = VECTOR('',#14076,1.);
#14076 = DIRECTION('',(0.,-1.));
#14077 = ( GEOMETRIC_REPRESENTATION_CONTEXT(2) 
PARAMETRIC_REPRESENTATION_CONTEXT() REPRESENTATION_CONTEXT('2D SPACE',''
  ) );
#14078 = ADVANCED_FACE('',(#14079),#13283,.F.);
#14079 = FACE_BOUND('',#14080,.F.);
#14080 = EDGE_LOOP('',(#14081,#14109,#14130,#14131));
#14081 = ORIENTED_EDGE('',*,*,#14082,.F.);
#14082 = EDGE_CURVE('',#14083,#14034,#14085,.T.);
#14083 = VERTEX_POINT('',#14084);
#14084 = CARTESIAN_POINT('',(12.999999998,-20.,-6.75));
#14085 = SURFACE_CURVE('',#14086,(#14091,#14098),.PCURVE_S1.);
#14086 = CIRCLE('',#14087,1.);
#14087 = AXIS2_PLACEMENT_3D('',#14088,#14089,#14090);
#14088 = CARTESIAN_POINT('',(11.999999995999,-20.,-6.75));
#14089 = DIRECTION('',(0.,0.,-1.));
#14090 = DIRECTION('',(-1.,0.,0.));
#14091 = PCURVE('',#13283,#14092);
#14092 = DEFINITIONAL_REPRESENTATION('',(#14093),#14097);
#14093 = LINE('',#14094,#14095);
#14094 = CARTESIAN_POINT('',(0.,0.));
#14095 = VECTOR('',#14096,1.);
#14096 = DIRECTION('',(1.,0.));
#14097 = ( GEOMETRIC_REPRESENTATION_CONTEXT(2) 
PARAMETRIC_REPRESENTATION_CONTEXT() REPRESENTATION_CONTEXT('2D SPACE',''
  ) );
#14098 = PCURVE('',#13915,#14099);
#14099 = DEFINITIONAL_REPRESENTATION('',(#14100),#14108);
#14100 = ( BOUNDED_CURVE() B_SPLINE_CURVE(2,(#14101,#14102,#14103,#14104
    ,#14105,#14106,#14107),.UNSPECIFIED.,.T.,.F.) 
B_SPLINE_CURVE_WITH_KNOTS((1,2,2,2,2,1),(-2.094395102393,0.,
    2.094395102393,4.188790204786,6.28318530718,8.377580409573),
.UNSPECIFIED.) CURVE() GEOMETRIC_REPRESENTATION_ITEM() 
RATIONAL_B_SPLINE_CURVE((1.,0.5,1.,0.5,1.,0.5,1.)) REPRESENTATION_ITEM(
  '') );
#14101 = CARTESIAN_POINT('',(10.999999996807,-20.));
#14102 = CARTESIAN_POINT('',(10.999999996807,-18.26794919243));
#14103 = CARTESIAN_POINT('',(12.499999996807,-19.13397459621));
#14104 = CARTESIAN_POINT('',(13.999999996807,-20.));
#14105 = CARTESIAN_POINT('',(12.499999996807,-20.86602540378));
#14106 = CARTESIAN_POINT('',(10.999999996807,-21.73205080756));
#14107 = CARTESIAN_POINT('',(10.999999996807,-20.));
#14108 = ( GEOMETRIC_REPRESENTATION_CONTEXT(2) 
PARAMETRIC_REPRESENTATION_CONTEXT() REPRESENTATION_CONTEXT('2D SPACE',''
  ) );
#14109 = ORIENTED_EDGE('',*,*,#14110,.T.);
#14110 = EDGE_CURVE('',#14083,#13237,#14111,.T.);
#14111 = SURFACE_CURVE('',#14112,(#14116,#14123),.PCURVE_S1.);
#14112 = LINE('',#14113,#14114);
#14113 = CARTESIAN_POINT('',(12.999999998,-20.,-6.75));
#14114 = VECTOR('',#14115,1.);
#14115 = DIRECTION('',(0.,0.,1.));
#14116 = PCURVE('',#13283,#14117);
#14117 = DEFINITIONAL_REPRESENTATION('',(#14118),#14122);
#14118 = LINE('',#14119,#14120);
#14119 = CARTESIAN_POINT('',(3.14159265359,0.));
#14120 = VECTOR('',#14121,1.);
#14121 = DIRECTION('',(0.,-1.));
#14122 = ( GEOMETRIC_REPRESENTATION_CONTEXT(2) 
PARAMETRIC_REPRESENTATION_CONTEXT() REPRESENTATION_CONTEXT('2D SPACE',''
  ) );
#14123 = PCURVE('',#13251,#14124);
#14124 = DEFINITIONAL_REPRESENTATION('',(#14125),#14129);
#14125 = LINE('',#14126,#14127);
#14126 = CARTESIAN_POINT('',(0.,0.));
#14127 = VECTOR('',#14128,1.);
#14128 = DIRECTION('',(0.,-1.));
#14129 = ( GEOMETRIC_REPRESENTATION_CONTEXT(2) 
PARAMETRIC_REPRESENTATION_CONTEXT() REPRESENTATION_CONTEXT('2D SPACE',''
  ) );
#14130 = ORIENTED_EDGE('',*,*,#13262,.T.);
#14131 = ORIENTED_EDGE('',*,*,#14058,.F.);
#14132 = ADVANCED_FACE('',(#14133,#14181),#13251,.T.);
#14133 = FACE_BOUND('',#14134,.T.);
#14134 = EDGE_LOOP('',(#14135,#14158,#14159,#14160));
#14135 = ORIENTED_EDGE('',*,*,#14136,.F.);
#14136 = EDGE_CURVE('',#14083,#14137,#14139,.T.);
#14137 = VERTEX_POINT('',#14138);
#14138 = CARTESIAN_POINT('',(12.999999998,20.,-6.75));
#14139 = SURFACE_CURVE('',#14140,(#14144,#14151),.PCURVE_S1.);
#14140 = LINE('',#14141,#14142);
#14141 = CARTESIAN_POINT('',(13.000000000001,0.,-6.75));
#14142 = VECTOR('',#14143,1.);
#14143 = DIRECTION('',(0.,1.,0.));
#14144 = PCURVE('',#13251,#14145);
#14145 = DEFINITIONAL_REPRESENTATION('',(#14146),#14150);
#14146 = LINE('',#14147,#14148);
#14147 = CARTESIAN_POINT('',(20.,0.));
#14148 = VECTOR('',#14149,1.);
#14149 = DIRECTION('',(1.,0.));
#14150 = ( GEOMETRIC_REPRESENTATION_CONTEXT(2) 
PARAMETRIC_REPRESENTATION_CONTEXT() REPRESENTATION_CONTEXT('2D SPACE',''
  ) );
#14151 = PCURVE('',#13915,#14152);
#14152 = DEFINITIONAL_REPRESENTATION('',(#14153),#14157);
#14153 = LINE('',#14154,#14155);
#14154 = CARTESIAN_POINT('',(13.000000000809,-3.77211421321E-16));
#14155 = VECTOR('',#14156,1.);
#14156 = DIRECTION('',(0.,1.));
#14157 = ( GEOMETRIC_REPRESENTATION_CONTEXT(2) 
PARAMETRIC_REPRESENTATION_CONTEXT() REPRESENTATION_CONTEXT('2D SPACE',''
  ) );
#14158 = ORIENTED_EDGE('',*,*,#14110,.T.);
#14159 = ORIENTED_EDGE('',*,*,#13236,.F.);
#14160 = ORIENTED_EDGE('',*,*,#14161,.F.);
#14161 = EDGE_CURVE('',#14137,#13204,#14162,.T.);
#14162 = SURFACE_CURVE('',#14163,(#14167,#14174),.PCURVE_S1.);
#14163 = LINE('',#14164,#14165);
#14164 = CARTESIAN_POINT('',(12.999999998,20.,-6.75));
#14165 = VECTOR('',#14166,1.);
#14166 = DIRECTION('',(0.,0.,1.));
#14167 = PCURVE('',#13251,#14168);
#14168 = DEFINITIONAL_REPRESENTATION('',(#14169),#14173);
#14169 = LINE('',#14170,#14171);
#14170 = CARTESIAN_POINT('',(40.,0.));
#14171 = VECTOR('',#14172,1.);
#14172 = DIRECTION('',(0.,-1.));
#14173 = ( GEOMETRIC_REPRESENTATION_CONTEXT(2) 
PARAMETRIC_REPRESENTATION_CONTEXT() REPRESENTATION_CONTEXT('2D SPACE',''
  ) );
#14174 = PCURVE('',#13224,#14175);
#14175 = DEFINITIONAL_REPRESENTATION('',(#14176),#14180);
#14176 = LINE('',#14177,#14178);
#14177 = CARTESIAN_POINT('',(3.14159265359,0.));
#14178 = VECTOR('',#14179,1.);
#14179 = DIRECTION('',(0.,-1.));
#14180 = ( GEOMETRIC_REPRESENTATION_CONTEXT(2) 
PARAMETRIC_REPRESENTATION_CONTEXT() REPRESENTATION_CONTEXT('2D SPACE',''
  ) );
#14181 = FACE_BOUND('',#14182,.T.);
#14182 = EDGE_LOOP('',(#14183,#14206,#14227,#14248));
#14183 = ORIENTED_EDGE('',*,*,#14184,.F.);
#14184 = EDGE_CURVE('',#14185,#14187,#14189,.T.);
#14185 = VERTEX_POINT('',#14186);
#14186 = CARTESIAN_POINT('',(13.000000000001,-4.5,-5.1));
#14187 = VERTEX_POINT('',#14188);
#14188 = CARTESIAN_POINT('',(13.000000000001,4.5,-5.1));
#14189 = SURFACE_CURVE('',#14190,(#14194,#14200),.PCURVE_S1.);
#14190 = LINE('',#14191,#14192);
#14191 = CARTESIAN_POINT('',(13.000000000001,-12.25,-5.1));
#14192 = VECTOR('',#14193,1.);
#14193 = DIRECTION('',(0.,1.,-0.));
#14194 = PCURVE('',#13251,#14195);
#14195 = DEFINITIONAL_REPRESENTATION('',(#14196),#14199);
#14196 = B_SPLINE_CURVE_WITH_KNOTS('',1,(#14197,#14198),.UNSPECIFIED.,
  .F.,.F.,(2,2),(7.75,16.75),.PIECEWISE_BEZIER_KNOTS.);
#14197 = CARTESIAN_POINT('',(15.5,-1.65));
#14198 = CARTESIAN_POINT('',(24.5,-1.65));
#14199 = ( GEOMETRIC_REPRESENTATION_CONTEXT(2) 
PARAMETRIC_REPRESENTATION_CONTEXT() REPRESENTATION_CONTEXT('2D SPACE',''
  ) );
#14200 = PCURVE('',#13667,#14201);
#14201 = DEFINITIONAL_REPRESENTATION('',(#14202),#14205);
#14202 = B_SPLINE_CURVE_WITH_KNOTS('',1,(#14203,#14204),.UNSPECIFIED.,
  .F.,.F.,(2,2),(7.75,16.75),.PIECEWISE_BEZIER_KNOTS.);
#14203 = CARTESIAN_POINT('',(1.500000000001,0.));
#14204 = CARTESIAN_POINT('',(1.500000000001,9.));
#14205 = ( GEOMETRIC_REPRESENTATION_CONTEXT(2) 
PARAMETRIC_REPRESENTATION_CONTEXT() REPRESENTATION_CONTEXT('2D SPACE',''
  ) );
#14206 = ORIENTED_EDGE('',*,*,#14207,.T.);
#14207 = EDGE_CURVE('',#14185,#14208,#14210,.T.);
#14208 = VERTEX_POINT('',#14209);
#14209 = CARTESIAN_POINT('',(13.000000000001,-4.5,-6.5));
#14210 = SURFACE_CURVE('',#14211,(#14215,#14221),.PCURVE_S1.);
#14211 = LINE('',#14212,#14213);
#14212 = CARTESIAN_POINT('',(13.000000000001,-4.5,-6.625));
#14213 = VECTOR('',#14214,1.);
#14214 = DIRECTION('',(0.,0.,-1.));
#14215 = PCURVE('',#13251,#14216);
#14216 = DEFINITIONAL_REPRESENTATION('',(#14217),#14220);
#14217 = B_SPLINE_CURVE_WITH_KNOTS('',1,(#14218,#14219),.UNSPECIFIED.,
  .F.,.F.,(2,2),(-1.525,-0.125),.PIECEWISE_BEZIER_KNOTS.);
#14218 = CARTESIAN_POINT('',(15.5,-1.65));
#14219 = CARTESIAN_POINT('',(15.5,-0.25));
#14220 = ( GEOMETRIC_REPRESENTATION_CONTEXT(2) 
PARAMETRIC_REPRESENTATION_CONTEXT() REPRESENTATION_CONTEXT('2D SPACE',''
  ) );
#14221 = PCURVE('',#13693,#14222);
#14222 = DEFINITIONAL_REPRESENTATION('',(#14223),#14226);
#14223 = B_SPLINE_CURVE_WITH_KNOTS('',1,(#14224,#14225),.UNSPECIFIED.,
  .F.,.F.,(2,2),(-1.525,-0.125),.PIECEWISE_BEZIER_KNOTS.);
#14224 = CARTESIAN_POINT('',(1.4,1.500000000001));
#14225 = CARTESIAN_POINT('',(0.,1.500000000001));
#14226 = ( GEOMETRIC_REPRESENTATION_CONTEXT(2) 
PARAMETRIC_REPRESENTATION_CONTEXT() REPRESENTATION_CONTEXT('2D SPACE',''
  ) );
#14227 = ORIENTED_EDGE('',*,*,#14228,.T.);
#14228 = EDGE_CURVE('',#14208,#14229,#14231,.T.);
#14229 = VERTEX_POINT('',#14230);
#14230 = CARTESIAN_POINT('',(13.000000000001,4.5,-6.5));
#14231 = SURFACE_CURVE('',#14232,(#14236,#14242),.PCURVE_S1.);
#14232 = LINE('',#14233,#14234);
#14233 = CARTESIAN_POINT('',(13.000000000001,-12.25,-6.5));
#14234 = VECTOR('',#14235,1.);
#14235 = DIRECTION('',(0.,1.,-0.));
#14236 = PCURVE('',#13251,#14237);
#14237 = DEFINITIONAL_REPRESENTATION('',(#14238),#14241);
#14238 = B_SPLINE_CURVE_WITH_KNOTS('',1,(#14239,#14240),.UNSPECIFIED.,
  .F.,.F.,(2,2),(7.75,16.75),.PIECEWISE_BEZIER_KNOTS.);
#14239 = CARTESIAN_POINT('',(15.5,-0.25));
#14240 = CARTESIAN_POINT('',(24.5,-0.25));
#14241 = ( GEOMETRIC_REPRESENTATION_CONTEXT(2) 
PARAMETRIC_REPRESENTATION_CONTEXT() REPRESENTATION_CONTEXT('2D SPACE',''
  ) );
#14242 = PCURVE('',#13719,#14243);
#14243 = DEFINITIONAL_REPRESENTATION('',(#14244),#14247);
#14244 = B_SPLINE_CURVE_WITH_KNOTS('',1,(#14245,#14246),.UNSPECIFIED.,
  .F.,.F.,(2,2),(7.75,16.75),.PIECEWISE_BEZIER_KNOTS.);
#14245 = CARTESIAN_POINT('',(1.500000000001,0.));
#14246 = CARTESIAN_POINT('',(1.500000000001,9.));
#14247 = ( GEOMETRIC_REPRESENTATION_CONTEXT(2) 
PARAMETRIC_REPRESENTATION_CONTEXT() REPRESENTATION_CONTEXT('2D SPACE',''
  ) );
#14248 = ORIENTED_EDGE('',*,*,#14249,.F.);
#14249 = EDGE_CURVE('',#14187,#14229,#14250,.T.);
#14250 = SURFACE_CURVE('',#14251,(#14255,#14261),.PCURVE_S1.);
#14251 = LINE('',#14252,#14253);
#14252 = CARTESIAN_POINT('',(13.000000000001,4.5,-6.625));
#14253 = VECTOR('',#14254,1.);
#14254 = DIRECTION('',(0.,0.,-1.));
#14255 = PCURVE('',#13251,#14256);
#14256 = DEFINITIONAL_REPRESENTATION('',(#14257),#14260);
#14257 = B_SPLINE_CURVE_WITH_KNOTS('',1,(#14258,#14259),.UNSPECIFIED.,
  .F.,.F.,(2,2),(-1.525,-0.125),.PIECEWISE_BEZIER_KNOTS.);
#14258 = CARTESIAN_POINT('',(24.5,-1.65));
#14259 = CARTESIAN_POINT('',(24.5,-0.25));
#14260 = ( GEOMETRIC_REPRESENTATION_CONTEXT(2) 
PARAMETRIC_REPRESENTATION_CONTEXT() REPRESENTATION_CONTEXT('2D SPACE',''
  ) );
#14261 = PCURVE('',#13743,#14262);
#14262 = DEFINITIONAL_REPRESENTATION('',(#14263),#14266);
#14263 = B_SPLINE_CURVE_WITH_KNOTS('',1,(#14264,#14265),.UNSPECIFIED.,
  .F.,.F.,(2,2),(-1.525,-0.125),.PIECEWISE_BEZIER_KNOTS.);
#14264 = CARTESIAN_POINT('',(1.4,1.500000000001));
#14265 = CARTESIAN_POINT('',(0.,1.500000000001));
#14266 = ( GEOMETRIC_REPRESENTATION_CONTEXT(2) 
PARAMETRIC_REPRESENTATION_CONTEXT() REPRESENTATION_CONTEXT('2D SPACE',''
  ) );
#14267 = ADVANCED_FACE('',(#14268),#13224,.F.);
#14268 = FACE_BOUND('',#14269,.F.);
#14269 = EDGE_LOOP('',(#14270,#14298,#14319,#14320));
#14270 = ORIENTED_EDGE('',*,*,#14271,.F.);
#14271 = EDGE_CURVE('',#14272,#14137,#14274,.T.);
#14272 = VERTEX_POINT('',#14273);
#14273 = CARTESIAN_POINT('',(11.999999995999,21.,-6.75));
#14274 = SURFACE_CURVE('',#14275,(#14280,#14287),.PCURVE_S1.);
#14275 = CIRCLE('',#14276,1.);
#14276 = AXIS2_PLACEMENT_3D('',#14277,#14278,#14279);
#14277 = CARTESIAN_POINT('',(11.999999995999,20.,-6.75));
#14278 = DIRECTION('',(0.,0.,-1.));
#14279 = DIRECTION('',(-1.,0.,0.));
#14280 = PCURVE('',#13224,#14281);
#14281 = DEFINITIONAL_REPRESENTATION('',(#14282),#14286);
#14282 = LINE('',#14283,#14284);
#14283 = CARTESIAN_POINT('',(0.,0.));
#14284 = VECTOR('',#14285,1.);
#14285 = DIRECTION('',(1.,0.));
#14286 = ( GEOMETRIC_REPRESENTATION_CONTEXT(2) 
PARAMETRIC_REPRESENTATION_CONTEXT() REPRESENTATION_CONTEXT('2D SPACE',''
  ) );
#14287 = PCURVE('',#13915,#14288);
#14288 = DEFINITIONAL_REPRESENTATION('',(#14289),#14297);
#14289 = ( BOUNDED_CURVE() B_SPLINE_CURVE(2,(#14290,#14291,#14292,#14293
    ,#14294,#14295,#14296),.UNSPECIFIED.,.T.,.F.) 
B_SPLINE_CURVE_WITH_KNOTS((1,2,2,2,2,1),(-2.094395102393,0.,
    2.094395102393,4.188790204786,6.28318530718,8.377580409573),
.UNSPECIFIED.) CURVE() GEOMETRIC_REPRESENTATION_ITEM() 
RATIONAL_B_SPLINE_CURVE((1.,0.5,1.,0.5,1.,0.5,1.)) REPRESENTATION_ITEM(
  '') );
#14290 = CARTESIAN_POINT('',(10.999999996807,20.));
#14291 = CARTESIAN_POINT('',(10.999999996807,21.732050807569));
#14292 = CARTESIAN_POINT('',(12.499999996807,20.866025403784));
#14293 = CARTESIAN_POINT('',(13.999999996807,20.));
#14294 = CARTESIAN_POINT('',(12.499999996807,19.133974596216));
#14295 = CARTESIAN_POINT('',(10.999999996807,18.267949192431));
#14296 = CARTESIAN_POINT('',(10.999999996807,20.));
#14297 = ( GEOMETRIC_REPRESENTATION_CONTEXT(2) 
PARAMETRIC_REPRESENTATION_CONTEXT() REPRESENTATION_CONTEXT('2D SPACE',''
  ) );
#14298 = ORIENTED_EDGE('',*,*,#14299,.T.);
#14299 = EDGE_CURVE('',#14272,#13178,#14300,.T.);
#14300 = SURFACE_CURVE('',#14301,(#14305,#14312),.PCURVE_S1.);
#14301 = LINE('',#14302,#14303);
#14302 = CARTESIAN_POINT('',(11.999999995999,21.,-6.75));
#14303 = VECTOR('',#14304,1.);
#14304 = DIRECTION('',(0.,0.,1.));
#14305 = PCURVE('',#13224,#14306);
#14306 = DEFINITIONAL_REPRESENTATION('',(#14307),#14311);
#14307 = LINE('',#14308,#14309);
#14308 = CARTESIAN_POINT('',(1.570796326795,0.));
#14309 = VECTOR('',#14310,1.);
#14310 = DIRECTION('',(0.,-1.));
#14311 = ( GEOMETRIC_REPRESENTATION_CONTEXT(2) 
PARAMETRIC_REPRESENTATION_CONTEXT() REPRESENTATION_CONTEXT('2D SPACE',''
  ) );
#14312 = PCURVE('',#13192,#14313);
#14313 = DEFINITIONAL_REPRESENTATION('',(#14314),#14318);
#14314 = LINE('',#14315,#14316);
#14315 = CARTESIAN_POINT('',(23.999999996,0.));
#14316 = VECTOR('',#14317,1.);
#14317 = DIRECTION('',(0.,-1.));
#14318 = ( GEOMETRIC_REPRESENTATION_CONTEXT(2) 
PARAMETRIC_REPRESENTATION_CONTEXT() REPRESENTATION_CONTEXT('2D SPACE',''
  ) );
#14319 = ORIENTED_EDGE('',*,*,#13203,.T.);
#14320 = ORIENTED_EDGE('',*,*,#14161,.F.);
#14321 = ADVANCED_FACE('',(#14322,#14370),#13192,.F.);
#14322 = FACE_BOUND('',#14323,.F.);
#14323 = EDGE_LOOP('',(#14324,#14347,#14368,#14369));
#14324 = ORIENTED_EDGE('',*,*,#14325,.F.);
#14325 = EDGE_CURVE('',#14326,#14272,#14328,.T.);
#14326 = VERTEX_POINT('',#14327);
#14327 = CARTESIAN_POINT('',(-12.,21.,-6.75));
#14328 = SURFACE_CURVE('',#14329,(#14333,#14340),.PCURVE_S1.);
#14329 = LINE('',#14330,#14331);
#14330 = CARTESIAN_POINT('',(7.567280135845E-13,21.,-6.75));
#14331 = VECTOR('',#14332,1.);
#14332 = DIRECTION('',(1.,0.,0.));
#14333 = PCURVE('',#13192,#14334);
#14334 = DEFINITIONAL_REPRESENTATION('',(#14335),#14339);
#14335 = LINE('',#14336,#14337);
#14336 = CARTESIAN_POINT('',(12.000000000002,0.));
#14337 = VECTOR('',#14338,1.);
#14338 = DIRECTION('',(1.,0.));
#14339 = ( GEOMETRIC_REPRESENTATION_CONTEXT(2) 
PARAMETRIC_REPRESENTATION_CONTEXT() REPRESENTATION_CONTEXT('2D SPACE',''
  ) );
#14340 = PCURVE('',#13915,#14341);
#14341 = DEFINITIONAL_REPRESENTATION('',(#14342),#14346);
#14342 = LINE('',#14343,#14344);
#14343 = CARTESIAN_POINT('',(8.085316272483E-10,21.));
#14344 = VECTOR('',#14345,1.);
#14345 = DIRECTION('',(1.,0.));
#14346 = ( GEOMETRIC_REPRESENTATION_CONTEXT(2) 
PARAMETRIC_REPRESENTATION_CONTEXT() REPRESENTATION_CONTEXT('2D SPACE',''
  ) );
#14347 = ORIENTED_EDGE('',*,*,#14348,.T.);
#14348 = EDGE_CURVE('',#14326,#13145,#14349,.T.);
#14349 = SURFACE_CURVE('',#14350,(#14354,#14361),.PCURVE_S1.);
#14350 = LINE('',#14351,#14352);
#14351 = CARTESIAN_POINT('',(-12.,21.,-6.75));
#14352 = VECTOR('',#14353,1.);
#14353 = DIRECTION('',(0.,0.,1.));
#14354 = PCURVE('',#13192,#14355);
#14355 = DEFINITIONAL_REPRESENTATION('',(#14356),#14360);
#14356 = LINE('',#14357,#14358);
#14357 = CARTESIAN_POINT('',(0.,0.));
#14358 = VECTOR('',#14359,1.);
#14359 = DIRECTION('',(0.,-1.));
#14360 = ( GEOMETRIC_REPRESENTATION_CONTEXT(2) 
PARAMETRIC_REPRESENTATION_CONTEXT() REPRESENTATION_CONTEXT('2D SPACE',''
  ) );
#14361 = PCURVE('',#13165,#14362);
#14362 = DEFINITIONAL_REPRESENTATION('',(#14363),#14367);
#14363 = LINE('',#14364,#14365);
#14364 = CARTESIAN_POINT('',(1.570796326795,0.));
#14365 = VECTOR('',#14366,1.);
#14366 = DIRECTION('',(0.,-1.));
#14367 = ( GEOMETRIC_REPRESENTATION_CONTEXT(2) 
PARAMETRIC_REPRESENTATION_CONTEXT() REPRESENTATION_CONTEXT('2D SPACE',''
  ) );
#14368 = ORIENTED_EDGE('',*,*,#13177,.F.);
#14369 = ORIENTED_EDGE('',*,*,#14299,.F.);
#14370 = FACE_BOUND('',#14371,.F.);
#14371 = EDGE_LOOP('',(#14372,#14395,#14416,#14437));
#14372 = ORIENTED_EDGE('',*,*,#14373,.F.);
#14373 = EDGE_CURVE('',#14374,#14376,#14378,.T.);
#14374 = VERTEX_POINT('',#14375);
#14375 = CARTESIAN_POINT('',(-3.5,21.,-1.85));
#14376 = VERTEX_POINT('',#14377);
#14377 = CARTESIAN_POINT('',(3.5,21.,-1.85));
#14378 = SURFACE_CURVE('',#14379,(#14383,#14389),.PCURVE_S1.);
#14379 = LINE('',#14380,#14381);
#14380 = CARTESIAN_POINT('',(-7.75,21.,-1.85));
#14381 = VECTOR('',#14382,1.);
#14382 = DIRECTION('',(1.,0.,0.));
#14383 = PCURVE('',#13192,#14384);
#14384 = DEFINITIONAL_REPRESENTATION('',(#14385),#14388);
#14385 = B_SPLINE_CURVE_WITH_KNOTS('',1,(#14386,#14387),.UNSPECIFIED.,
  .F.,.F.,(2,2),(4.25,11.25),.PIECEWISE_BEZIER_KNOTS.);
#14386 = CARTESIAN_POINT('',(8.500000000001,-4.9));
#14387 = CARTESIAN_POINT('',(15.500000000001,-4.9));
#14388 = ( GEOMETRIC_REPRESENTATION_CONTEXT(2) 
PARAMETRIC_REPRESENTATION_CONTEXT() REPRESENTATION_CONTEXT('2D SPACE',''
  ) );
#14389 = PCURVE('',#13807,#14390);
#14390 = DEFINITIONAL_REPRESENTATION('',(#14391),#14394);
#14391 = B_SPLINE_CURVE_WITH_KNOTS('',1,(#14392,#14393),.UNSPECIFIED.,
  .F.,.F.,(2,2),(4.25,11.25),.PIECEWISE_BEZIER_KNOTS.);
#14392 = CARTESIAN_POINT('',(0.,2.));
#14393 = CARTESIAN_POINT('',(7.,2.));
#14394 = ( GEOMETRIC_REPRESENTATION_CONTEXT(2) 
PARAMETRIC_REPRESENTATION_CONTEXT() REPRESENTATION_CONTEXT('2D SPACE',''
  ) );
#14395 = ORIENTED_EDGE('',*,*,#14396,.T.);
#14396 = EDGE_CURVE('',#14374,#14397,#14399,.T.);
#14397 = VERTEX_POINT('',#14398);
#14398 = CARTESIAN_POINT('',(-3.5,21.,-5.85));
#14399 = SURFACE_CURVE('',#14400,(#14404,#14410),.PCURVE_S1.);
#14400 = LINE('',#14401,#14402);
#14401 = CARTESIAN_POINT('',(-3.5,21.,-6.3));
#14402 = VECTOR('',#14403,1.);
#14403 = DIRECTION('',(-0.,0.,-1.));
#14404 = PCURVE('',#13192,#14405);
#14405 = DEFINITIONAL_REPRESENTATION('',(#14406),#14409);
#14406 = B_SPLINE_CURVE_WITH_KNOTS('',1,(#14407,#14408),.UNSPECIFIED.,
  .F.,.F.,(2,2),(-4.45,-0.45),.PIECEWISE_BEZIER_KNOTS.);
#14407 = CARTESIAN_POINT('',(8.500000000001,-4.9));
#14408 = CARTESIAN_POINT('',(8.500000000001,-0.9));
#14409 = ( GEOMETRIC_REPRESENTATION_CONTEXT(2) 
PARAMETRIC_REPRESENTATION_CONTEXT() REPRESENTATION_CONTEXT('2D SPACE',''
  ) );
#14410 = PCURVE('',#13833,#14411);
#14411 = DEFINITIONAL_REPRESENTATION('',(#14412),#14415);
#14412 = B_SPLINE_CURVE_WITH_KNOTS('',1,(#14413,#14414),.UNSPECIFIED.,
  .F.,.F.,(2,2),(-4.45,-0.45),.PIECEWISE_BEZIER_KNOTS.);
#14413 = CARTESIAN_POINT('',(4.,-2.));
#14414 = CARTESIAN_POINT('',(0.,-2.));
#14415 = ( GEOMETRIC_REPRESENTATION_CONTEXT(2) 
PARAMETRIC_REPRESENTATION_CONTEXT() REPRESENTATION_CONTEXT('2D SPACE',''
  ) );
#14416 = ORIENTED_EDGE('',*,*,#14417,.T.);
#14417 = EDGE_CURVE('',#14397,#14418,#14420,.T.);
#14418 = VERTEX_POINT('',#14419);
#14419 = CARTESIAN_POINT('',(3.5,21.,-5.85));
#14420 = SURFACE_CURVE('',#14421,(#14425,#14431),.PCURVE_S1.);
#14421 = LINE('',#14422,#14423);
#14422 = CARTESIAN_POINT('',(-7.75,21.,-5.85));
#14423 = VECTOR('',#14424,1.);
#14424 = DIRECTION('',(1.,0.,0.));
#14425 = PCURVE('',#13192,#14426);
#14426 = DEFINITIONAL_REPRESENTATION('',(#14427),#14430);
#14427 = B_SPLINE_CURVE_WITH_KNOTS('',1,(#14428,#14429),.UNSPECIFIED.,
  .F.,.F.,(2,2),(4.25,11.25),.PIECEWISE_BEZIER_KNOTS.);
#14428 = CARTESIAN_POINT('',(8.500000000001,-0.9));
#14429 = CARTESIAN_POINT('',(15.500000000001,-0.9));
#14430 = ( GEOMETRIC_REPRESENTATION_CONTEXT(2) 
PARAMETRIC_REPRESENTATION_CONTEXT() REPRESENTATION_CONTEXT('2D SPACE',''
  ) );
#14431 = PCURVE('',#13859,#14432);
#14432 = DEFINITIONAL_REPRESENTATION('',(#14433),#14436);
#14433 = B_SPLINE_CURVE_WITH_KNOTS('',1,(#14434,#14435),.UNSPECIFIED.,
  .F.,.F.,(2,2),(4.25,11.25),.PIECEWISE_BEZIER_KNOTS.);
#14434 = CARTESIAN_POINT('',(0.,2.));
#14435 = CARTESIAN_POINT('',(7.,2.));
#14436 = ( GEOMETRIC_REPRESENTATION_CONTEXT(2) 
PARAMETRIC_REPRESENTATION_CONTEXT() REPRESENTATION_CONTEXT('2D SPACE',''
  ) );
#14437 = ORIENTED_EDGE('',*,*,#14438,.F.);
#14438 = EDGE_CURVE('',#14376,#14418,#14439,.T.);
#14439 = SURFACE_CURVE('',#14440,(#14444,#14450),.PCURVE_S1.);
#14440 = LINE('',#14441,#14442);
#14441 = CARTESIAN_POINT('',(3.5,21.,-6.3));
#14442 = VECTOR('',#14443,1.);
#14443 = DIRECTION('',(-0.,0.,-1.));
#14444 = PCURVE('',#13192,#14445);
#14445 = DEFINITIONAL_REPRESENTATION('',(#14446),#14449);
#14446 = B_SPLINE_CURVE_WITH_KNOTS('',1,(#14447,#14448),.UNSPECIFIED.,
  .F.,.F.,(2,2),(-4.45,-0.45),.PIECEWISE_BEZIER_KNOTS.);
#14447 = CARTESIAN_POINT('',(15.500000000001,-4.9));
#14448 = CARTESIAN_POINT('',(15.500000000001,-0.9));
#14449 = ( GEOMETRIC_REPRESENTATION_CONTEXT(2) 
PARAMETRIC_REPRESENTATION_CONTEXT() REPRESENTATION_CONTEXT('2D SPACE',''
  ) );
#14450 = PCURVE('',#13883,#14451);
#14451 = DEFINITIONAL_REPRESENTATION('',(#14452),#14455);
#14452 = B_SPLINE_CURVE_WITH_KNOTS('',1,(#14453,#14454),.UNSPECIFIED.,
  .F.,.F.,(2,2),(-4.45,-0.45),.PIECEWISE_BEZIER_KNOTS.);
#14453 = CARTESIAN_POINT('',(4.,-2.));
#14454 = CARTESIAN_POINT('',(0.,-2.));
#14455 = ( GEOMETRIC_REPRESENTATION_CONTEXT(2) 
PARAMETRIC_REPRESENTATION_CONTEXT() REPRESENTATION_CONTEXT('2D SPACE',''
  ) );
#14456 = ADVANCED_FACE('',(#14457),#13165,.F.);
#14457 = FACE_BOUND('',#14458,.F.);
#14458 = EDGE_LOOP('',(#14459,#14485,#14486,#14487));
#14459 = ORIENTED_EDGE('',*,*,#14460,.F.);
#14460 = EDGE_CURVE('',#13900,#14326,#14461,.T.);
#14461 = SURFACE_CURVE('',#14462,(#14467,#14474),.PCURVE_S1.);
#14462 = CIRCLE('',#14463,1.);
#14463 = AXIS2_PLACEMENT_3D('',#14464,#14465,#14466);
#14464 = CARTESIAN_POINT('',(-12.,20.,-6.75));
#14465 = DIRECTION('',(0.,0.,-1.));
#14466 = DIRECTION('',(-1.,0.,0.));
#14467 = PCURVE('',#13165,#14468);
#14468 = DEFINITIONAL_REPRESENTATION('',(#14469),#14473);
#14469 = LINE('',#14470,#14471);
#14470 = CARTESIAN_POINT('',(0.,0.));
#14471 = VECTOR('',#14472,1.);
#14472 = DIRECTION('',(1.,0.));
#14473 = ( GEOMETRIC_REPRESENTATION_CONTEXT(2) 
PARAMETRIC_REPRESENTATION_CONTEXT() REPRESENTATION_CONTEXT('2D SPACE',''
  ) );
#14474 = PCURVE('',#13915,#14475);
#14475 = DEFINITIONAL_REPRESENTATION('',(#14476),#14484);
#14476 = ( BOUNDED_CURVE() B_SPLINE_CURVE(2,(#14477,#14478,#14479,#14480
    ,#14481,#14482,#14483),.UNSPECIFIED.,.T.,.F.) 
B_SPLINE_CURVE_WITH_KNOTS((1,2,2,2,2,1),(-2.094395102393,0.,
    2.094395102393,4.188790204786,6.28318530718,8.377580409573),
.UNSPECIFIED.) CURVE() GEOMETRIC_REPRESENTATION_ITEM() 
RATIONAL_B_SPLINE_CURVE((1.,0.5,1.,0.5,1.,0.5,1.)) REPRESENTATION_ITEM(
  '') );
#14477 = CARTESIAN_POINT('',(-12.99999999919,20.));
#14478 = CARTESIAN_POINT('',(-12.99999999919,21.732050807569));
#14479 = CARTESIAN_POINT('',(-11.49999999919,20.866025403784));
#14480 = CARTESIAN_POINT('',(-9.999999999193,20.));
#14481 = CARTESIAN_POINT('',(-11.49999999919,19.133974596216));
#14482 = CARTESIAN_POINT('',(-12.99999999919,18.267949192431));
#14483 = CARTESIAN_POINT('',(-12.99999999919,20.));
#14484 = ( GEOMETRIC_REPRESENTATION_CONTEXT(2) 
PARAMETRIC_REPRESENTATION_CONTEXT() REPRESENTATION_CONTEXT('2D SPACE',''
  ) );
#14485 = ORIENTED_EDGE('',*,*,#13949,.T.);
#14486 = ORIENTED_EDGE('',*,*,#13144,.T.);
#14487 = ORIENTED_EDGE('',*,*,#14348,.F.);
#14488 = ADVANCED_FACE('',(#14489),#13667,.F.);
#14489 = FACE_BOUND('',#14490,.F.);
#14490 = EDGE_LOOP('',(#14491,#14512,#14513,#14534));
#14491 = ORIENTED_EDGE('',*,*,#14492,.F.);
#14492 = EDGE_CURVE('',#14187,#13653,#14493,.T.);
#14493 = SURFACE_CURVE('',#14494,(#14498,#14505),.PCURVE_S1.);
#14494 = LINE('',#14495,#14496);
#14495 = CARTESIAN_POINT('',(11.5,4.5,-5.1));
#14496 = VECTOR('',#14497,1.);
#14497 = DIRECTION('',(1.,0.,-0.));
#14498 = PCURVE('',#13667,#14499);
#14499 = DEFINITIONAL_REPRESENTATION('',(#14500),#14504);
#14500 = LINE('',#14501,#14502);
#14501 = CARTESIAN_POINT('',(0.,9.));
#14502 = VECTOR('',#14503,1.);
#14503 = DIRECTION('',(1.,0.));
#14504 = ( GEOMETRIC_REPRESENTATION_CONTEXT(2) 
PARAMETRIC_REPRESENTATION_CONTEXT() REPRESENTATION_CONTEXT('2D SPACE',''
  ) );
#14505 = PCURVE('',#13743,#14506);
#14506 = DEFINITIONAL_REPRESENTATION('',(#14507),#14511);
#14507 = LINE('',#14508,#14509);
#14508 = CARTESIAN_POINT('',(1.4,0.));
#14509 = VECTOR('',#14510,1.);
#14510 = DIRECTION('',(0.,1.));
#14511 = ( GEOMETRIC_REPRESENTATION_CONTEXT(2) 
PARAMETRIC_REPRESENTATION_CONTEXT() REPRESENTATION_CONTEXT('2D SPACE',''
  ) );
#14512 = ORIENTED_EDGE('',*,*,#14184,.F.);
#14513 = ORIENTED_EDGE('',*,*,#14514,.T.);
#14514 = EDGE_CURVE('',#14185,#13651,#14515,.T.);
#14515 = SURFACE_CURVE('',#14516,(#14520,#14527),.PCURVE_S1.);
#14516 = LINE('',#14517,#14518);
#14517 = CARTESIAN_POINT('',(11.5,-4.5,-5.1));
#14518 = VECTOR('',#14519,1.);
#14519 = DIRECTION('',(1.,0.,-0.));
#14520 = PCURVE('',#13667,#14521);
#14521 = DEFINITIONAL_REPRESENTATION('',(#14522),#14526);
#14522 = LINE('',#14523,#14524);
#14523 = CARTESIAN_POINT('',(0.,0.));
#14524 = VECTOR('',#14525,1.);
#14525 = DIRECTION('',(1.,0.));
#14526 = ( GEOMETRIC_REPRESENTATION_CONTEXT(2) 
PARAMETRIC_REPRESENTATION_CONTEXT() REPRESENTATION_CONTEXT('2D SPACE',''
  ) );
#14527 = PCURVE('',#13693,#14528);
#14528 = DEFINITIONAL_REPRESENTATION('',(#14529),#14533);
#14529 = LINE('',#14530,#14531);
#14530 = CARTESIAN_POINT('',(1.4,0.));
#14531 = VECTOR('',#14532,1.);
#14532 = DIRECTION('',(0.,1.));
#14533 = ( GEOMETRIC_REPRESENTATION_CONTEXT(2) 
PARAMETRIC_REPRESENTATION_CONTEXT() REPRESENTATION_CONTEXT('2D SPACE',''
  ) );
#14534 = ORIENTED_EDGE('',*,*,#13650,.T.);
#14535 = ADVANCED_FACE('',(#14536),#13743,.F.);
#14536 = FACE_BOUND('',#14537,.F.);
#14537 = EDGE_LOOP('',(#14538,#14559,#14560,#14561));
#14538 = ORIENTED_EDGE('',*,*,#14539,.F.);
#14539 = EDGE_CURVE('',#14229,#13705,#14540,.T.);
#14540 = SURFACE_CURVE('',#14541,(#14545,#14552),.PCURVE_S1.);
#14541 = LINE('',#14542,#14543);
#14542 = CARTESIAN_POINT('',(11.5,4.5,-6.5));
#14543 = VECTOR('',#14544,1.);
#14544 = DIRECTION('',(1.,0.,-0.));
#14545 = PCURVE('',#13743,#14546);
#14546 = DEFINITIONAL_REPRESENTATION('',(#14547),#14551);
#14547 = LINE('',#14548,#14549);
#14548 = CARTESIAN_POINT('',(0.,0.));
#14549 = VECTOR('',#14550,1.);
#14550 = DIRECTION('',(0.,1.));
#14551 = ( GEOMETRIC_REPRESENTATION_CONTEXT(2) 
PARAMETRIC_REPRESENTATION_CONTEXT() REPRESENTATION_CONTEXT('2D SPACE',''
  ) );
#14552 = PCURVE('',#13719,#14553);
#14553 = DEFINITIONAL_REPRESENTATION('',(#14554),#14558);
#14554 = LINE('',#14555,#14556);
#14555 = CARTESIAN_POINT('',(0.,9.));
#14556 = VECTOR('',#14557,1.);
#14557 = DIRECTION('',(1.,0.));
#14558 = ( GEOMETRIC_REPRESENTATION_CONTEXT(2) 
PARAMETRIC_REPRESENTATION_CONTEXT() REPRESENTATION_CONTEXT('2D SPACE',''
  ) );
#14559 = ORIENTED_EDGE('',*,*,#14249,.F.);
#14560 = ORIENTED_EDGE('',*,*,#14492,.T.);
#14561 = ORIENTED_EDGE('',*,*,#13730,.T.);
#14562 = ADVANCED_FACE('',(#14563),#13719,.T.);
#14563 = FACE_BOUND('',#14564,.T.);
#14564 = EDGE_LOOP('',(#14565,#14566,#14567,#14588));
#14565 = ORIENTED_EDGE('',*,*,#14539,.F.);
#14566 = ORIENTED_EDGE('',*,*,#14228,.F.);
#14567 = ORIENTED_EDGE('',*,*,#14568,.T.);
#14568 = EDGE_CURVE('',#14208,#13679,#14569,.T.);
#14569 = SURFACE_CURVE('',#14570,(#14574,#14581),.PCURVE_S1.);
#14570 = LINE('',#14571,#14572);
#14571 = CARTESIAN_POINT('',(11.5,-4.5,-6.5));
#14572 = VECTOR('',#14573,1.);
#14573 = DIRECTION('',(1.,0.,-0.));
#14574 = PCURVE('',#13719,#14575);
#14575 = DEFINITIONAL_REPRESENTATION('',(#14576),#14580);
#14576 = LINE('',#14577,#14578);
#14577 = CARTESIAN_POINT('',(0.,0.));
#14578 = VECTOR('',#14579,1.);
#14579 = DIRECTION('',(1.,0.));
#14580 = ( GEOMETRIC_REPRESENTATION_CONTEXT(2) 
PARAMETRIC_REPRESENTATION_CONTEXT() REPRESENTATION_CONTEXT('2D SPACE',''
  ) );
#14581 = PCURVE('',#13693,#14582);
#14582 = DEFINITIONAL_REPRESENTATION('',(#14583),#14587);
#14583 = LINE('',#14584,#14585);
#14584 = CARTESIAN_POINT('',(0.,0.));
#14585 = VECTOR('',#14586,1.);
#14586 = DIRECTION('',(0.,1.));
#14587 = ( GEOMETRIC_REPRESENTATION_CONTEXT(2) 
PARAMETRIC_REPRESENTATION_CONTEXT() REPRESENTATION_CONTEXT('2D SPACE',''
  ) );
#14588 = ORIENTED_EDGE('',*,*,#13704,.T.);
#14589 = ADVANCED_FACE('',(#14590),#13693,.T.);
#14590 = FACE_BOUND('',#14591,.T.);
#14591 = EDGE_LOOP('',(#14592,#14593,#14594,#14595));
#14592 = ORIENTED_EDGE('',*,*,#14568,.F.);
#14593 = ORIENTED_EDGE('',*,*,#14207,.F.);
#14594 = ORIENTED_EDGE('',*,*,#14514,.T.);
#14595 = ORIENTED_EDGE('',*,*,#13678,.T.);
#14596 = ADVANCED_FACE('',(#14597),#13807,.F.);
#14597 = FACE_BOUND('',#14598,.F.);
#14598 = EDGE_LOOP('',(#14599,#14620,#14621,#14642));
#14599 = ORIENTED_EDGE('',*,*,#14600,.F.);
#14600 = EDGE_CURVE('',#14374,#13791,#14601,.T.);
#14601 = SURFACE_CURVE('',#14602,(#14606,#14613),.PCURVE_S1.);
#14602 = LINE('',#14603,#14604);
#14603 = CARTESIAN_POINT('',(-3.5,19.,-1.85));
#14604 = VECTOR('',#14605,1.);
#14605 = DIRECTION('',(-0.,1.,0.));
#14606 = PCURVE('',#13807,#14607);
#14607 = DEFINITIONAL_REPRESENTATION('',(#14608),#14612);
#14608 = LINE('',#14609,#14610);
#14609 = CARTESIAN_POINT('',(0.,0.));
#14610 = VECTOR('',#14611,1.);
#14611 = DIRECTION('',(0.,1.));
#14612 = ( GEOMETRIC_REPRESENTATION_CONTEXT(2) 
PARAMETRIC_REPRESENTATION_CONTEXT() REPRESENTATION_CONTEXT('2D SPACE',''
  ) );
#14613 = PCURVE('',#13833,#14614);
#14614 = DEFINITIONAL_REPRESENTATION('',(#14615),#14619);
#14615 = LINE('',#14616,#14617);
#14616 = CARTESIAN_POINT('',(4.,0.));
#14617 = VECTOR('',#14618,1.);
#14618 = DIRECTION('',(0.,-1.));
#14619 = ( GEOMETRIC_REPRESENTATION_CONTEXT(2) 
PARAMETRIC_REPRESENTATION_CONTEXT() REPRESENTATION_CONTEXT('2D SPACE',''
  ) );
#14620 = ORIENTED_EDGE('',*,*,#14373,.T.);
#14621 = ORIENTED_EDGE('',*,*,#14622,.T.);
#14622 = EDGE_CURVE('',#14376,#13793,#14623,.T.);
#14623 = SURFACE_CURVE('',#14624,(#14628,#14635),.PCURVE_S1.);
#14624 = LINE('',#14625,#14626);
#14625 = CARTESIAN_POINT('',(3.5,19.,-1.85));
#14626 = VECTOR('',#14627,1.);
#14627 = DIRECTION('',(-0.,1.,0.));
#14628 = PCURVE('',#13807,#14629);
#14629 = DEFINITIONAL_REPRESENTATION('',(#14630),#14634);
#14630 = LINE('',#14631,#14632);
#14631 = CARTESIAN_POINT('',(7.,0.));
#14632 = VECTOR('',#14633,1.);
#14633 = DIRECTION('',(0.,1.));
#14634 = ( GEOMETRIC_REPRESENTATION_CONTEXT(2) 
PARAMETRIC_REPRESENTATION_CONTEXT() REPRESENTATION_CONTEXT('2D SPACE',''
  ) );
#14635 = PCURVE('',#13883,#14636);
#14636 = DEFINITIONAL_REPRESENTATION('',(#14637),#14641);
#14637 = LINE('',#14638,#14639);
#14638 = CARTESIAN_POINT('',(4.,0.));
#14639 = VECTOR('',#14640,1.);
#14640 = DIRECTION('',(0.,-1.));
#14641 = ( GEOMETRIC_REPRESENTATION_CONTEXT(2) 
PARAMETRIC_REPRESENTATION_CONTEXT() REPRESENTATION_CONTEXT('2D SPACE',''
  ) );
#14642 = ORIENTED_EDGE('',*,*,#13790,.F.);
#14643 = ADVANCED_FACE('',(#14644),#13883,.F.);
#14644 = FACE_BOUND('',#14645,.F.);
#14645 = EDGE_LOOP('',(#14646,#14647,#14648,#14669));
#14646 = ORIENTED_EDGE('',*,*,#14622,.F.);
#14647 = ORIENTED_EDGE('',*,*,#14438,.T.);
#14648 = ORIENTED_EDGE('',*,*,#14649,.T.);
#14649 = EDGE_CURVE('',#14418,#13845,#14650,.T.);
#14650 = SURFACE_CURVE('',#14651,(#14655,#14662),.PCURVE_S1.);
#14651 = LINE('',#14652,#14653);
#14652 = CARTESIAN_POINT('',(3.5,19.,-5.85));
#14653 = VECTOR('',#14654,1.);
#14654 = DIRECTION('',(-0.,1.,0.));
#14655 = PCURVE('',#13883,#14656);
#14656 = DEFINITIONAL_REPRESENTATION('',(#14657),#14661);
#14657 = LINE('',#14658,#14659);
#14658 = CARTESIAN_POINT('',(0.,0.));
#14659 = VECTOR('',#14660,1.);
#14660 = DIRECTION('',(0.,-1.));
#14661 = ( GEOMETRIC_REPRESENTATION_CONTEXT(2) 
PARAMETRIC_REPRESENTATION_CONTEXT() REPRESENTATION_CONTEXT('2D SPACE',''
  ) );
#14662 = PCURVE('',#13859,#14663);
#14663 = DEFINITIONAL_REPRESENTATION('',(#14664),#14668);
#14664 = LINE('',#14665,#14666);
#14665 = CARTESIAN_POINT('',(7.,0.));
#14666 = VECTOR('',#14667,1.);
#14667 = DIRECTION('',(0.,1.));
#14668 = ( GEOMETRIC_REPRESENTATION_CONTEXT(2) 
PARAMETRIC_REPRESENTATION_CONTEXT() REPRESENTATION_CONTEXT('2D SPACE',''
  ) );
#14669 = ORIENTED_EDGE('',*,*,#13870,.F.);
#14670 = ADVANCED_FACE('',(#14671),#13859,.T.);
#14671 = FACE_BOUND('',#14672,.T.);
#14672 = EDGE_LOOP('',(#14673,#14694,#14695,#14696));
#14673 = ORIENTED_EDGE('',*,*,#14674,.F.);
#14674 = EDGE_CURVE('',#14397,#13819,#14675,.T.);
#14675 = SURFACE_CURVE('',#14676,(#14680,#14687),.PCURVE_S1.);
#14676 = LINE('',#14677,#14678);
#14677 = CARTESIAN_POINT('',(-3.5,19.,-5.85));
#14678 = VECTOR('',#14679,1.);
#14679 = DIRECTION('',(-0.,1.,0.));
#14680 = PCURVE('',#13859,#14681);
#14681 = DEFINITIONAL_REPRESENTATION('',(#14682),#14686);
#14682 = LINE('',#14683,#14684);
#14683 = CARTESIAN_POINT('',(0.,0.));
#14684 = VECTOR('',#14685,1.);
#14685 = DIRECTION('',(0.,1.));
#14686 = ( GEOMETRIC_REPRESENTATION_CONTEXT(2) 
PARAMETRIC_REPRESENTATION_CONTEXT() REPRESENTATION_CONTEXT('2D SPACE',''
  ) );
#14687 = PCURVE('',#13833,#14688);
#14688 = DEFINITIONAL_REPRESENTATION('',(#14689),#14693);
#14689 = LINE('',#14690,#14691);
#14690 = CARTESIAN_POINT('',(0.,0.));
#14691 = VECTOR('',#14692,1.);
#14692 = DIRECTION('',(0.,-1.));
#14693 = ( GEOMETRIC_REPRESENTATION_CONTEXT(2) 
PARAMETRIC_REPRESENTATION_CONTEXT() REPRESENTATION_CONTEXT('2D SPACE',''
  ) );
#14694 = ORIENTED_EDGE('',*,*,#14417,.T.);
#14695 = ORIENTED_EDGE('',*,*,#14649,.T.);
#14696 = ORIENTED_EDGE('',*,*,#13844,.F.);
#14697 = ADVANCED_FACE('',(#14698),#13833,.T.);
#14698 = FACE_BOUND('',#14699,.T.);
#14699 = EDGE_LOOP('',(#14700,#14701,#14702,#14703));
#14700 = ORIENTED_EDGE('',*,*,#14600,.F.);
#14701 = ORIENTED_EDGE('',*,*,#14396,.T.);
#14702 = ORIENTED_EDGE('',*,*,#14674,.T.);
#14703 = ORIENTED_EDGE('',*,*,#13818,.F.);
#14704 = ADVANCED_FACE('',(#14705),#13915,.T.);
#14705 = FACE_BOUND('',#14706,.T.);
#14706 = EDGE_LOOP('',(#14707,#14708,#14709,#14710,#14711,#14712,#14713,
    #14714));
#14707 = ORIENTED_EDGE('',*,*,#13897,.F.);
#14708 = ORIENTED_EDGE('',*,*,#13979,.F.);
#14709 = ORIENTED_EDGE('',*,*,#14033,.T.);
#14710 = ORIENTED_EDGE('',*,*,#14082,.F.);
#14711 = ORIENTED_EDGE('',*,*,#14136,.T.);
#14712 = ORIENTED_EDGE('',*,*,#14271,.F.);
#14713 = ORIENTED_EDGE('',*,*,#14325,.F.);
#14714 = ORIENTED_EDGE('',*,*,#14460,.F.);
#14715 = MANIFOLD_SOLID_BREP('',#14716);
#14716 = CLOSED_SHELL('',(#14717,#14837,#14915,#15167,#15303,#15548,
    #15575,#15602,#15795,#15822,#15849,#15859,#15914,#15969,#16024,
    #16079,#16083,#16087,#16091));
#14717 = ADVANCED_FACE('',(#14718),#14732,.T.);
#14718 = FACE_BOUND('',#14719,.T.);
#14719 = EDGE_LOOP('',(#14720,#14755,#14783,#14811));
#14720 = ORIENTED_EDGE('',*,*,#14721,.T.);
#14721 = EDGE_CURVE('',#14722,#14724,#14726,.T.);
#14722 = VERTEX_POINT('',#14723);
#14723 = CARTESIAN_POINT('',(-14.,-28.,-13.5));
#14724 = VERTEX_POINT('',#14725);
#14725 = CARTESIAN_POINT('',(-14.,-28.,-10.5));
#14726 = SURFACE_CURVE('',#14727,(#14731,#14743),.PCURVE_S1.);
#14727 = LINE('',#14728,#14729);
#14728 = CARTESIAN_POINT('',(-14.,-28.,-13.5));
#14729 = VECTOR('',#14730,1.);
#14730 = DIRECTION('',(0.,0.,1.));
#14731 = PCURVE('',#14732,#14737);
#14732 = PLANE('',#14733);
#14733 = AXIS2_PLACEMENT_3D('',#14734,#14735,#14736);
#14734 = CARTESIAN_POINT('',(-14.,-28.,-13.5));
#14735 = DIRECTION('',(-1.,0.,0.));
#14736 = DIRECTION('',(0.,1.,0.));
#14737 = DEFINITIONAL_REPRESENTATION('',(#14738),#14742);
#14738 = LINE('',#14739,#14740);
#14739 = CARTESIAN_POINT('',(0.,0.));
#14740 = VECTOR('',#14741,1.);
#14741 = DIRECTION('',(0.,-1.));
#14742 = ( GEOMETRIC_REPRESENTATION_CONTEXT(2) 
PARAMETRIC_REPRESENTATION_CONTEXT() REPRESENTATION_CONTEXT('2D SPACE',''
  ) );
#14743 = PCURVE('',#14744,#14749);
#14744 = CYLINDRICAL_SURFACE('',#14745,5.);
#14745 = AXIS2_PLACEMENT_3D('',#14746,#14747,#14748);
#14746 = CARTESIAN_POINT('',(-9.,-28.,-13.5));
#14747 = DIRECTION('',(-0.,-0.,-1.));
#14748 = DIRECTION('',(1.,0.,0.));
#14749 = DEFINITIONAL_REPRESENTATION('',(#14750),#14754);
#14750 = LINE('',#14751,#14752);
#14751 = CARTESIAN_POINT('',(-3.14159265359,0.));
#14752 = VECTOR('',#14753,1.);
#14753 = DIRECTION('',(-0.,-1.));
#14754 = ( GEOMETRIC_REPRESENTATION_CONTEXT(2) 
PARAMETRIC_REPRESENTATION_CONTEXT() REPRESENTATION_CONTEXT('2D SPACE',''
  ) );
#14755 = ORIENTED_EDGE('',*,*,#14756,.T.);
#14756 = EDGE_CURVE('',#14724,#14757,#14759,.T.);
#14757 = VERTEX_POINT('',#14758);
#14758 = CARTESIAN_POINT('',(-14.,28.,-10.5));
#14759 = SURFACE_CURVE('',#14760,(#14764,#14771),.PCURVE_S1.);
#14760 = LINE('',#14761,#14762);
#14761 = CARTESIAN_POINT('',(-14.,0.,-10.5));
#14762 = VECTOR('',#14763,1.);
#14763 = DIRECTION('',(0.,1.,0.));
#14764 = PCURVE('',#14732,#14765);
#14765 = DEFINITIONAL_REPRESENTATION('',(#14766),#14770);
#14766 = LINE('',#14767,#14768);
#14767 = CARTESIAN_POINT('',(28.,-3.));
#14768 = VECTOR('',#14769,1.);
#14769 = DIRECTION('',(1.,0.));
#14770 = ( GEOMETRIC_REPRESENTATION_CONTEXT(2) 
PARAMETRIC_REPRESENTATION_CONTEXT() REPRESENTATION_CONTEXT('2D SPACE',''
  ) );
#14771 = PCURVE('',#14772,#14777);
#14772 = PLANE('',#14773);
#14773 = AXIS2_PLACEMENT_3D('',#14774,#14775,#14776);
#14774 = CARTESIAN_POINT('',(-1.240334468121E-08,-2.142839001897E-15,
    -10.5));
#14775 = DIRECTION('',(0.,0.,1.));
#14776 = DIRECTION('',(1.,0.,-0.));
#14777 = DEFINITIONAL_REPRESENTATION('',(#14778),#14782);
#14778 = LINE('',#14779,#14780);
#14779 = CARTESIAN_POINT('',(-13.99999998759,2.142839001897E-15));
#14780 = VECTOR('',#14781,1.);
#14781 = DIRECTION('',(0.,1.));
#14782 = ( GEOMETRIC_REPRESENTATION_CONTEXT(2) 
PARAMETRIC_REPRESENTATION_CONTEXT() REPRESENTATION_CONTEXT('2D SPACE',''
  ) );
#14783 = ORIENTED_EDGE('',*,*,#14784,.F.);
#14784 = EDGE_CURVE('',#14785,#14757,#14787,.T.);
#14785 = VERTEX_POINT('',#14786);
#14786 = CARTESIAN_POINT('',(-14.,28.,-13.5));
#14787 = SURFACE_CURVE('',#14788,(#14792,#14799),.PCURVE_S1.);
#14788 = LINE('',#14789,#14790);
#14789 = CARTESIAN_POINT('',(-14.,28.,-13.5));
#14790 = VECTOR('',#14791,1.);
#14791 = DIRECTION('',(0.,0.,1.));
#14792 = PCURVE('',#14732,#14793);
#14793 = DEFINITIONAL_REPRESENTATION('',(#14794),#14798);
#14794 = LINE('',#14795,#14796);
#14795 = CARTESIAN_POINT('',(56.,0.));
#14796 = VECTOR('',#14797,1.);
#14797 = DIRECTION('',(0.,-1.));
#14798 = ( GEOMETRIC_REPRESENTATION_CONTEXT(2) 
PARAMETRIC_REPRESENTATION_CONTEXT() REPRESENTATION_CONTEXT('2D SPACE',''
  ) );
#14799 = PCURVE('',#14800,#14805);
#14800 = CYLINDRICAL_SURFACE('',#14801,5.);
#14801 = AXIS2_PLACEMENT_3D('',#14802,#14803,#14804);
#14802 = CARTESIAN_POINT('',(-9.,28.,-13.5));
#14803 = DIRECTION('',(-0.,-0.,-1.));
#14804 = DIRECTION('',(1.,0.,0.));
#14805 = DEFINITIONAL_REPRESENTATION('',(#14806),#14810);
#14806 = LINE('',#14807,#14808);
#14807 = CARTESIAN_POINT('',(-3.14159265359,0.));
#14808 = VECTOR('',#14809,1.);
#14809 = DIRECTION('',(-0.,-1.));
#14810 = ( GEOMETRIC_REPRESENTATION_CONTEXT(2) 
PARAMETRIC_REPRESENTATION_CONTEXT() REPRESENTATION_CONTEXT('2D SPACE',''
  ) );
#14811 = ORIENTED_EDGE('',*,*,#14812,.F.);
#14812 = EDGE_CURVE('',#14722,#14785,#14813,.T.);
#14813 = SURFACE_CURVE('',#14814,(#14818,#14825),.PCURVE_S1.);
#14814 = LINE('',#14815,#14816);
#14815 = CARTESIAN_POINT('',(-14.,0.,-13.5));
#14816 = VECTOR('',#14817,1.);
#14817 = DIRECTION('',(0.,1.,0.));
#14818 = PCURVE('',#14732,#14819);
#14819 = DEFINITIONAL_REPRESENTATION('',(#14820),#14824);
#14820 = LINE('',#14821,#14822);
#14821 = CARTESIAN_POINT('',(28.,0.));
#14822 = VECTOR('',#14823,1.);
#14823 = DIRECTION('',(1.,0.));
#14824 = ( GEOMETRIC_REPRESENTATION_CONTEXT(2) 
PARAMETRIC_REPRESENTATION_CONTEXT() REPRESENTATION_CONTEXT('2D SPACE',''
  ) );
#14825 = PCURVE('',#14826,#14831);
#14826 = PLANE('',#14827);
#14827 = AXIS2_PLACEMENT_3D('',#14828,#14829,#14830);
#14828 = CARTESIAN_POINT('',(-1.240334468121E-08,-2.142839001897E-15,
    -13.5));
#14829 = DIRECTION('',(0.,0.,1.));
#14830 = DIRECTION('',(1.,0.,-0.));
#14831 = DEFINITIONAL_REPRESENTATION('',(#14832),#14836);
#14832 = LINE('',#14833,#14834);
#14833 = CARTESIAN_POINT('',(-13.99999998759,2.142839001897E-15));
#14834 = VECTOR('',#14835,1.);
#14835 = DIRECTION('',(0.,1.));
#14836 = ( GEOMETRIC_REPRESENTATION_CONTEXT(2) 
PARAMETRIC_REPRESENTATION_CONTEXT() REPRESENTATION_CONTEXT('2D SPACE',''
  ) );
#14837 = ADVANCED_FACE('',(#14838),#14744,.T.);
#14838 = FACE_BOUND('',#14839,.F.);
#14839 = EDGE_LOOP('',(#14840,#14841,#14865,#14893));
#14840 = ORIENTED_EDGE('',*,*,#14721,.T.);
#14841 = ORIENTED_EDGE('',*,*,#14842,.T.);
#14842 = EDGE_CURVE('',#14724,#14843,#14845,.T.);
#14843 = VERTEX_POINT('',#14844);
#14844 = CARTESIAN_POINT('',(-9.,-33.,-10.5));
#14845 = SURFACE_CURVE('',#14846,(#14851,#14858),.PCURVE_S1.);
#14846 = CIRCLE('',#14847,5.);
#14847 = AXIS2_PLACEMENT_3D('',#14848,#14849,#14850);
#14848 = CARTESIAN_POINT('',(-9.,-28.,-10.5));
#14849 = DIRECTION('',(0.,0.,1.));
#14850 = DIRECTION('',(1.,0.,0.));
#14851 = PCURVE('',#14744,#14852);
#14852 = DEFINITIONAL_REPRESENTATION('',(#14853),#14857);
#14853 = LINE('',#14854,#14855);
#14854 = CARTESIAN_POINT('',(-0.,-3.));
#14855 = VECTOR('',#14856,1.);
#14856 = DIRECTION('',(-1.,0.));
#14857 = ( GEOMETRIC_REPRESENTATION_CONTEXT(2) 
PARAMETRIC_REPRESENTATION_CONTEXT() REPRESENTATION_CONTEXT('2D SPACE',''
  ) );
#14858 = PCURVE('',#14772,#14859);
#14859 = DEFINITIONAL_REPRESENTATION('',(#14860),#14864);
#14860 = CIRCLE('',#14861,5.);
#14861 = AXIS2_PLACEMENT_2D('',#14862,#14863);
#14862 = CARTESIAN_POINT('',(-8.999999987597,-28.));
#14863 = DIRECTION('',(1.,0.));
#14864 = ( GEOMETRIC_REPRESENTATION_CONTEXT(2) 
PARAMETRIC_REPRESENTATION_CONTEXT() REPRESENTATION_CONTEXT('2D SPACE',''
  ) );
#14865 = ORIENTED_EDGE('',*,*,#14866,.F.);
#14866 = EDGE_CURVE('',#14867,#14843,#14869,.T.);
#14867 = VERTEX_POINT('',#14868);
#14868 = CARTESIAN_POINT('',(-9.,-33.,-13.5));
#14869 = SURFACE_CURVE('',#14870,(#14874,#14881),.PCURVE_S1.);
#14870 = LINE('',#14871,#14872);
#14871 = CARTESIAN_POINT('',(-9.,-33.,-13.5));
#14872 = VECTOR('',#14873,1.);
#14873 = DIRECTION('',(0.,0.,1.));
#14874 = PCURVE('',#14744,#14875);
#14875 = DEFINITIONAL_REPRESENTATION('',(#14876),#14880);
#14876 = LINE('',#14877,#14878);
#14877 = CARTESIAN_POINT('',(-4.712388980385,0.));
#14878 = VECTOR('',#14879,1.);
#14879 = DIRECTION('',(-0.,-1.));
#14880 = ( GEOMETRIC_REPRESENTATION_CONTEXT(2) 
PARAMETRIC_REPRESENTATION_CONTEXT() REPRESENTATION_CONTEXT('2D SPACE',''
  ) );
#14881 = PCURVE('',#14882,#14887);
#14882 = PLANE('',#14883);
#14883 = AXIS2_PLACEMENT_3D('',#14884,#14885,#14886);
#14884 = CARTESIAN_POINT('',(-9.,-33.,-13.5));
#14885 = DIRECTION('',(0.,1.,0.));
#14886 = DIRECTION('',(1.,0.,0.));
#14887 = DEFINITIONAL_REPRESENTATION('',(#14888),#14892);
#14888 = LINE('',#14889,#14890);
#14889 = CARTESIAN_POINT('',(0.,0.));
#14890 = VECTOR('',#14891,1.);
#14891 = DIRECTION('',(0.,-1.));
#14892 = ( GEOMETRIC_REPRESENTATION_CONTEXT(2) 
PARAMETRIC_REPRESENTATION_CONTEXT() REPRESENTATION_CONTEXT('2D SPACE',''
  ) );
#14893 = ORIENTED_EDGE('',*,*,#14894,.F.);
#14894 = EDGE_CURVE('',#14722,#14867,#14895,.T.);
#14895 = SURFACE_CURVE('',#14896,(#14901,#14908),.PCURVE_S1.);
#14896 = CIRCLE('',#14897,5.);
#14897 = AXIS2_PLACEMENT_3D('',#14898,#14899,#14900);
#14898 = CARTESIAN_POINT('',(-9.,-28.,-13.5));
#14899 = DIRECTION('',(0.,0.,1.));
#14900 = DIRECTION('',(1.,0.,0.));
#14901 = PCURVE('',#14744,#14902);
#14902 = DEFINITIONAL_REPRESENTATION('',(#14903),#14907);
#14903 = LINE('',#14904,#14905);
#14904 = CARTESIAN_POINT('',(-0.,0.));
#14905 = VECTOR('',#14906,1.);
#14906 = DIRECTION('',(-1.,0.));
#14907 = ( GEOMETRIC_REPRESENTATION_CONTEXT(2) 
PARAMETRIC_REPRESENTATION_CONTEXT() REPRESENTATION_CONTEXT('2D SPACE',''
  ) );
#14908 = PCURVE('',#14826,#14909);
#14909 = DEFINITIONAL_REPRESENTATION('',(#14910),#14914);
#14910 = CIRCLE('',#14911,5.);
#14911 = AXIS2_PLACEMENT_2D('',#14912,#14913);
#14912 = CARTESIAN_POINT('',(-8.999999987597,-28.));
#14913 = DIRECTION('',(1.,0.));
#14914 = ( GEOMETRIC_REPRESENTATION_CONTEXT(2) 
PARAMETRIC_REPRESENTATION_CONTEXT() REPRESENTATION_CONTEXT('2D SPACE',''
  ) );
#14915 = ADVANCED_FACE('',(#14916,#14993),#14800,.T.);
#14916 = FACE_BOUND('',#14917,.F.);
#14917 = EDGE_LOOP('',(#14918,#14948,#14970,#14971));
#14918 = ORIENTED_EDGE('',*,*,#14919,.T.);
#14919 = EDGE_CURVE('',#14920,#14922,#14924,.T.);
#14920 = VERTEX_POINT('',#14921);
#14921 = CARTESIAN_POINT('',(-9.,33.,-13.5));
#14922 = VERTEX_POINT('',#14923);
#14923 = CARTESIAN_POINT('',(-9.,33.,-10.5));
#14924 = SURFACE_CURVE('',#14925,(#14929,#14936),.PCURVE_S1.);
#14925 = LINE('',#14926,#14927);
#14926 = CARTESIAN_POINT('',(-9.,33.,-13.5));
#14927 = VECTOR('',#14928,1.);
#14928 = DIRECTION('',(0.,0.,1.));
#14929 = PCURVE('',#14800,#14930);
#14930 = DEFINITIONAL_REPRESENTATION('',(#14931),#14935);
#14931 = LINE('',#14932,#14933);
#14932 = CARTESIAN_POINT('',(-1.570796326795,0.));
#14933 = VECTOR('',#14934,1.);
#14934 = DIRECTION('',(-0.,-1.));
#14935 = ( GEOMETRIC_REPRESENTATION_CONTEXT(2) 
PARAMETRIC_REPRESENTATION_CONTEXT() REPRESENTATION_CONTEXT('2D SPACE',''
  ) );
#14936 = PCURVE('',#14937,#14942);
#14937 = PLANE('',#14938);
#14938 = AXIS2_PLACEMENT_3D('',#14939,#14940,#14941);
#14939 = CARTESIAN_POINT('',(-9.,33.,-13.5));
#14940 = DIRECTION('',(0.,1.,0.));
#14941 = DIRECTION('',(1.,0.,0.));
#14942 = DEFINITIONAL_REPRESENTATION('',(#14943),#14947);
#14943 = LINE('',#14944,#14945);
#14944 = CARTESIAN_POINT('',(0.,0.));
#14945 = VECTOR('',#14946,1.);
#14946 = DIRECTION('',(0.,-1.));
#14947 = ( GEOMETRIC_REPRESENTATION_CONTEXT(2) 
PARAMETRIC_REPRESENTATION_CONTEXT() REPRESENTATION_CONTEXT('2D SPACE',''
  ) );
#14948 = ORIENTED_EDGE('',*,*,#14949,.T.);
#14949 = EDGE_CURVE('',#14922,#14757,#14950,.T.);
#14950 = SURFACE_CURVE('',#14951,(#14956,#14963),.PCURVE_S1.);
#14951 = CIRCLE('',#14952,5.);
#14952 = AXIS2_PLACEMENT_3D('',#14953,#14954,#14955);
#14953 = CARTESIAN_POINT('',(-9.,28.,-10.5));
#14954 = DIRECTION('',(0.,0.,1.));
#14955 = DIRECTION('',(1.,0.,0.));
#14956 = PCURVE('',#14800,#14957);
#14957 = DEFINITIONAL_REPRESENTATION('',(#14958),#14962);
#14958 = LINE('',#14959,#14960);
#14959 = CARTESIAN_POINT('',(-0.,-3.));
#14960 = VECTOR('',#14961,1.);
#14961 = DIRECTION('',(-1.,0.));
#14962 = ( GEOMETRIC_REPRESENTATION_CONTEXT(2) 
PARAMETRIC_REPRESENTATION_CONTEXT() REPRESENTATION_CONTEXT('2D SPACE',''
  ) );
#14963 = PCURVE('',#14772,#14964);
#14964 = DEFINITIONAL_REPRESENTATION('',(#14965),#14969);
#14965 = CIRCLE('',#14966,5.);
#14966 = AXIS2_PLACEMENT_2D('',#14967,#14968);
#14967 = CARTESIAN_POINT('',(-8.999999987597,28.));
#14968 = DIRECTION('',(1.,0.));
#14969 = ( GEOMETRIC_REPRESENTATION_CONTEXT(2) 
PARAMETRIC_REPRESENTATION_CONTEXT() REPRESENTATION_CONTEXT('2D SPACE',''
  ) );
#14970 = ORIENTED_EDGE('',*,*,#14784,.F.);
#14971 = ORIENTED_EDGE('',*,*,#14972,.F.);
#14972 = EDGE_CURVE('',#14920,#14785,#14973,.T.);
#14973 = SURFACE_CURVE('',#14974,(#14979,#14986),.PCURVE_S1.);
#14974 = CIRCLE('',#14975,5.);
#14975 = AXIS2_PLACEMENT_3D('',#14976,#14977,#14978);
#14976 = CARTESIAN_POINT('',(-9.,28.,-13.5));
#14977 = DIRECTION('',(0.,0.,1.));
#14978 = DIRECTION('',(1.,0.,0.));
#14979 = PCURVE('',#14800,#14980);
#14980 = DEFINITIONAL_REPRESENTATION('',(#14981),#14985);
#14981 = LINE('',#14982,#14983);
#14982 = CARTESIAN_POINT('',(-0.,0.));
#14983 = VECTOR('',#14984,1.);
#14984 = DIRECTION('',(-1.,0.));
#14985 = ( GEOMETRIC_REPRESENTATION_CONTEXT(2) 
PARAMETRIC_REPRESENTATION_CONTEXT() REPRESENTATION_CONTEXT('2D SPACE',''
  ) );
#14986 = PCURVE('',#14826,#14987);
#14987 = DEFINITIONAL_REPRESENTATION('',(#14988),#14992);
#14988 = CIRCLE('',#14989,5.);
#14989 = AXIS2_PLACEMENT_2D('',#14990,#14991);
#14990 = CARTESIAN_POINT('',(-8.999999987597,28.));
#14991 = DIRECTION('',(1.,0.));
#14992 = ( GEOMETRIC_REPRESENTATION_CONTEXT(2) 
PARAMETRIC_REPRESENTATION_CONTEXT() REPRESENTATION_CONTEXT('2D SPACE',''
  ) );
#14993 = FACE_BOUND('',#14994,.F.);
#14994 = EDGE_LOOP('',(#14995));
#14995 = ORIENTED_EDGE('',*,*,#14996,.F.);
#14996 = EDGE_CURVE('',#14997,#14997,#14999,.T.);
#14997 = VERTEX_POINT('',#14998);
#14998 = CARTESIAN_POINT('',(-13.58257569495,30.,-12.9));
#14999 = SURFACE_CURVE('',#15000,(#15052,#15107),.PCURVE_S1.);
#15000 = B_SPLINE_CURVE_WITH_KNOTS('',8,(#15001,#15002,#15003,#15004,
    #15005,#15006,#15007,#15008,#15009,#15010,#15011,#15012,#15013,
    #15014,#15015,#15016,#15017,#15018,#15019,#15020,#15021,#15022,
    #15023,#15024,#15025,#15026,#15027,#15028,#15029,#15030,#15031,
    #15032,#15033,#15034,#15035,#15036,#15037,#15038,#15039,#15040,
    #15041,#15042,#15043,#15044,#15045,#15046,#15047,#15048,#15049,
    #15050,#15051),.UNSPECIFIED.,.T.,.F.,(9,7,7,7,7,7,7,9),(0.,
    0.137493228413,0.251042920731,0.395448325662,0.53043060703,
    0.749328355716,0.874603926994,1.),.UNSPECIFIED.);
#15001 = CARTESIAN_POINT('',(-13.58257569495,30.,-12.9));
#15002 = CARTESIAN_POINT('',(-13.53703193669,30.104353859844,-12.9));
#15003 = CARTESIAN_POINT('',(-13.48912671073,30.206710755296,
    -12.8861719071));
#15004 = CARTESIAN_POINT('',(-13.43973845849,30.305258929256,
    -12.85944103409));
#15005 = CARTESIAN_POINT('',(-13.38995070403,30.398423759074,
    -12.82086612106));
#15006 = CARTESIAN_POINT('',(-13.34101751256,30.484849332859,
    -12.77163805021));
#15007 = CARTESIAN_POINT('',(-13.29428587554,30.563395624201,
    -12.71307080118));
#15008 = CARTESIAN_POINT('',(-13.25107502226,30.633151265297,
    -12.64658464701));
#15009 = CARTESIAN_POINT('',(-13.1806656743,30.74326987045,
    -12.51347411946));
#15010 = CARTESIAN_POINT('',(-13.15175374824,30.787004872424,
    -12.44844407621));
#15011 = CARTESIAN_POINT('',(-13.12650097645,30.824120627798,
    -12.37933621537));
#15012 = CARTESIAN_POINT('',(-13.10555611242,30.854218658413,
    -12.3069328938));
#15013 = CARTESIAN_POINT('',(-13.08944740533,30.87701551986,
    -12.2320221904));
#15014 = CARTESIAN_POINT('',(-13.0785523533,30.8923170999,
    -12.15538235001));
#15015 = CARTESIAN_POINT('',(-13.07308237088,30.9,-12.07778255145));
#15016 = CARTESIAN_POINT('',(-13.07308237088,30.9,-11.90108101034));
#15017 = CARTESIAN_POINT('',(-13.0819292805,30.887574636419,
    -11.80268266465));
#15018 = CARTESIAN_POINT('',(-13.099459098,30.862952872657,
    -11.70629090621));
#15019 = CARTESIAN_POINT('',(-13.12513286394,30.82644629087,
    -11.61336642027));
#15020 = CARTESIAN_POINT('',(-13.15802826468,30.778486798826,
    -11.52540397004));
#15021 = CARTESIAN_POINT('',(-13.19690334708,30.719705669863,
    -11.44394263222));
#15022 = CARTESIAN_POINT('',(-13.24031098161,30.65101861556,
    -11.37051683249));
#15023 = CARTESIAN_POINT('',(-13.33014455409,30.501391166153,
    -11.24673424125));
#15024 = CARTESIAN_POINT('',(-13.37679746467,30.42052837756,
    -11.19434554863));
#15025 = CARTESIAN_POINT('',(-13.42540667162,30.332069278344,
    -11.15119574453));
#15026 = CARTESIAN_POINT('',(-13.47452650402,30.237365991874,
    -11.11880055845));
#15027 = CARTESIAN_POINT('',(-13.52279670491,30.138044851822,
    -11.09836191786));
#15028 = CARTESIAN_POINT('',(-13.56908186199,30.035934157423,
    -11.09076100684));
#15029 = CARTESIAN_POINT('',(-13.61252675305,29.933011024975,
    -11.09654989705));
#15030 = CARTESIAN_POINT('',(-13.71742964695,29.666506459682,
    -11.14738836181));
#15031 = CARTESIAN_POINT('',(-13.76986605898,29.513704820626,
    -11.21294546586));
#15032 = CARTESIAN_POINT('',(-13.8098477353,29.379067448707,
    -11.30731972933));
#15033 = CARTESIAN_POINT('',(-13.83889811219,29.267405665991,
    -11.42521196373));
#15034 = CARTESIAN_POINT('',(-13.85889469987,29.182482660523,
    -11.56051504112));
#15035 = CARTESIAN_POINT('',(-13.87149667188,29.126618794017,
    -11.70635304535));
#15036 = CARTESIAN_POINT('',(-13.8774993593,29.1,-11.85521597231));
#15037 = CARTESIAN_POINT('',(-13.8774993593,29.1,-12.0828601568));
#15038 = CARTESIAN_POINT('',(-13.87553317296,29.108718541519,
    -12.165858273));
#15039 = CARTESIAN_POINT('',(-13.87158906876,29.126206286579,
    -12.24813010152));
#15040 = CARTESIAN_POINT('',(-13.86557261898,29.152477605685,
    -12.32878963761));
#15041 = CARTESIAN_POINT('',(-13.85730418402,29.187502569052,
    -12.40691859278));
#15042 = CARTESIAN_POINT('',(-13.8465214156,29.231197541298,
    -12.48155081916));
#15043 = CARTESIAN_POINT('',(-13.83288677884,29.283414379601,
    -12.55165168415));
#15044 = CARTESIAN_POINT('',(-13.79909716449,29.404500298911,
    -12.6805950916));
#15045 = CARTESIAN_POINT('',(-13.77883926466,29.473731718415,
    -12.73979514035));
#15046 = CARTESIAN_POINT('',(-13.75497146556,29.550807748718,
    -12.7916400486));
#15047 = CARTESIAN_POINT('',(-13.72733157402,29.634430188851,
    -12.83451425348));
#15048 = CARTESIAN_POINT('',(-13.69590826887,29.722986430969,
    -12.86725767632));
#15049 = CARTESIAN_POINT('',(-13.66092304674,29.814680222341,
    -12.88916711643));
#15050 = CARTESIAN_POINT('',(-13.6228860306,29.907637417791,-12.9));
#15051 = CARTESIAN_POINT('',(-13.58257569495,30.,-12.9));
#15052 = PCURVE('',#14800,#15053);
#15053 = DEFINITIONAL_REPRESENTATION('',(#15054),#15106);
#15054 = B_SPLINE_CURVE_WITH_KNOTS('',8,(#15055,#15056,#15057,#15058,
    #15059,#15060,#15061,#15062,#15063,#15064,#15065,#15066,#15067,
    #15068,#15069,#15070,#15071,#15072,#15073,#15074,#15075,#15076,
    #15077,#15078,#15079,#15080,#15081,#15082,#15083,#15084,#15085,
    #15086,#15087,#15088,#15089,#15090,#15091,#15092,#15093,#15094,
    #15095,#15096,#15097,#15098,#15099,#15100,#15101,#15102,#15103,
    #15104,#15105),.UNSPECIFIED.,.T.,.F.,(9,7,7,7,7,7,7,9),(0.,
    0.137493228413,0.251042920731,0.395448325662,0.53043060703,
    0.749328355716,0.874603926994,1.),.UNSPECIFIED.);
#15055 = CARTESIAN_POINT('',(-2.730075807522,-0.6));
#15056 = CARTESIAN_POINT('',(-2.707303928389,-0.6));
#15057 = CARTESIAN_POINT('',(-2.684709136969,-0.613828092893));
#15058 = CARTESIAN_POINT('',(-2.66267603882,-0.640558965908));
#15059 = CARTESIAN_POINT('',(-2.641562678937,-0.679133878936));
#15060 = CARTESIAN_POINT('',(-2.621709072403,-0.728361949785));
#15061 = CARTESIAN_POINT('',(-2.603434762153,-0.78692919882));
#15062 = CARTESIAN_POINT('',(-2.587025403849,-0.853415352988));
#15063 = CARTESIAN_POINT('',(-2.560884567228,-0.986525880535));
#15064 = CARTESIAN_POINT('',(-2.550400310662,-1.051555923785));
#15065 = CARTESIAN_POINT('',(-2.541422968948,-1.120663784625));
#15066 = CARTESIAN_POINT('',(-2.534089772577,-1.193067106199));
#15067 = CARTESIAN_POINT('',(-2.528507062985,-1.267977809591));
#15068 = CARTESIAN_POINT('',(-2.524750175348,-1.344617649986));
#15069 = CARTESIAN_POINT('',(-2.522863962918,-1.422217448546));
#15070 = CARTESIAN_POINT('',(-2.522863962918,-1.598918989651));
#15071 = CARTESIAN_POINT('',(-2.525914590385,-1.697317335344));
#15072 = CARTESIAN_POINT('',(-2.53195948393,-1.793709093787));
#15073 = CARTESIAN_POINT('',(-2.540885474093,-1.88663357973));
#15074 = CARTESIAN_POINT('',(-2.552514950617,-1.974596029958));
#15075 = CARTESIAN_POINT('',(-2.566605166414,-2.056057367777));
#15076 = CARTESIAN_POINT('',(-2.582851611198,-2.129483167508));
#15077 = CARTESIAN_POINT('',(-2.61775630679,-2.253265758749));
#15078 = CARTESIAN_POINT('',(-2.63642460452,-2.30565445137));
#15079 = CARTESIAN_POINT('',(-2.656604201366,-2.348804255469));
#15080 = CARTESIAN_POINT('',(-2.677928085977,-2.381199441549));
#15081 = CARTESIAN_POINT('',(-2.699998619862,-2.401638082134));
#15082 = CARTESIAN_POINT('',(-2.722408028161,-2.409238993159));
#15083 = CARTESIAN_POINT('',(-2.744744723057,-2.40345010295));
#15084 = CARTESIAN_POINT('',(-2.802026238565,-2.352611638182));
#15085 = CARTESIAN_POINT('',(-2.83430409155,-2.287054534133));
#15086 = CARTESIAN_POINT('',(-2.862356777135,-2.192680270662));
#15087 = CARTESIAN_POINT('',(-2.885418332814,-2.074788036269));
#15088 = CARTESIAN_POINT('',(-2.902867399014,-1.939484958877));
#15089 = CARTESIAN_POINT('',(-2.914320703909,-1.793646954641));
#15090 = CARTESIAN_POINT('',(-2.919778183093,-1.644784027684));
#15091 = CARTESIAN_POINT('',(-2.919778183093,-1.417139843197));
#15092 = CARTESIAN_POINT('',(-2.917990687442,-1.334141727));
#15093 = CARTESIAN_POINT('',(-2.914405279851,-1.251869898473));
#15094 = CARTESIAN_POINT('',(-2.90901502325,-1.171210362386));
#15095 = CARTESIAN_POINT('',(-2.90181785568,-1.093081407218));
#15096 = CARTESIAN_POINT('',(-2.892817767783,-1.018449180833));
#15097 = CARTESIAN_POINT('',(-2.882025761901,-0.948348315847));
#15098 = CARTESIAN_POINT('',(-2.856883337282,-0.819404908395));
#15099 = CARTESIAN_POINT('',(-2.842457607897,-0.760204859647));
#15100 = CARTESIAN_POINT('',(-2.826323509615,-0.708359951396));
#15101 = CARTESIAN_POINT('',(-2.808715939036,-0.665485746519));
#15102 = CARTESIAN_POINT('',(-2.789932254903,-0.632742323674));
#15103 = CARTESIAN_POINT('',(-2.770313291432,-0.61083288357));
#15104 = CARTESIAN_POINT('',(-2.750230975349,-0.6));
#15105 = CARTESIAN_POINT('',(-2.730075807522,-0.6));
#15106 = ( GEOMETRIC_REPRESENTATION_CONTEXT(2) 
PARAMETRIC_REPRESENTATION_CONTEXT() REPRESENTATION_CONTEXT('2D SPACE',''
  ) );
#15107 = PCURVE('',#15108,#15113);
#15108 = CYLINDRICAL_SURFACE('',#15109,0.9);
#15109 = AXIS2_PLACEMENT_3D('',#15110,#15111,#15112);
#15110 = CARTESIAN_POINT('',(-16.,30.,-12.));
#15111 = DIRECTION('',(1.,0.,2.22044604925E-16));
#15112 = DIRECTION('',(2.22044604925E-16,0.,-1.));
#15113 = DEFINITIONAL_REPRESENTATION('',(#15114),#15166);
#15114 = B_SPLINE_CURVE_WITH_KNOTS('',8,(#15115,#15116,#15117,#15118,
    #15119,#15120,#15121,#15122,#15123,#15124,#15125,#15126,#15127,
    #15128,#15129,#15130,#15131,#15132,#15133,#15134,#15135,#15136,
    #15137,#15138,#15139,#15140,#15141,#15142,#15143,#15144,#15145,
    #15146,#15147,#15148,#15149,#15150,#15151,#15152,#15153,#15154,
    #15155,#15156,#15157,#15158,#15159,#15160,#15161,#15162,#15163,
    #15164,#15165),.UNSPECIFIED.,.F.,.F.,(9,7,7,7,7,7,7,9),(0.,
    0.137493228413,0.251042920731,0.395448325662,0.53043060703,
    0.749328355716,0.874603926994,1.),.UNSPECIFIED.);
#15115 = CARTESIAN_POINT('',(0.,2.417424305044));
#15116 = CARTESIAN_POINT('',(0.11594873316,2.46296806331));
#15117 = CARTESIAN_POINT('',(0.229679423748,2.510873289268));
#15118 = CARTESIAN_POINT('',(0.341550355677,2.560261541507));
#15119 = CARTESIAN_POINT('',(0.451813669316,2.610049295969));
#15120 = CARTESIAN_POINT('',(0.560650760876,2.658982487433));
#15121 = CARTESIAN_POINT('',(0.668191433686,2.705714124451));
#15122 = CARTESIAN_POINT('',(0.774516801385,2.748924977739));
#15123 = CARTESIAN_POINT('',(0.966467540129,2.819334325693));
#15124 = CARTESIAN_POINT('',(1.053116170705,2.848246251754));
#15125 = CARTESIAN_POINT('',(1.139567037453,2.873499023545));
#15126 = CARTESIAN_POINT('',(1.225844559089,2.89444388758));
#15127 = CARTESIAN_POINT('',(1.312009618851,2.910552594667));
#15128 = CARTESIAN_POINT('',(1.398149608759,2.921447646695));
#15129 = CARTESIAN_POINT('',(1.484371269624,2.926917629117));
#15130 = CARTESIAN_POINT('',(1.680706315296,2.926917629117));
#15131 = CARTESIAN_POINT('',(1.790037849786,2.918070719494));
#15132 = CARTESIAN_POINT('',(1.899162866518,2.900540902));
#15133 = CARTESIAN_POINT('',(2.00839271591,2.874867136055));
#15134 = CARTESIAN_POINT('',(2.117977930715,2.841971735314));
#15135 = CARTESIAN_POINT('',(2.228110714271,2.803096652915));
#15136 = CARTESIAN_POINT('',(2.338919167055,2.759689018381));
#15137 = CARTESIAN_POINT('',(2.554687971968,2.669855445903));
#15138 = CARTESIAN_POINT('',(2.661020850979,2.623202535328));
#15139 = CARTESIAN_POINT('',(2.769040351381,2.574593328378));
#15140 = CARTESIAN_POINT('',(2.878530618229,2.525473495973));
#15141 = CARTESIAN_POINT('',(2.989383144173,2.477203295085));
#15142 = CARTESIAN_POINT('',(3.101563605717,2.430918138007));
#15143 = CARTESIAN_POINT('',(3.21510237742,2.38747324695));
#15144 = CARTESIAN_POINT('',(3.516558171984,2.282570353044));
#15145 = CARTESIAN_POINT('',(3.69698086039,2.23013394102));
#15146 = CARTESIAN_POINT('',(3.873448613895,2.190152264692));
#15147 = CARTESIAN_POINT('',(4.046844551126,2.161101887802));
#15148 = CARTESIAN_POINT('',(4.217733825461,2.141105300128));
#15149 = CARTESIAN_POINT('',(4.386113405468,2.128503328117));
#15150 = CARTESIAN_POINT('',(4.551517838514,2.122500640697));
#15151 = CARTESIAN_POINT('',(4.804455821277,2.122500640697));
#15152 = CARTESIAN_POINT('',(4.896676607494,2.12446682704));
#15153 = CARTESIAN_POINT('',(4.989277319003,2.128410931239));
#15154 = CARTESIAN_POINT('',(5.082483836891,2.134427381015));
#15155 = CARTESIAN_POINT('',(5.176526421009,2.142695815976));
#15156 = CARTESIAN_POINT('',(5.271652699623,2.1534785844));
#15157 = CARTESIAN_POINT('',(5.368149171043,2.167113221157));
#15158 = CARTESIAN_POINT('',(5.564687742574,2.200902835507));
#15159 = CARTESIAN_POINT('',(5.665295770693,2.221160735333));
#15160 = CARTESIAN_POINT('',(5.76736073757,2.245028534436));
#15161 = CARTESIAN_POINT('',(5.870319934992,2.272668425974));
#15162 = CARTESIAN_POINT('',(5.973745261762,2.304091731122));
#15163 = CARTESIAN_POINT('',(6.077274502735,2.339076953256));
#15164 = CARTESIAN_POINT('',(6.180560215836,2.377113969391));
#15165 = CARTESIAN_POINT('',(6.28318530718,2.417424305044));
#15166 = ( GEOMETRIC_REPRESENTATION_CONTEXT(2) 
PARAMETRIC_REPRESENTATION_CONTEXT() REPRESENTATION_CONTEXT('2D SPACE',''
  ) );
#15167 = ADVANCED_FACE('',(#15168),#14826,.F.);
#15168 = FACE_BOUND('',#15169,.F.);
#15169 = EDGE_LOOP('',(#15170,#15171,#15172,#15195,#15224,#15252,#15281,
    #15302));
#15170 = ORIENTED_EDGE('',*,*,#14812,.F.);
#15171 = ORIENTED_EDGE('',*,*,#14894,.T.);
#15172 = ORIENTED_EDGE('',*,*,#15173,.T.);
#15173 = EDGE_CURVE('',#14867,#15174,#15176,.T.);
#15174 = VERTEX_POINT('',#15175);
#15175 = CARTESIAN_POINT('',(8.999999933761,-33.,-13.5));
#15176 = SURFACE_CURVE('',#15177,(#15181,#15188),.PCURVE_S1.);
#15177 = LINE('',#15178,#15179);
#15178 = CARTESIAN_POINT('',(1.95399252334E-14,-33.,-13.5));
#15179 = VECTOR('',#15180,1.);
#15180 = DIRECTION('',(1.,0.,0.));
#15181 = PCURVE('',#14826,#15182);
#15182 = DEFINITIONAL_REPRESENTATION('',(#15183),#15187);
#15183 = LINE('',#15184,#15185);
#15184 = CARTESIAN_POINT('',(1.240336422113E-08,-33.));
#15185 = VECTOR('',#15186,1.);
#15186 = DIRECTION('',(1.,0.));
#15187 = ( GEOMETRIC_REPRESENTATION_CONTEXT(2) 
PARAMETRIC_REPRESENTATION_CONTEXT() REPRESENTATION_CONTEXT('2D SPACE',''
  ) );
#15188 = PCURVE('',#14882,#15189);
#15189 = DEFINITIONAL_REPRESENTATION('',(#15190),#15194);
#15190 = LINE('',#15191,#15192);
#15191 = CARTESIAN_POINT('',(9.,0.));
#15192 = VECTOR('',#15193,1.);
#15193 = DIRECTION('',(1.,0.));
#15194 = ( GEOMETRIC_REPRESENTATION_CONTEXT(2) 
PARAMETRIC_REPRESENTATION_CONTEXT() REPRESENTATION_CONTEXT('2D SPACE',''
  ) );
#15195 = ORIENTED_EDGE('',*,*,#15196,.T.);
#15196 = EDGE_CURVE('',#15174,#15197,#15199,.T.);
#15197 = VERTEX_POINT('',#15198);
#15198 = CARTESIAN_POINT('',(13.999999966881,-28.,-13.5));
#15199 = SURFACE_CURVE('',#15200,(#15205,#15212),.PCURVE_S1.);
#15200 = CIRCLE('',#15201,5.);
#15201 = AXIS2_PLACEMENT_3D('',#15202,#15203,#15204);
#15202 = CARTESIAN_POINT('',(8.999999933761,-28.,-13.5));
#15203 = DIRECTION('',(0.,0.,1.));
#15204 = DIRECTION('',(1.,0.,0.));
#15205 = PCURVE('',#14826,#15206);
#15206 = DEFINITIONAL_REPRESENTATION('',(#15207),#15211);
#15207 = CIRCLE('',#15208,5.);
#15208 = AXIS2_PLACEMENT_2D('',#15209,#15210);
#15209 = CARTESIAN_POINT('',(8.999999946165,-28.));
#15210 = DIRECTION('',(1.,0.));
#15211 = ( GEOMETRIC_REPRESENTATION_CONTEXT(2) 
PARAMETRIC_REPRESENTATION_CONTEXT() REPRESENTATION_CONTEXT('2D SPACE',''
  ) );
#15212 = PCURVE('',#15213,#15218);
#15213 = CYLINDRICAL_SURFACE('',#15214,5.);
#15214 = AXIS2_PLACEMENT_3D('',#15215,#15216,#15217);
#15215 = CARTESIAN_POINT('',(8.999999933761,-28.,-13.5));
#15216 = DIRECTION('',(-0.,-0.,-1.));
#15217 = DIRECTION('',(1.,0.,0.));
#15218 = DEFINITIONAL_REPRESENTATION('',(#15219),#15223);
#15219 = LINE('',#15220,#15221);
#15220 = CARTESIAN_POINT('',(-0.,0.));
#15221 = VECTOR('',#15222,1.);
#15222 = DIRECTION('',(-1.,0.));
#15223 = ( GEOMETRIC_REPRESENTATION_CONTEXT(2) 
PARAMETRIC_REPRESENTATION_CONTEXT() REPRESENTATION_CONTEXT('2D SPACE',''
  ) );
#15224 = ORIENTED_EDGE('',*,*,#15225,.T.);
#15225 = EDGE_CURVE('',#15197,#15226,#15228,.T.);
#15226 = VERTEX_POINT('',#15227);
#15227 = CARTESIAN_POINT('',(13.999999966881,28.,-13.5));
#15228 = SURFACE_CURVE('',#15229,(#15233,#15240),.PCURVE_S1.);
#15229 = LINE('',#15230,#15231);
#15230 = CARTESIAN_POINT('',(14.,0.,-13.5));
#15231 = VECTOR('',#15232,1.);
#15232 = DIRECTION('',(0.,1.,0.));
#15233 = PCURVE('',#14826,#15234);
#15234 = DEFINITIONAL_REPRESENTATION('',(#15235),#15239);
#15235 = LINE('',#15236,#15237);
#15236 = CARTESIAN_POINT('',(14.000000012403,2.142839001897E-15));
#15237 = VECTOR('',#15238,1.);
#15238 = DIRECTION('',(0.,1.));
#15239 = ( GEOMETRIC_REPRESENTATION_CONTEXT(2) 
PARAMETRIC_REPRESENTATION_CONTEXT() REPRESENTATION_CONTEXT('2D SPACE',''
  ) );
#15240 = PCURVE('',#15241,#15246);
#15241 = PLANE('',#15242);
#15242 = AXIS2_PLACEMENT_3D('',#15243,#15244,#15245);
#15243 = CARTESIAN_POINT('',(14.,-28.,-13.5));
#15244 = DIRECTION('',(-1.,0.,0.));
#15245 = DIRECTION('',(0.,1.,0.));
#15246 = DEFINITIONAL_REPRESENTATION('',(#15247),#15251);
#15247 = LINE('',#15248,#15249);
#15248 = CARTESIAN_POINT('',(28.,0.));
#15249 = VECTOR('',#15250,1.);
#15250 = DIRECTION('',(1.,0.));
#15251 = ( GEOMETRIC_REPRESENTATION_CONTEXT(2) 
PARAMETRIC_REPRESENTATION_CONTEXT() REPRESENTATION_CONTEXT('2D SPACE',''
  ) );
#15252 = ORIENTED_EDGE('',*,*,#15253,.T.);
#15253 = EDGE_CURVE('',#15226,#15254,#15256,.T.);
#15254 = VERTEX_POINT('',#15255);
#15255 = CARTESIAN_POINT('',(8.999999933761,33.,-13.5));
#15256 = SURFACE_CURVE('',#15257,(#15262,#15269),.PCURVE_S1.);
#15257 = CIRCLE('',#15258,5.);
#15258 = AXIS2_PLACEMENT_3D('',#15259,#15260,#15261);
#15259 = CARTESIAN_POINT('',(8.999999933761,28.,-13.5));
#15260 = DIRECTION('',(0.,0.,1.));
#15261 = DIRECTION('',(1.,0.,0.));
#15262 = PCURVE('',#14826,#15263);
#15263 = DEFINITIONAL_REPRESENTATION('',(#15264),#15268);
#15264 = CIRCLE('',#15265,5.);
#15265 = AXIS2_PLACEMENT_2D('',#15266,#15267);
#15266 = CARTESIAN_POINT('',(8.999999946165,28.));
#15267 = DIRECTION('',(1.,0.));
#15268 = ( GEOMETRIC_REPRESENTATION_CONTEXT(2) 
PARAMETRIC_REPRESENTATION_CONTEXT() REPRESENTATION_CONTEXT('2D SPACE',''
  ) );
#15269 = PCURVE('',#15270,#15275);
#15270 = CYLINDRICAL_SURFACE('',#15271,5.);
#15271 = AXIS2_PLACEMENT_3D('',#15272,#15273,#15274);
#15272 = CARTESIAN_POINT('',(8.999999933761,28.,-13.5));
#15273 = DIRECTION('',(-0.,-0.,-1.));
#15274 = DIRECTION('',(1.,0.,0.));
#15275 = DEFINITIONAL_REPRESENTATION('',(#15276),#15280);
#15276 = LINE('',#15277,#15278);
#15277 = CARTESIAN_POINT('',(-0.,0.));
#15278 = VECTOR('',#15279,1.);
#15279 = DIRECTION('',(-1.,0.));
#15280 = ( GEOMETRIC_REPRESENTATION_CONTEXT(2) 
PARAMETRIC_REPRESENTATION_CONTEXT() REPRESENTATION_CONTEXT('2D SPACE',''
  ) );
#15281 = ORIENTED_EDGE('',*,*,#15282,.F.);
#15282 = EDGE_CURVE('',#14920,#15254,#15283,.T.);
#15283 = SURFACE_CURVE('',#15284,(#15288,#15295),.PCURVE_S1.);
#15284 = LINE('',#15285,#15286);
#15285 = CARTESIAN_POINT('',(1.95399252334E-14,33.,-13.5));
#15286 = VECTOR('',#15287,1.);
#15287 = DIRECTION('',(1.,0.,0.));
#15288 = PCURVE('',#14826,#15289);
#15289 = DEFINITIONAL_REPRESENTATION('',(#15290),#15294);
#15290 = LINE('',#15291,#15292);
#15291 = CARTESIAN_POINT('',(1.240336422113E-08,33.));
#15292 = VECTOR('',#15293,1.);
#15293 = DIRECTION('',(1.,0.));
#15294 = ( GEOMETRIC_REPRESENTATION_CONTEXT(2) 
PARAMETRIC_REPRESENTATION_CONTEXT() REPRESENTATION_CONTEXT('2D SPACE',''
  ) );
#15295 = PCURVE('',#14937,#15296);
#15296 = DEFINITIONAL_REPRESENTATION('',(#15297),#15301);
#15297 = LINE('',#15298,#15299);
#15298 = CARTESIAN_POINT('',(9.,0.));
#15299 = VECTOR('',#15300,1.);
#15300 = DIRECTION('',(1.,0.));
#15301 = ( GEOMETRIC_REPRESENTATION_CONTEXT(2) 
PARAMETRIC_REPRESENTATION_CONTEXT() REPRESENTATION_CONTEXT('2D SPACE',''
  ) );
#15302 = ORIENTED_EDGE('',*,*,#14972,.T.);
#15303 = ADVANCED_FACE('',(#15304,#15424,#15455,#15486,#15517),#14772,
  .T.);
#15304 = FACE_BOUND('',#15305,.T.);
#15305 = EDGE_LOOP('',(#15306,#15307,#15308,#15331,#15355,#15378,#15402,
    #15423));
#15306 = ORIENTED_EDGE('',*,*,#14756,.F.);
#15307 = ORIENTED_EDGE('',*,*,#14842,.T.);
#15308 = ORIENTED_EDGE('',*,*,#15309,.T.);
#15309 = EDGE_CURVE('',#14843,#15310,#15312,.T.);
#15310 = VERTEX_POINT('',#15311);
#15311 = CARTESIAN_POINT('',(8.999999933761,-33.,-10.5));
#15312 = SURFACE_CURVE('',#15313,(#15317,#15324),.PCURVE_S1.);
#15313 = LINE('',#15314,#15315);
#15314 = CARTESIAN_POINT('',(1.95399252334E-14,-33.,-10.5));
#15315 = VECTOR('',#15316,1.);
#15316 = DIRECTION('',(1.,0.,0.));
#15317 = PCURVE('',#14772,#15318);
#15318 = DEFINITIONAL_REPRESENTATION('',(#15319),#15323);
#15319 = LINE('',#15320,#15321);
#15320 = CARTESIAN_POINT('',(1.240336422113E-08,-33.));
#15321 = VECTOR('',#15322,1.);
#15322 = DIRECTION('',(1.,0.));
#15323 = ( GEOMETRIC_REPRESENTATION_CONTEXT(2) 
PARAMETRIC_REPRESENTATION_CONTEXT() REPRESENTATION_CONTEXT('2D SPACE',''
  ) );
#15324 = PCURVE('',#14882,#15325);
#15325 = DEFINITIONAL_REPRESENTATION('',(#15326),#15330);
#15326 = LINE('',#15327,#15328);
#15327 = CARTESIAN_POINT('',(9.,-3.));
#15328 = VECTOR('',#15329,1.);
#15329 = DIRECTION('',(1.,0.));
#15330 = ( GEOMETRIC_REPRESENTATION_CONTEXT(2) 
PARAMETRIC_REPRESENTATION_CONTEXT() REPRESENTATION_CONTEXT('2D SPACE',''
  ) );
#15331 = ORIENTED_EDGE('',*,*,#15332,.T.);
#15332 = EDGE_CURVE('',#15310,#15333,#15335,.T.);
#15333 = VERTEX_POINT('',#15334);
#15334 = CARTESIAN_POINT('',(13.999999966881,-28.,-10.5));
#15335 = SURFACE_CURVE('',#15336,(#15341,#15348),.PCURVE_S1.);
#15336 = CIRCLE('',#15337,5.);
#15337 = AXIS2_PLACEMENT_3D('',#15338,#15339,#15340);
#15338 = CARTESIAN_POINT('',(8.999999933761,-28.,-10.5));
#15339 = DIRECTION('',(0.,0.,1.));
#15340 = DIRECTION('',(1.,0.,0.));
#15341 = PCURVE('',#14772,#15342);
#15342 = DEFINITIONAL_REPRESENTATION('',(#15343),#15347);
#15343 = CIRCLE('',#15344,5.);
#15344 = AXIS2_PLACEMENT_2D('',#15345,#15346);
#15345 = CARTESIAN_POINT('',(8.999999946165,-28.));
#15346 = DIRECTION('',(1.,0.));
#15347 = ( GEOMETRIC_REPRESENTATION_CONTEXT(2) 
PARAMETRIC_REPRESENTATION_CONTEXT() REPRESENTATION_CONTEXT('2D SPACE',''
  ) );
#15348 = PCURVE('',#15213,#15349);
#15349 = DEFINITIONAL_REPRESENTATION('',(#15350),#15354);
#15350 = LINE('',#15351,#15352);
#15351 = CARTESIAN_POINT('',(-0.,-3.));
#15352 = VECTOR('',#15353,1.);
#15353 = DIRECTION('',(-1.,0.));
#15354 = ( GEOMETRIC_REPRESENTATION_CONTEXT(2) 
PARAMETRIC_REPRESENTATION_CONTEXT() REPRESENTATION_CONTEXT('2D SPACE',''
  ) );
#15355 = ORIENTED_EDGE('',*,*,#15356,.T.);
#15356 = EDGE_CURVE('',#15333,#15357,#15359,.T.);
#15357 = VERTEX_POINT('',#15358);
#15358 = CARTESIAN_POINT('',(13.999999966881,28.,-10.5));
#15359 = SURFACE_CURVE('',#15360,(#15364,#15371),.PCURVE_S1.);
#15360 = LINE('',#15361,#15362);
#15361 = CARTESIAN_POINT('',(14.,0.,-10.5));
#15362 = VECTOR('',#15363,1.);
#15363 = DIRECTION('',(0.,1.,0.));
#15364 = PCURVE('',#14772,#15365);
#15365 = DEFINITIONAL_REPRESENTATION('',(#15366),#15370);
#15366 = LINE('',#15367,#15368);
#15367 = CARTESIAN_POINT('',(14.000000012403,2.142839001897E-15));
#15368 = VECTOR('',#15369,1.);
#15369 = DIRECTION('',(0.,1.));
#15370 = ( GEOMETRIC_REPRESENTATION_CONTEXT(2) 
PARAMETRIC_REPRESENTATION_CONTEXT() REPRESENTATION_CONTEXT('2D SPACE',''
  ) );
#15371 = PCURVE('',#15241,#15372);
#15372 = DEFINITIONAL_REPRESENTATION('',(#15373),#15377);
#15373 = LINE('',#15374,#15375);
#15374 = CARTESIAN_POINT('',(28.,-3.));
#15375 = VECTOR('',#15376,1.);
#15376 = DIRECTION('',(1.,0.));
#15377 = ( GEOMETRIC_REPRESENTATION_CONTEXT(2) 
PARAMETRIC_REPRESENTATION_CONTEXT() REPRESENTATION_CONTEXT('2D SPACE',''
  ) );
#15378 = ORIENTED_EDGE('',*,*,#15379,.T.);
#15379 = EDGE_CURVE('',#15357,#15380,#15382,.T.);
#15380 = VERTEX_POINT('',#15381);
#15381 = CARTESIAN_POINT('',(8.999999933761,33.,-10.5));
#15382 = SURFACE_CURVE('',#15383,(#15388,#15395),.PCURVE_S1.);
#15383 = CIRCLE('',#15384,5.);
#15384 = AXIS2_PLACEMENT_3D('',#15385,#15386,#15387);
#15385 = CARTESIAN_POINT('',(8.999999933761,28.,-10.5));
#15386 = DIRECTION('',(0.,0.,1.));
#15387 = DIRECTION('',(1.,0.,0.));
#15388 = PCURVE('',#14772,#15389);
#15389 = DEFINITIONAL_REPRESENTATION('',(#15390),#15394);
#15390 = CIRCLE('',#15391,5.);
#15391 = AXIS2_PLACEMENT_2D('',#15392,#15393);
#15392 = CARTESIAN_POINT('',(8.999999946165,28.));
#15393 = DIRECTION('',(1.,0.));
#15394 = ( GEOMETRIC_REPRESENTATION_CONTEXT(2) 
PARAMETRIC_REPRESENTATION_CONTEXT() REPRESENTATION_CONTEXT('2D SPACE',''
  ) );
#15395 = PCURVE('',#15270,#15396);
#15396 = DEFINITIONAL_REPRESENTATION('',(#15397),#15401);
#15397 = LINE('',#15398,#15399);
#15398 = CARTESIAN_POINT('',(-0.,-3.));
#15399 = VECTOR('',#15400,1.);
#15400 = DIRECTION('',(-1.,0.));
#15401 = ( GEOMETRIC_REPRESENTATION_CONTEXT(2) 
PARAMETRIC_REPRESENTATION_CONTEXT() REPRESENTATION_CONTEXT('2D SPACE',''
  ) );
#15402 = ORIENTED_EDGE('',*,*,#15403,.F.);
#15403 = EDGE_CURVE('',#14922,#15380,#15404,.T.);
#15404 = SURFACE_CURVE('',#15405,(#15409,#15416),.PCURVE_S1.);
#15405 = LINE('',#15406,#15407);
#15406 = CARTESIAN_POINT('',(1.95399252334E-14,33.,-10.5));
#15407 = VECTOR('',#15408,1.);
#15408 = DIRECTION('',(1.,0.,0.));
#15409 = PCURVE('',#14772,#15410);
#15410 = DEFINITIONAL_REPRESENTATION('',(#15411),#15415);
#15411 = LINE('',#15412,#15413);
#15412 = CARTESIAN_POINT('',(1.240336422113E-08,33.));
#15413 = VECTOR('',#15414,1.);
#15414 = DIRECTION('',(1.,0.));
#15415 = ( GEOMETRIC_REPRESENTATION_CONTEXT(2) 
PARAMETRIC_REPRESENTATION_CONTEXT() REPRESENTATION_CONTEXT('2D SPACE',''
  ) );
#15416 = PCURVE('',#14937,#15417);
#15417 = DEFINITIONAL_REPRESENTATION('',(#15418),#15422);
#15418 = LINE('',#15419,#15420);
#15419 = CARTESIAN_POINT('',(9.,-3.));
#15420 = VECTOR('',#15421,1.);
#15421 = DIRECTION('',(1.,0.));
#15422 = ( GEOMETRIC_REPRESENTATION_CONTEXT(2) 
PARAMETRIC_REPRESENTATION_CONTEXT() REPRESENTATION_CONTEXT('2D SPACE',''
  ) );
#15423 = ORIENTED_EDGE('',*,*,#14949,.T.);
#15424 = FACE_BOUND('',#15425,.T.);
#15425 = EDGE_LOOP('',(#15426));
#15426 = ORIENTED_EDGE('',*,*,#15427,.F.);
#15427 = EDGE_CURVE('',#15428,#15428,#15430,.T.);
#15428 = VERTEX_POINT('',#15429);
#15429 = CARTESIAN_POINT('',(-6.85,-25.,-10.5));
#15430 = SURFACE_CURVE('',#15431,(#15436,#15443),.PCURVE_S1.);
#15431 = CIRCLE('',#15432,2.15);
#15432 = AXIS2_PLACEMENT_3D('',#15433,#15434,#15435);
#15433 = CARTESIAN_POINT('',(-9.,-25.,-10.5));
#15434 = DIRECTION('',(0.,0.,1.));
#15435 = DIRECTION('',(1.,0.,-0.));
#15436 = PCURVE('',#14772,#15437);
#15437 = DEFINITIONAL_REPRESENTATION('',(#15438),#15442);
#15438 = CIRCLE('',#15439,2.15);
#15439 = AXIS2_PLACEMENT_2D('',#15440,#15441);
#15440 = CARTESIAN_POINT('',(-8.999999987597,-25.));
#15441 = DIRECTION('',(1.,0.));
#15442 = ( GEOMETRIC_REPRESENTATION_CONTEXT(2) 
PARAMETRIC_REPRESENTATION_CONTEXT() REPRESENTATION_CONTEXT('2D SPACE',''
  ) );
#15443 = PCURVE('',#15444,#15449);
#15444 = CYLINDRICAL_SURFACE('',#15445,2.15);
#15445 = AXIS2_PLACEMENT_3D('',#15446,#15447,#15448);
#15446 = CARTESIAN_POINT('',(-9.,-25.,-11.6));
#15447 = DIRECTION('',(0.,0.,1.));
#15448 = DIRECTION('',(1.,0.,-0.));
#15449 = DEFINITIONAL_REPRESENTATION('',(#15450),#15454);
#15450 = LINE('',#15451,#15452);
#15451 = CARTESIAN_POINT('',(0.,1.1));
#15452 = VECTOR('',#15453,1.);
#15453 = DIRECTION('',(1.,0.));
#15454 = ( GEOMETRIC_REPRESENTATION_CONTEXT(2) 
PARAMETRIC_REPRESENTATION_CONTEXT() REPRESENTATION_CONTEXT('2D SPACE',''
  ) );
#15455 = FACE_BOUND('',#15456,.T.);
#15456 = EDGE_LOOP('',(#15457));
#15457 = ORIENTED_EDGE('',*,*,#15458,.F.);
#15458 = EDGE_CURVE('',#15459,#15459,#15461,.T.);
#15459 = VERTEX_POINT('',#15460);
#15460 = CARTESIAN_POINT('',(11.15,-25.,-10.5));
#15461 = SURFACE_CURVE('',#15462,(#15467,#15474),.PCURVE_S1.);
#15462 = CIRCLE('',#15463,2.15);
#15463 = AXIS2_PLACEMENT_3D('',#15464,#15465,#15466);
#15464 = CARTESIAN_POINT('',(9.,-25.,-10.5));
#15465 = DIRECTION('',(0.,0.,1.));
#15466 = DIRECTION('',(1.,0.,-0.));
#15467 = PCURVE('',#14772,#15468);
#15468 = DEFINITIONAL_REPRESENTATION('',(#15469),#15473);
#15469 = CIRCLE('',#15470,2.15);
#15470 = AXIS2_PLACEMENT_2D('',#15471,#15472);
#15471 = CARTESIAN_POINT('',(9.000000012403,-25.));
#15472 = DIRECTION('',(1.,0.));
#15473 = ( GEOMETRIC_REPRESENTATION_CONTEXT(2) 
PARAMETRIC_REPRESENTATION_CONTEXT() REPRESENTATION_CONTEXT('2D SPACE',''
  ) );
#15474 = PCURVE('',#15475,#15480);
#15475 = CYLINDRICAL_SURFACE('',#15476,2.15);
#15476 = AXIS2_PLACEMENT_3D('',#15477,#15478,#15479);
#15477 = CARTESIAN_POINT('',(9.,-25.,-11.6));
#15478 = DIRECTION('',(0.,0.,1.));
#15479 = DIRECTION('',(1.,0.,-0.));
#15480 = DEFINITIONAL_REPRESENTATION('',(#15481),#15485);
#15481 = LINE('',#15482,#15483);
#15482 = CARTESIAN_POINT('',(0.,1.1));
#15483 = VECTOR('',#15484,1.);
#15484 = DIRECTION('',(1.,0.));
#15485 = ( GEOMETRIC_REPRESENTATION_CONTEXT(2) 
PARAMETRIC_REPRESENTATION_CONTEXT() REPRESENTATION_CONTEXT('2D SPACE',''
  ) );
#15486 = FACE_BOUND('',#15487,.T.);
#15487 = EDGE_LOOP('',(#15488));
#15488 = ORIENTED_EDGE('',*,*,#15489,.F.);
#15489 = EDGE_CURVE('',#15490,#15490,#15492,.T.);
#15490 = VERTEX_POINT('',#15491);
#15491 = CARTESIAN_POINT('',(-6.85,25.,-10.5));
#15492 = SURFACE_CURVE('',#15493,(#15498,#15505),.PCURVE_S1.);
#15493 = CIRCLE('',#15494,2.15);
#15494 = AXIS2_PLACEMENT_3D('',#15495,#15496,#15497);
#15495 = CARTESIAN_POINT('',(-9.,25.,-10.5));
#15496 = DIRECTION('',(0.,0.,1.));
#15497 = DIRECTION('',(1.,0.,-0.));
#15498 = PCURVE('',#14772,#15499);
#15499 = DEFINITIONAL_REPRESENTATION('',(#15500),#15504);
#15500 = CIRCLE('',#15501,2.15);
#15501 = AXIS2_PLACEMENT_2D('',#15502,#15503);
#15502 = CARTESIAN_POINT('',(-8.999999987597,25.));
#15503 = DIRECTION('',(1.,0.));
#15504 = ( GEOMETRIC_REPRESENTATION_CONTEXT(2) 
PARAMETRIC_REPRESENTATION_CONTEXT() REPRESENTATION_CONTEXT('2D SPACE',''
  ) );
#15505 = PCURVE('',#15506,#15511);
#15506 = CYLINDRICAL_SURFACE('',#15507,2.15);
#15507 = AXIS2_PLACEMENT_3D('',#15508,#15509,#15510);
#15508 = CARTESIAN_POINT('',(-9.,25.,-11.6));
#15509 = DIRECTION('',(0.,0.,1.));
#15510 = DIRECTION('',(1.,0.,-0.));
#15511 = DEFINITIONAL_REPRESENTATION('',(#15512),#15516);
#15512 = LINE('',#15513,#15514);
#15513 = CARTESIAN_POINT('',(0.,1.1));
#15514 = VECTOR('',#15515,1.);
#15515 = DIRECTION('',(1.,0.));
#15516 = ( GEOMETRIC_REPRESENTATION_CONTEXT(2) 
PARAMETRIC_REPRESENTATION_CONTEXT() REPRESENTATION_CONTEXT('2D SPACE',''
  ) );
#15517 = FACE_BOUND('',#15518,.T.);
#15518 = EDGE_LOOP('',(#15519));
#15519 = ORIENTED_EDGE('',*,*,#15520,.F.);
#15520 = EDGE_CURVE('',#15521,#15521,#15523,.T.);
#15521 = VERTEX_POINT('',#15522);
#15522 = CARTESIAN_POINT('',(11.15,25.,-10.5));
#15523 = SURFACE_CURVE('',#15524,(#15529,#15536),.PCURVE_S1.);
#15524 = CIRCLE('',#15525,2.15);
#15525 = AXIS2_PLACEMENT_3D('',#15526,#15527,#15528);
#15526 = CARTESIAN_POINT('',(9.,25.,-10.5));
#15527 = DIRECTION('',(0.,0.,1.));
#15528 = DIRECTION('',(1.,0.,-0.));
#15529 = PCURVE('',#14772,#15530);
#15530 = DEFINITIONAL_REPRESENTATION('',(#15531),#15535);
#15531 = CIRCLE('',#15532,2.15);
#15532 = AXIS2_PLACEMENT_2D('',#15533,#15534);
#15533 = CARTESIAN_POINT('',(9.000000012403,25.));
#15534 = DIRECTION('',(1.,0.));
#15535 = ( GEOMETRIC_REPRESENTATION_CONTEXT(2) 
PARAMETRIC_REPRESENTATION_CONTEXT() REPRESENTATION_CONTEXT('2D SPACE',''
  ) );
#15536 = PCURVE('',#15537,#15542);
#15537 = CYLINDRICAL_SURFACE('',#15538,2.15);
#15538 = AXIS2_PLACEMENT_3D('',#15539,#15540,#15541);
#15539 = CARTESIAN_POINT('',(9.,25.,-11.6));
#15540 = DIRECTION('',(0.,0.,1.));
#15541 = DIRECTION('',(1.,0.,-0.));
#15542 = DEFINITIONAL_REPRESENTATION('',(#15543),#15547);
#15543 = LINE('',#15544,#15545);
#15544 = CARTESIAN_POINT('',(0.,1.1));
#15545 = VECTOR('',#15546,1.);
#15546 = DIRECTION('',(1.,0.));
#15547 = ( GEOMETRIC_REPRESENTATION_CONTEXT(2) 
PARAMETRIC_REPRESENTATION_CONTEXT() REPRESENTATION_CONTEXT('2D SPACE',''
  ) );
#15548 = ADVANCED_FACE('',(#15549),#14882,.F.);
#15549 = FACE_BOUND('',#15550,.F.);
#15550 = EDGE_LOOP('',(#15551,#15552,#15553,#15574));
#15551 = ORIENTED_EDGE('',*,*,#14866,.T.);
#15552 = ORIENTED_EDGE('',*,*,#15309,.T.);
#15553 = ORIENTED_EDGE('',*,*,#15554,.F.);
#15554 = EDGE_CURVE('',#15174,#15310,#15555,.T.);
#15555 = SURFACE_CURVE('',#15556,(#15560,#15567),.PCURVE_S1.);
#15556 = LINE('',#15557,#15558);
#15557 = CARTESIAN_POINT('',(8.999999933761,-33.,-13.5));
#15558 = VECTOR('',#15559,1.);
#15559 = DIRECTION('',(0.,0.,1.));
#15560 = PCURVE('',#14882,#15561);
#15561 = DEFINITIONAL_REPRESENTATION('',(#15562),#15566);
#15562 = LINE('',#15563,#15564);
#15563 = CARTESIAN_POINT('',(17.999999933761,0.));
#15564 = VECTOR('',#15565,1.);
#15565 = DIRECTION('',(0.,-1.));
#15566 = ( GEOMETRIC_REPRESENTATION_CONTEXT(2) 
PARAMETRIC_REPRESENTATION_CONTEXT() REPRESENTATION_CONTEXT('2D SPACE',''
  ) );
#15567 = PCURVE('',#15213,#15568);
#15568 = DEFINITIONAL_REPRESENTATION('',(#15569),#15573);
#15569 = LINE('',#15570,#15571);
#15570 = CARTESIAN_POINT('',(-4.712388980385,0.));
#15571 = VECTOR('',#15572,1.);
#15572 = DIRECTION('',(-0.,-1.));
#15573 = ( GEOMETRIC_REPRESENTATION_CONTEXT(2) 
PARAMETRIC_REPRESENTATION_CONTEXT() REPRESENTATION_CONTEXT('2D SPACE',''
  ) );
#15574 = ORIENTED_EDGE('',*,*,#15173,.F.);
#15575 = ADVANCED_FACE('',(#15576),#14937,.T.);
#15576 = FACE_BOUND('',#15577,.T.);
#15577 = EDGE_LOOP('',(#15578,#15579,#15580,#15601));
#15578 = ORIENTED_EDGE('',*,*,#14919,.T.);
#15579 = ORIENTED_EDGE('',*,*,#15403,.T.);
#15580 = ORIENTED_EDGE('',*,*,#15581,.F.);
#15581 = EDGE_CURVE('',#15254,#15380,#15582,.T.);
#15582 = SURFACE_CURVE('',#15583,(#15587,#15594),.PCURVE_S1.);
#15583 = LINE('',#15584,#15585);
#15584 = CARTESIAN_POINT('',(8.999999933761,33.,-13.5));
#15585 = VECTOR('',#15586,1.);
#15586 = DIRECTION('',(0.,0.,1.));
#15587 = PCURVE('',#14937,#15588);
#15588 = DEFINITIONAL_REPRESENTATION('',(#15589),#15593);
#15589 = LINE('',#15590,#15591);
#15590 = CARTESIAN_POINT('',(17.999999933761,0.));
#15591 = VECTOR('',#15592,1.);
#15592 = DIRECTION('',(0.,-1.));
#15593 = ( GEOMETRIC_REPRESENTATION_CONTEXT(2) 
PARAMETRIC_REPRESENTATION_CONTEXT() REPRESENTATION_CONTEXT('2D SPACE',''
  ) );
#15594 = PCURVE('',#15270,#15595);
#15595 = DEFINITIONAL_REPRESENTATION('',(#15596),#15600);
#15596 = LINE('',#15597,#15598);
#15597 = CARTESIAN_POINT('',(-1.570796326795,0.));
#15598 = VECTOR('',#15599,1.);
#15599 = DIRECTION('',(-0.,-1.));
#15600 = ( GEOMETRIC_REPRESENTATION_CONTEXT(2) 
PARAMETRIC_REPRESENTATION_CONTEXT() REPRESENTATION_CONTEXT('2D SPACE',''
  ) );
#15601 = ORIENTED_EDGE('',*,*,#15282,.F.);
#15602 = ADVANCED_FACE('',(#15603),#15108,.F.);
#15603 = FACE_BOUND('',#15604,.F.);
#15604 = EDGE_LOOP('',(#15605,#15772,#15793,#15794));
#15605 = ORIENTED_EDGE('',*,*,#15606,.F.);
#15606 = EDGE_CURVE('',#15607,#15607,#15609,.T.);
#15607 = VERTEX_POINT('',#15608);
#15608 = CARTESIAN_POINT('',(13.582575628717,30.,-12.9));
#15609 = SURFACE_CURVE('',#15610,(#15662,#15717),.PCURVE_S1.);
#15610 = B_SPLINE_CURVE_WITH_KNOTS('',8,(#15611,#15612,#15613,#15614,
    #15615,#15616,#15617,#15618,#15619,#15620,#15621,#15622,#15623,
    #15624,#15625,#15626,#15627,#15628,#15629,#15630,#15631,#15632,
    #15633,#15634,#15635,#15636,#15637,#15638,#15639,#15640,#15641,
    #15642,#15643,#15644,#15645,#15646,#15647,#15648,#15649,#15650,
    #15651,#15652,#15653,#15654,#15655,#15656,#15657,#15658,#15659,
    #15660,#15661),.UNSPECIFIED.,.T.,.F.,(9,7,7,7,7,7,7,9),(0.,
    0.137493236618,0.251042935711,0.395448349258,0.530430631035,
    0.74932836853,0.874603933404,1.),.UNSPECIFIED.);
#15611 = CARTESIAN_POINT('',(13.582575628717,30.,-12.9));
#15612 = CARTESIAN_POINT('',(13.537031870451,30.104353859844,-12.9));
#15613 = CARTESIAN_POINT('',(13.489126644494,30.206710755296,
    -12.8861719071));
#15614 = CARTESIAN_POINT('',(13.439738392255,30.305258929256,
    -12.85944103409));
#15615 = CARTESIAN_POINT('',(13.389950637792,30.398423759074,
    -12.82086612106));
#15616 = CARTESIAN_POINT('',(13.341017446328,30.484849332859,
    -12.77163805021));
#15617 = CARTESIAN_POINT('',(13.294285809311,30.563395624201,
    -12.71307080118));
#15618 = CARTESIAN_POINT('',(13.251074956023,30.633151265297,
    -12.64658464701));
#15619 = CARTESIAN_POINT('',(13.180665608068,30.74326987045,
    -12.51347411946));
#15620 = CARTESIAN_POINT('',(13.151753682007,30.787004872424,
    -12.44844407621));
#15621 = CARTESIAN_POINT('',(13.126500910217,30.824120627798,
    -12.37933621537));
#15622 = CARTESIAN_POINT('',(13.105556046181,30.854218658413,
    -12.3069328938));
#15623 = CARTESIAN_POINT('',(13.089447339094,30.87701551986,
    -12.2320221904));
#15624 = CARTESIAN_POINT('',(13.078552287067,30.8923170999,
    -12.15538235001));
#15625 = CARTESIAN_POINT('',(13.073082304645,30.9,-12.07778255145));
#15626 = CARTESIAN_POINT('',(13.073082304645,30.9,-11.90108101034));
#15627 = CARTESIAN_POINT('',(13.081929214267,30.887574636418,
    -11.80268266465));
#15628 = CARTESIAN_POINT('',(13.099459031762,30.862952872657,
    -11.70629090621));
#15629 = CARTESIAN_POINT('',(13.125132797706,30.82644629087,
    -11.61336642027));
#15630 = CARTESIAN_POINT('',(13.158028198447,30.778486798826,
    -11.52540397004));
#15631 = CARTESIAN_POINT('',(13.196903280846,30.719705669863,
    -11.44394263222));
#15632 = CARTESIAN_POINT('',(13.24031091538,30.65101861556,
    -11.37051683249));
#15633 = CARTESIAN_POINT('',(13.3301444854,30.501391170248,
    -11.24673424463));
#15634 = CARTESIAN_POINT('',(13.376797402771,30.420528370914,
    -11.1943455415));
#15635 = CARTESIAN_POINT('',(13.425406605105,30.332069276899,
    -11.15119574898));
#15636 = CARTESIAN_POINT('',(13.474526434019,30.237365999635,
    -11.11880056038));
#15637 = CARTESIAN_POINT('',(13.522796638925,30.138044853303,
    -11.09836191343));
#15638 = CARTESIAN_POINT('',(13.56908179946,30.03593414748,
    -11.09076100985));
#15639 = CARTESIAN_POINT('',(13.612526684644,29.93301103048,
    -11.096549896));
#15640 = CARTESIAN_POINT('',(13.717429580717,29.666506459682,
    -11.14738836181));
#15641 = CARTESIAN_POINT('',(13.769865992741,29.513704820628,
    -11.21294546586));
#15642 = CARTESIAN_POINT('',(13.809847669071,29.379067448706,
    -11.30731972933));
#15643 = CARTESIAN_POINT('',(13.838898045959,29.267405665991,
    -11.42521196372));
#15644 = CARTESIAN_POINT('',(13.858894633633,29.182482660524,
    -11.56051504112));
#15645 = CARTESIAN_POINT('',(13.871496605645,29.126618794016,
    -11.70635304535));
#15646 = CARTESIAN_POINT('',(13.877499293064,29.1,-11.85521597231));
#15647 = CARTESIAN_POINT('',(13.877499293064,29.1,-12.0828601568));
#15648 = CARTESIAN_POINT('',(13.875533106721,29.108718541519,
    -12.165858273));
#15649 = CARTESIAN_POINT('',(13.871589002523,29.126206286579,
    -12.24813010152));
#15650 = CARTESIAN_POINT('',(13.865572552746,29.152477605685,
    -12.32878963761));
#15651 = CARTESIAN_POINT('',(13.857304117786,29.187502569052,
    -12.40691859278));
#15652 = CARTESIAN_POINT('',(13.846521349362,29.231197541298,
    -12.48155081916));
#15653 = CARTESIAN_POINT('',(13.832886712605,29.283414379601,
    -12.55165168415));
#15654 = CARTESIAN_POINT('',(13.799097098255,29.404500298911,
    -12.6805950916));
#15655 = CARTESIAN_POINT('',(13.778839198429,29.473731718415,
    -12.73979514035));
#15656 = CARTESIAN_POINT('',(13.754971399325,29.550807748718,
    -12.7916400486));
#15657 = CARTESIAN_POINT('',(13.727331507788,29.634430188851,
    -12.83451425348));
#15658 = CARTESIAN_POINT('',(13.69590820264,29.722986430969,
    -12.86725767632));
#15659 = CARTESIAN_POINT('',(13.660922980506,29.814680222341,
    -12.88916711643));
#15660 = CARTESIAN_POINT('',(13.62288596437,29.907637417791,-12.9));
#15661 = CARTESIAN_POINT('',(13.582575628717,30.,-12.9));
#15662 = PCURVE('',#15108,#15663);
#15663 = DEFINITIONAL_REPRESENTATION('',(#15664),#15716);
#15664 = B_SPLINE_CURVE_WITH_KNOTS('',8,(#15665,#15666,#15667,#15668,
    #15669,#15670,#15671,#15672,#15673,#15674,#15675,#15676,#15677,
    #15678,#15679,#15680,#15681,#15682,#15683,#15684,#15685,#15686,
    #15687,#15688,#15689,#15690,#15691,#15692,#15693,#15694,#15695,
    #15696,#15697,#15698,#15699,#15700,#15701,#15702,#15703,#15704,
    #15705,#15706,#15707,#15708,#15709,#15710,#15711,#15712,#15713,
    #15714,#15715),.UNSPECIFIED.,.F.,.F.,(9,7,7,7,7,7,7,9),(0.,
    0.137493236618,0.251042935711,0.395448349258,0.530430631035,
    0.74932836853,0.874603933404,1.),.UNSPECIFIED.);
#15665 = CARTESIAN_POINT('',(0.,29.582575628717));
#15666 = CARTESIAN_POINT('',(0.11594873316,29.537031870451));
#15667 = CARTESIAN_POINT('',(0.229679423748,29.489126644494));
#15668 = CARTESIAN_POINT('',(0.341550355677,29.439738392255));
#15669 = CARTESIAN_POINT('',(0.451813669316,29.389950637792));
#15670 = CARTESIAN_POINT('',(0.560650760876,29.341017446328));
#15671 = CARTESIAN_POINT('',(0.668191433686,29.294285809311));
#15672 = CARTESIAN_POINT('',(0.774516801385,29.251074956023));
#15673 = CARTESIAN_POINT('',(0.966467540129,29.180665608068));
#15674 = CARTESIAN_POINT('',(1.053116170705,29.151753682007));
#15675 = CARTESIAN_POINT('',(1.139567037453,29.126500910217));
#15676 = CARTESIAN_POINT('',(1.225844559089,29.105556046181));
#15677 = CARTESIAN_POINT('',(1.312009618851,29.089447339094));
#15678 = CARTESIAN_POINT('',(1.398149608759,29.078552287067));
#15679 = CARTESIAN_POINT('',(1.484371269624,29.073082304645));
#15680 = CARTESIAN_POINT('',(1.680706315296,29.073082304645));
#15681 = CARTESIAN_POINT('',(1.790037849786,29.081929214267));
#15682 = CARTESIAN_POINT('',(1.899162866518,29.099459031762));
#15683 = CARTESIAN_POINT('',(2.00839271591,29.125132797706));
#15684 = CARTESIAN_POINT('',(2.117977930715,29.158028198447));
#15685 = CARTESIAN_POINT('',(2.228110714271,29.196903280846));
#15686 = CARTESIAN_POINT('',(2.338919167055,29.24031091538));
#15687 = CARTESIAN_POINT('',(2.554687966064,29.3301444854));
#15688 = CARTESIAN_POINT('',(2.661020860866,29.376797402771));
#15689 = CARTESIAN_POINT('',(2.769040351798,29.425406605105));
#15690 = CARTESIAN_POINT('',(2.878530608626,29.474526434019));
#15691 = CARTESIAN_POINT('',(2.989383143791,29.522796638925));
#15692 = CARTESIAN_POINT('',(3.101563616441,29.56908179946));
#15693 = CARTESIAN_POINT('',(3.215102371192,29.612526684644));
#15694 = CARTESIAN_POINT('',(3.516558171985,29.717429580717));
#15695 = CARTESIAN_POINT('',(3.696980860387,29.769865992741));
#15696 = CARTESIAN_POINT('',(3.8734486139,29.809847669071));
#15697 = CARTESIAN_POINT('',(4.04684455112,29.838898045959));
#15698 = CARTESIAN_POINT('',(4.217733825468,29.858894633633));
#15699 = CARTESIAN_POINT('',(4.386113405463,29.871496605645));
#15700 = CARTESIAN_POINT('',(4.551517838516,29.877499293064));
#15701 = CARTESIAN_POINT('',(4.804455821277,29.877499293064));
#15702 = CARTESIAN_POINT('',(4.896676607494,29.875533106721));
#15703 = CARTESIAN_POINT('',(4.989277319003,29.871589002523));
#15704 = CARTESIAN_POINT('',(5.08248383689,29.865572552746));
#15705 = CARTESIAN_POINT('',(5.176526421009,29.857304117786));
#15706 = CARTESIAN_POINT('',(5.271652699623,29.846521349362));
#15707 = CARTESIAN_POINT('',(5.368149171043,29.832886712605));
#15708 = CARTESIAN_POINT('',(5.564687742574,29.799097098255));
#15709 = CARTESIAN_POINT('',(5.665295770693,29.778839198429));
#15710 = CARTESIAN_POINT('',(5.76736073757,29.754971399325));
#15711 = CARTESIAN_POINT('',(5.870319934992,29.727331507788));
#15712 = CARTESIAN_POINT('',(5.973745261762,29.69590820264));
#15713 = CARTESIAN_POINT('',(6.077274502735,29.660922980506));
#15714 = CARTESIAN_POINT('',(6.180560215836,29.62288596437));
#15715 = CARTESIAN_POINT('',(6.28318530718,29.582575628717));
#15716 = ( GEOMETRIC_REPRESENTATION_CONTEXT(2) 
PARAMETRIC_REPRESENTATION_CONTEXT() REPRESENTATION_CONTEXT('2D SPACE',''
  ) );
#15717 = PCURVE('',#15270,#15718);
#15718 = DEFINITIONAL_REPRESENTATION('',(#15719),#15771);
#15719 = B_SPLINE_CURVE_WITH_KNOTS('',8,(#15720,#15721,#15722,#15723,
    #15724,#15725,#15726,#15727,#15728,#15729,#15730,#15731,#15732,
    #15733,#15734,#15735,#15736,#15737,#15738,#15739,#15740,#15741,
    #15742,#15743,#15744,#15745,#15746,#15747,#15748,#15749,#15750,
    #15751,#15752,#15753,#15754,#15755,#15756,#15757,#15758,#15759,
    #15760,#15761,#15762,#15763,#15764,#15765,#15766,#15767,#15768,
    #15769,#15770),.UNSPECIFIED.,.T.,.F.,(9,7,7,7,7,7,7,9),(0.,
    0.137493236618,0.251042935711,0.395448349258,0.530430631035,
    0.74932836853,0.874603933404,1.),.UNSPECIFIED.);
#15720 = CARTESIAN_POINT('',(-0.411516846067,-0.6));
#15721 = CARTESIAN_POINT('',(-0.434288725201,-0.6));
#15722 = CARTESIAN_POINT('',(-0.456883516621,-0.613828092893));
#15723 = CARTESIAN_POINT('',(-0.47891661477,-0.640558965908));
#15724 = CARTESIAN_POINT('',(-0.500029974653,-0.679133878936));
#15725 = CARTESIAN_POINT('',(-0.519883581187,-0.728361949785));
#15726 = CARTESIAN_POINT('',(-0.538157891437,-0.78692919882));
#15727 = CARTESIAN_POINT('',(-0.554567249741,-0.853415352988));
#15728 = CARTESIAN_POINT('',(-0.580708086361,-0.986525880535));
#15729 = CARTESIAN_POINT('',(-0.591192342928,-1.051555923785));
#15730 = CARTESIAN_POINT('',(-0.600169684642,-1.120663784625));
#15731 = CARTESIAN_POINT('',(-0.607502881013,-1.193067106199));
#15732 = CARTESIAN_POINT('',(-0.613085590605,-1.267977809591));
#15733 = CARTESIAN_POINT('',(-0.616842478242,-1.344617649986));
#15734 = CARTESIAN_POINT('',(-0.618728690672,-1.422217448546));
#15735 = CARTESIAN_POINT('',(-0.618728690672,-1.598918989651));
#15736 = CARTESIAN_POINT('',(-0.615678063205,-1.697317335344));
#15737 = CARTESIAN_POINT('',(-0.60963316966,-1.793709093787));
#15738 = CARTESIAN_POINT('',(-0.600707179497,-1.88663357973));
#15739 = CARTESIAN_POINT('',(-0.589077702973,-1.974596029958));
#15740 = CARTESIAN_POINT('',(-0.574987487176,-2.056057367777));
#15741 = CARTESIAN_POINT('',(-0.558741042392,-2.129483167508));
#15742 = CARTESIAN_POINT('',(-0.523836347755,-2.253265755362));
#15743 = CARTESIAN_POINT('',(-0.50516804749,-2.305654458493));
#15744 = CARTESIAN_POINT('',(-0.484988451988,-2.348804251013));
#15745 = CARTESIAN_POINT('',(-0.463664569343,-2.38119943962));
#15746 = CARTESIAN_POINT('',(-0.441594033972,-2.401638086566));
#15747 = CARTESIAN_POINT('',(-0.419184623311,-2.409238990141));
#15748 = CARTESIAN_POINT('',(-0.396847931716,-2.403450104));
#15749 = CARTESIAN_POINT('',(-0.339566415025,-2.352611638182));
#15750 = CARTESIAN_POINT('',(-0.307288562041,-2.287054534134));
#15751 = CARTESIAN_POINT('',(-0.279235876455,-2.192680270662));
#15752 = CARTESIAN_POINT('',(-0.256174320776,-2.07478803627));
#15753 = CARTESIAN_POINT('',(-0.238725254576,-1.939484958874));
#15754 = CARTESIAN_POINT('',(-0.227271949681,-1.793646954645));
#15755 = CARTESIAN_POINT('',(-0.221814470497,-1.644784027682));
#15756 = CARTESIAN_POINT('',(-0.221814470497,-1.417139843197));
#15757 = CARTESIAN_POINT('',(-0.223601966147,-1.334141727));
#15758 = CARTESIAN_POINT('',(-0.227187373739,-1.251869898473));
#15759 = CARTESIAN_POINT('',(-0.23257763034,-1.171210362386));
#15760 = CARTESIAN_POINT('',(-0.23977479791,-1.093081407218));
#15761 = CARTESIAN_POINT('',(-0.248774885806,-1.018449180833));
#15762 = CARTESIAN_POINT('',(-0.259566891689,-0.948348315847));
#15763 = CARTESIAN_POINT('',(-0.284709316308,-0.819404908395));
#15764 = CARTESIAN_POINT('',(-0.299135045693,-0.760204859647));
#15765 = CARTESIAN_POINT('',(-0.315269143975,-0.708359951396));
#15766 = CARTESIAN_POINT('',(-0.332876714554,-0.665485746519));
#15767 = CARTESIAN_POINT('',(-0.351660398687,-0.632742323674));
#15768 = CARTESIAN_POINT('',(-0.371279362158,-0.61083288357));
#15769 = CARTESIAN_POINT('',(-0.391361678241,-0.6));
#15770 = CARTESIAN_POINT('',(-0.411516846067,-0.6));
#15771 = ( GEOMETRIC_REPRESENTATION_CONTEXT(2) 
PARAMETRIC_REPRESENTATION_CONTEXT() REPRESENTATION_CONTEXT('2D SPACE',''
  ) );
#15772 = ORIENTED_EDGE('',*,*,#15773,.F.);
#15773 = EDGE_CURVE('',#14997,#15607,#15774,.T.);
#15774 = SEAM_CURVE('',#15775,(#15779,#15786),.PCURVE_S1.);
#15775 = LINE('',#15776,#15777);
#15776 = CARTESIAN_POINT('',(-16.,30.,-12.9));
#15777 = VECTOR('',#15778,1.);
#15778 = DIRECTION('',(1.,0.,2.22044604925E-16));
#15779 = PCURVE('',#15108,#15780);
#15780 = DEFINITIONAL_REPRESENTATION('',(#15781),#15785);
#15781 = LINE('',#15782,#15783);
#15782 = CARTESIAN_POINT('',(6.28318530718,-0.));
#15783 = VECTOR('',#15784,1.);
#15784 = DIRECTION('',(0.,1.));
#15785 = ( GEOMETRIC_REPRESENTATION_CONTEXT(2) 
PARAMETRIC_REPRESENTATION_CONTEXT() REPRESENTATION_CONTEXT('2D SPACE',''
  ) );
#15786 = PCURVE('',#15108,#15787);
#15787 = DEFINITIONAL_REPRESENTATION('',(#15788),#15792);
#15788 = LINE('',#15789,#15790);
#15789 = CARTESIAN_POINT('',(0.,-0.));
#15790 = VECTOR('',#15791,1.);
#15791 = DIRECTION('',(0.,1.));
#15792 = ( GEOMETRIC_REPRESENTATION_CONTEXT(2) 
PARAMETRIC_REPRESENTATION_CONTEXT() REPRESENTATION_CONTEXT('2D SPACE',''
  ) );
#15793 = ORIENTED_EDGE('',*,*,#14996,.T.);
#15794 = ORIENTED_EDGE('',*,*,#15773,.T.);
#15795 = ADVANCED_FACE('',(#15796),#15213,.T.);
#15796 = FACE_BOUND('',#15797,.F.);
#15797 = EDGE_LOOP('',(#15798,#15799,#15800,#15821));
#15798 = ORIENTED_EDGE('',*,*,#15554,.T.);
#15799 = ORIENTED_EDGE('',*,*,#15332,.T.);
#15800 = ORIENTED_EDGE('',*,*,#15801,.F.);
#15801 = EDGE_CURVE('',#15197,#15333,#15802,.T.);
#15802 = SURFACE_CURVE('',#15803,(#15807,#15814),.PCURVE_S1.);
#15803 = LINE('',#15804,#15805);
#15804 = CARTESIAN_POINT('',(13.999999966881,-28.,-13.5));
#15805 = VECTOR('',#15806,1.);
#15806 = DIRECTION('',(0.,0.,1.));
#15807 = PCURVE('',#15213,#15808);
#15808 = DEFINITIONAL_REPRESENTATION('',(#15809),#15813);
#15809 = LINE('',#15810,#15811);
#15810 = CARTESIAN_POINT('',(-6.28318530718,0.));
#15811 = VECTOR('',#15812,1.);
#15812 = DIRECTION('',(-0.,-1.));
#15813 = ( GEOMETRIC_REPRESENTATION_CONTEXT(2) 
PARAMETRIC_REPRESENTATION_CONTEXT() REPRESENTATION_CONTEXT('2D SPACE',''
  ) );
#15814 = PCURVE('',#15241,#15815);
#15815 = DEFINITIONAL_REPRESENTATION('',(#15816),#15820);
#15816 = LINE('',#15817,#15818);
#15817 = CARTESIAN_POINT('',(0.,0.));
#15818 = VECTOR('',#15819,1.);
#15819 = DIRECTION('',(0.,-1.));
#15820 = ( GEOMETRIC_REPRESENTATION_CONTEXT(2) 
PARAMETRIC_REPRESENTATION_CONTEXT() REPRESENTATION_CONTEXT('2D SPACE',''
  ) );
#15821 = ORIENTED_EDGE('',*,*,#15196,.F.);
#15822 = ADVANCED_FACE('',(#15823),#15241,.F.);
#15823 = FACE_BOUND('',#15824,.F.);
#15824 = EDGE_LOOP('',(#15825,#15826,#15827,#15848));
#15825 = ORIENTED_EDGE('',*,*,#15801,.T.);
#15826 = ORIENTED_EDGE('',*,*,#15356,.T.);
#15827 = ORIENTED_EDGE('',*,*,#15828,.F.);
#15828 = EDGE_CURVE('',#15226,#15357,#15829,.T.);
#15829 = SURFACE_CURVE('',#15830,(#15834,#15841),.PCURVE_S1.);
#15830 = LINE('',#15831,#15832);
#15831 = CARTESIAN_POINT('',(13.999999966881,28.,-13.5));
#15832 = VECTOR('',#15833,1.);
#15833 = DIRECTION('',(0.,0.,1.));
#15834 = PCURVE('',#15241,#15835);
#15835 = DEFINITIONAL_REPRESENTATION('',(#15836),#15840);
#15836 = LINE('',#15837,#15838);
#15837 = CARTESIAN_POINT('',(56.,0.));
#15838 = VECTOR('',#15839,1.);
#15839 = DIRECTION('',(0.,-1.));
#15840 = ( GEOMETRIC_REPRESENTATION_CONTEXT(2) 
PARAMETRIC_REPRESENTATION_CONTEXT() REPRESENTATION_CONTEXT('2D SPACE',''
  ) );
#15841 = PCURVE('',#15270,#15842);
#15842 = DEFINITIONAL_REPRESENTATION('',(#15843),#15847);
#15843 = LINE('',#15844,#15845);
#15844 = CARTESIAN_POINT('',(-0.,0.));
#15845 = VECTOR('',#15846,1.);
#15846 = DIRECTION('',(-0.,-1.));
#15847 = ( GEOMETRIC_REPRESENTATION_CONTEXT(2) 
PARAMETRIC_REPRESENTATION_CONTEXT() REPRESENTATION_CONTEXT('2D SPACE',''
  ) );
#15848 = ORIENTED_EDGE('',*,*,#15225,.F.);
#15849 = ADVANCED_FACE('',(#15850,#15856),#15270,.T.);
#15850 = FACE_BOUND('',#15851,.F.);
#15851 = EDGE_LOOP('',(#15852,#15853,#15854,#15855));
#15852 = ORIENTED_EDGE('',*,*,#15828,.T.);
#15853 = ORIENTED_EDGE('',*,*,#15379,.T.);
#15854 = ORIENTED_EDGE('',*,*,#15581,.F.);
#15855 = ORIENTED_EDGE('',*,*,#15253,.F.);
#15856 = FACE_BOUND('',#15857,.F.);
#15857 = EDGE_LOOP('',(#15858));
#15858 = ORIENTED_EDGE('',*,*,#15606,.T.);
#15859 = ADVANCED_FACE('',(#15860),#15444,.F.);
#15860 = FACE_BOUND('',#15861,.F.);
#15861 = EDGE_LOOP('',(#15862,#15863,#15886,#15913));
#15862 = ORIENTED_EDGE('',*,*,#15427,.F.);
#15863 = ORIENTED_EDGE('',*,*,#15864,.F.);
#15864 = EDGE_CURVE('',#15865,#15428,#15867,.T.);
#15865 = VERTEX_POINT('',#15866);
#15866 = CARTESIAN_POINT('',(-6.85,-25.,-11.6));
#15867 = SEAM_CURVE('',#15868,(#15872,#15879),.PCURVE_S1.);
#15868 = LINE('',#15869,#15870);
#15869 = CARTESIAN_POINT('',(-6.85,-25.,-11.6));
#15870 = VECTOR('',#15871,1.);
#15871 = DIRECTION('',(0.,0.,1.));
#15872 = PCURVE('',#15444,#15873);
#15873 = DEFINITIONAL_REPRESENTATION('',(#15874),#15878);
#15874 = LINE('',#15875,#15876);
#15875 = CARTESIAN_POINT('',(6.28318530718,-0.));
#15876 = VECTOR('',#15877,1.);
#15877 = DIRECTION('',(0.,1.));
#15878 = ( GEOMETRIC_REPRESENTATION_CONTEXT(2) 
PARAMETRIC_REPRESENTATION_CONTEXT() REPRESENTATION_CONTEXT('2D SPACE',''
  ) );
#15879 = PCURVE('',#15444,#15880);
#15880 = DEFINITIONAL_REPRESENTATION('',(#15881),#15885);
#15881 = LINE('',#15882,#15883);
#15882 = CARTESIAN_POINT('',(0.,-0.));
#15883 = VECTOR('',#15884,1.);
#15884 = DIRECTION('',(0.,1.));
#15885 = ( GEOMETRIC_REPRESENTATION_CONTEXT(2) 
PARAMETRIC_REPRESENTATION_CONTEXT() REPRESENTATION_CONTEXT('2D SPACE',''
  ) );
#15886 = ORIENTED_EDGE('',*,*,#15887,.T.);
#15887 = EDGE_CURVE('',#15865,#15865,#15888,.T.);
#15888 = SURFACE_CURVE('',#15889,(#15894,#15901),.PCURVE_S1.);
#15889 = CIRCLE('',#15890,2.15);
#15890 = AXIS2_PLACEMENT_3D('',#15891,#15892,#15893);
#15891 = CARTESIAN_POINT('',(-9.,-25.,-11.6));
#15892 = DIRECTION('',(0.,0.,1.));
#15893 = DIRECTION('',(1.,0.,-0.));
#15894 = PCURVE('',#15444,#15895);
#15895 = DEFINITIONAL_REPRESENTATION('',(#15896),#15900);
#15896 = LINE('',#15897,#15898);
#15897 = CARTESIAN_POINT('',(0.,0.));
#15898 = VECTOR('',#15899,1.);
#15899 = DIRECTION('',(1.,0.));
#15900 = ( GEOMETRIC_REPRESENTATION_CONTEXT(2) 
PARAMETRIC_REPRESENTATION_CONTEXT() REPRESENTATION_CONTEXT('2D SPACE',''
  ) );
#15901 = PCURVE('',#15902,#15907);
#15902 = PLANE('',#15903);
#15903 = AXIS2_PLACEMENT_3D('',#15904,#15905,#15906);
#15904 = CARTESIAN_POINT('',(-9.,-25.,-11.6));
#15905 = DIRECTION('',(0.,0.,1.));
#15906 = DIRECTION('',(1.,0.,-0.));
#15907 = DEFINITIONAL_REPRESENTATION('',(#15908),#15912);
#15908 = CIRCLE('',#15909,2.15);
#15909 = AXIS2_PLACEMENT_2D('',#15910,#15911);
#15910 = CARTESIAN_POINT('',(0.,0.));
#15911 = DIRECTION('',(1.,0.));
#15912 = ( GEOMETRIC_REPRESENTATION_CONTEXT(2) 
PARAMETRIC_REPRESENTATION_CONTEXT() REPRESENTATION_CONTEXT('2D SPACE',''
  ) );
#15913 = ORIENTED_EDGE('',*,*,#15864,.T.);
#15914 = ADVANCED_FACE('',(#15915),#15475,.F.);
#15915 = FACE_BOUND('',#15916,.F.);
#15916 = EDGE_LOOP('',(#15917,#15918,#15941,#15968));
#15917 = ORIENTED_EDGE('',*,*,#15458,.F.);
#15918 = ORIENTED_EDGE('',*,*,#15919,.F.);
#15919 = EDGE_CURVE('',#15920,#15459,#15922,.T.);
#15920 = VERTEX_POINT('',#15921);
#15921 = CARTESIAN_POINT('',(11.15,-25.,-11.6));
#15922 = SEAM_CURVE('',#15923,(#15927,#15934),.PCURVE_S1.);
#15923 = LINE('',#15924,#15925);
#15924 = CARTESIAN_POINT('',(11.15,-25.,-11.6));
#15925 = VECTOR('',#15926,1.);
#15926 = DIRECTION('',(0.,0.,1.));
#15927 = PCURVE('',#15475,#15928);
#15928 = DEFINITIONAL_REPRESENTATION('',(#15929),#15933);
#15929 = LINE('',#15930,#15931);
#15930 = CARTESIAN_POINT('',(6.28318530718,-0.));
#15931 = VECTOR('',#15932,1.);
#15932 = DIRECTION('',(0.,1.));
#15933 = ( GEOMETRIC_REPRESENTATION_CONTEXT(2) 
PARAMETRIC_REPRESENTATION_CONTEXT() REPRESENTATION_CONTEXT('2D SPACE',''
  ) );
#15934 = PCURVE('',#15475,#15935);
#15935 = DEFINITIONAL_REPRESENTATION('',(#15936),#15940);
#15936 = LINE('',#15937,#15938);
#15937 = CARTESIAN_POINT('',(0.,-0.));
#15938 = VECTOR('',#15939,1.);
#15939 = DIRECTION('',(0.,1.));
#15940 = ( GEOMETRIC_REPRESENTATION_CONTEXT(2) 
PARAMETRIC_REPRESENTATION_CONTEXT() REPRESENTATION_CONTEXT('2D SPACE',''
  ) );
#15941 = ORIENTED_EDGE('',*,*,#15942,.T.);
#15942 = EDGE_CURVE('',#15920,#15920,#15943,.T.);
#15943 = SURFACE_CURVE('',#15944,(#15949,#15956),.PCURVE_S1.);
#15944 = CIRCLE('',#15945,2.15);
#15945 = AXIS2_PLACEMENT_3D('',#15946,#15947,#15948);
#15946 = CARTESIAN_POINT('',(9.,-25.,-11.6));
#15947 = DIRECTION('',(0.,0.,1.));
#15948 = DIRECTION('',(1.,0.,-0.));
#15949 = PCURVE('',#15475,#15950);
#15950 = DEFINITIONAL_REPRESENTATION('',(#15951),#15955);
#15951 = LINE('',#15952,#15953);
#15952 = CARTESIAN_POINT('',(0.,0.));
#15953 = VECTOR('',#15954,1.);
#15954 = DIRECTION('',(1.,0.));
#15955 = ( GEOMETRIC_REPRESENTATION_CONTEXT(2) 
PARAMETRIC_REPRESENTATION_CONTEXT() REPRESENTATION_CONTEXT('2D SPACE',''
  ) );
#15956 = PCURVE('',#15957,#15962);
#15957 = PLANE('',#15958);
#15958 = AXIS2_PLACEMENT_3D('',#15959,#15960,#15961);
#15959 = CARTESIAN_POINT('',(9.,-25.,-11.6));
#15960 = DIRECTION('',(0.,0.,1.));
#15961 = DIRECTION('',(1.,0.,-0.));
#15962 = DEFINITIONAL_REPRESENTATION('',(#15963),#15967);
#15963 = CIRCLE('',#15964,2.15);
#15964 = AXIS2_PLACEMENT_2D('',#15965,#15966);
#15965 = CARTESIAN_POINT('',(0.,0.));
#15966 = DIRECTION('',(1.,0.));
#15967 = ( GEOMETRIC_REPRESENTATION_CONTEXT(2) 
PARAMETRIC_REPRESENTATION_CONTEXT() REPRESENTATION_CONTEXT('2D SPACE',''
  ) );
#15968 = ORIENTED_EDGE('',*,*,#15919,.T.);
#15969 = ADVANCED_FACE('',(#15970),#15506,.F.);
#15970 = FACE_BOUND('',#15971,.F.);
#15971 = EDGE_LOOP('',(#15972,#15973,#15996,#16023));
#15972 = ORIENTED_EDGE('',*,*,#15489,.F.);
#15973 = ORIENTED_EDGE('',*,*,#15974,.F.);
#15974 = EDGE_CURVE('',#15975,#15490,#15977,.T.);
#15975 = VERTEX_POINT('',#15976);
#15976 = CARTESIAN_POINT('',(-6.85,25.,-11.6));
#15977 = SEAM_CURVE('',#15978,(#15982,#15989),.PCURVE_S1.);
#15978 = LINE('',#15979,#15980);
#15979 = CARTESIAN_POINT('',(-6.85,25.,-11.6));
#15980 = VECTOR('',#15981,1.);
#15981 = DIRECTION('',(0.,0.,1.));
#15982 = PCURVE('',#15506,#15983);
#15983 = DEFINITIONAL_REPRESENTATION('',(#15984),#15988);
#15984 = LINE('',#15985,#15986);
#15985 = CARTESIAN_POINT('',(6.28318530718,-0.));
#15986 = VECTOR('',#15987,1.);
#15987 = DIRECTION('',(0.,1.));
#15988 = ( GEOMETRIC_REPRESENTATION_CONTEXT(2) 
PARAMETRIC_REPRESENTATION_CONTEXT() REPRESENTATION_CONTEXT('2D SPACE',''
  ) );
#15989 = PCURVE('',#15506,#15990);
#15990 = DEFINITIONAL_REPRESENTATION('',(#15991),#15995);
#15991 = LINE('',#15992,#15993);
#15992 = CARTESIAN_POINT('',(0.,-0.));
#15993 = VECTOR('',#15994,1.);
#15994 = DIRECTION('',(0.,1.));
#15995 = ( GEOMETRIC_REPRESENTATION_CONTEXT(2) 
PARAMETRIC_REPRESENTATION_CONTEXT() REPRESENTATION_CONTEXT('2D SPACE',''
  ) );
#15996 = ORIENTED_EDGE('',*,*,#15997,.T.);
#15997 = EDGE_CURVE('',#15975,#15975,#15998,.T.);
#15998 = SURFACE_CURVE('',#15999,(#16004,#16011),.PCURVE_S1.);
#15999 = CIRCLE('',#16000,2.15);
#16000 = AXIS2_PLACEMENT_3D('',#16001,#16002,#16003);
#16001 = CARTESIAN_POINT('',(-9.,25.,-11.6));
#16002 = DIRECTION('',(0.,0.,1.));
#16003 = DIRECTION('',(1.,0.,-0.));
#16004 = PCURVE('',#15506,#16005);
#16005 = DEFINITIONAL_REPRESENTATION('',(#16006),#16010);
#16006 = LINE('',#16007,#16008);
#16007 = CARTESIAN_POINT('',(0.,0.));
#16008 = VECTOR('',#16009,1.);
#16009 = DIRECTION('',(1.,0.));
#16010 = ( GEOMETRIC_REPRESENTATION_CONTEXT(2) 
PARAMETRIC_REPRESENTATION_CONTEXT() REPRESENTATION_CONTEXT('2D SPACE',''
  ) );
#16011 = PCURVE('',#16012,#16017);
#16012 = PLANE('',#16013);
#16013 = AXIS2_PLACEMENT_3D('',#16014,#16015,#16016);
#16014 = CARTESIAN_POINT('',(-9.,25.,-11.6));
#16015 = DIRECTION('',(0.,0.,1.));
#16016 = DIRECTION('',(1.,0.,-0.));
#16017 = DEFINITIONAL_REPRESENTATION('',(#16018),#16022);
#16018 = CIRCLE('',#16019,2.15);
#16019 = AXIS2_PLACEMENT_2D('',#16020,#16021);
#16020 = CARTESIAN_POINT('',(0.,0.));
#16021 = DIRECTION('',(1.,0.));
#16022 = ( GEOMETRIC_REPRESENTATION_CONTEXT(2) 
PARAMETRIC_REPRESENTATION_CONTEXT() REPRESENTATION_CONTEXT('2D SPACE',''
  ) );
#16023 = ORIENTED_EDGE('',*,*,#15974,.T.);
#16024 = ADVANCED_FACE('',(#16025),#15537,.F.);
#16025 = FACE_BOUND('',#16026,.F.);
#16026 = EDGE_LOOP('',(#16027,#16028,#16051,#16078));
#16027 = ORIENTED_EDGE('',*,*,#15520,.F.);
#16028 = ORIENTED_EDGE('',*,*,#16029,.F.);
#16029 = EDGE_CURVE('',#16030,#15521,#16032,.T.);
#16030 = VERTEX_POINT('',#16031);
#16031 = CARTESIAN_POINT('',(11.15,25.,-11.6));
#16032 = SEAM_CURVE('',#16033,(#16037,#16044),.PCURVE_S1.);
#16033 = LINE('',#16034,#16035);
#16034 = CARTESIAN_POINT('',(11.15,25.,-11.6));
#16035 = VECTOR('',#16036,1.);
#16036 = DIRECTION('',(0.,0.,1.));
#16037 = PCURVE('',#15537,#16038);
#16038 = DEFINITIONAL_REPRESENTATION('',(#16039),#16043);
#16039 = LINE('',#16040,#16041);
#16040 = CARTESIAN_POINT('',(6.28318530718,-0.));
#16041 = VECTOR('',#16042,1.);
#16042 = DIRECTION('',(0.,1.));
#16043 = ( GEOMETRIC_REPRESENTATION_CONTEXT(2) 
PARAMETRIC_REPRESENTATION_CONTEXT() REPRESENTATION_CONTEXT('2D SPACE',''
  ) );
#16044 = PCURVE('',#15537,#16045);
#16045 = DEFINITIONAL_REPRESENTATION('',(#16046),#16050);
#16046 = LINE('',#16047,#16048);
#16047 = CARTESIAN_POINT('',(0.,-0.));
#16048 = VECTOR('',#16049,1.);
#16049 = DIRECTION('',(0.,1.));
#16050 = ( GEOMETRIC_REPRESENTATION_CONTEXT(2) 
PARAMETRIC_REPRESENTATION_CONTEXT() REPRESENTATION_CONTEXT('2D SPACE',''
  ) );
#16051 = ORIENTED_EDGE('',*,*,#16052,.T.);
#16052 = EDGE_CURVE('',#16030,#16030,#16053,.T.);
#16053 = SURFACE_CURVE('',#16054,(#16059,#16066),.PCURVE_S1.);
#16054 = CIRCLE('',#16055,2.15);
#16055 = AXIS2_PLACEMENT_3D('',#16056,#16057,#16058);
#16056 = CARTESIAN_POINT('',(9.,25.,-11.6));
#16057 = DIRECTION('',(0.,0.,1.));
#16058 = DIRECTION('',(1.,0.,-0.));
#16059 = PCURVE('',#15537,#16060);
#16060 = DEFINITIONAL_REPRESENTATION('',(#16061),#16065);
#16061 = LINE('',#16062,#16063);
#16062 = CARTESIAN_POINT('',(0.,0.));
#16063 = VECTOR('',#16064,1.);
#16064 = DIRECTION('',(1.,0.));
#16065 = ( GEOMETRIC_REPRESENTATION_CONTEXT(2) 
PARAMETRIC_REPRESENTATION_CONTEXT() REPRESENTATION_CONTEXT('2D SPACE',''
  ) );
#16066 = PCURVE('',#16067,#16072);
#16067 = PLANE('',#16068);
#16068 = AXIS2_PLACEMENT_3D('',#16069,#16070,#16071);
#16069 = CARTESIAN_POINT('',(9.,25.,-11.6));
#16070 = DIRECTION('',(0.,0.,1.));
#16071 = DIRECTION('',(1.,0.,-0.));
#16072 = DEFINITIONAL_REPRESENTATION('',(#16073),#16077);
#16073 = CIRCLE('',#16074,2.15);
#16074 = AXIS2_PLACEMENT_2D('',#16075,#16076);
#16075 = CARTESIAN_POINT('',(0.,0.));
#16076 = DIRECTION('',(1.,0.));
#16077 = ( GEOMETRIC_REPRESENTATION_CONTEXT(2) 
PARAMETRIC_REPRESENTATION_CONTEXT() REPRESENTATION_CONTEXT('2D SPACE',''
  ) );
#16078 = ORIENTED_EDGE('',*,*,#16029,.T.);
#16079 = ADVANCED_FACE('',(#16080),#15902,.T.);
#16080 = FACE_BOUND('',#16081,.F.);
#16081 = EDGE_LOOP('',(#16082));
#16082 = ORIENTED_EDGE('',*,*,#15887,.F.);
#16083 = ADVANCED_FACE('',(#16084),#15957,.T.);
#16084 = FACE_BOUND('',#16085,.F.);
#16085 = EDGE_LOOP('',(#16086));
#16086 = ORIENTED_EDGE('',*,*,#15942,.F.);
#16087 = ADVANCED_FACE('',(#16088),#16012,.T.);
#16088 = FACE_BOUND('',#16089,.F.);
#16089 = EDGE_LOOP('',(#16090));
#16090 = ORIENTED_EDGE('',*,*,#15997,.F.);
#16091 = ADVANCED_FACE('',(#16092),#16067,.T.);
#16092 = FACE_BOUND('',#16093,.F.);
#16093 = EDGE_LOOP('',(#16094));
#16094 = ORIENTED_EDGE('',*,*,#16052,.F.);
#16095 = ( GEOMETRIC_REPRESENTATION_CONTEXT(3) 
GLOBAL_UNCERTAINTY_ASSIGNED_CONTEXT((#16099)) 
GLOBAL_UNIT_ASSIGNED_CONTEXT((#16096,#16097,#16098)) 
REPRESENTATION_CONTEXT('Context #1',
  '3D Context with UNIT and UNCERTAINTY') );
#16096 = ( LENGTH_UNIT() NAMED_UNIT(*) SI_UNIT(.MILLI.,.METRE.) );
#16097 = ( NAMED_UNIT(*) PLANE_ANGLE_UNIT() SI_UNIT($,.RADIAN.) );
#16098 = ( NAMED_UNIT(*) SI_UNIT($,.STERADIAN.) SOLID_ANGLE_UNIT() );
#16099 = UNCERTAINTY_MEASURE_WITH_UNIT(LENGTH_MEASURE(1.E-07),#16096,
  'distance_accuracy_value','confusion accuracy');
#16100 = PRODUCT_RELATED_PRODUCT_CATEGORY('part',$,(#7));

#16101=DESCRIPTIVE_REPRESENTATION_ITEM('cadpy:generator','cadpy');
#16102=REPRESENTATION('cadpy:generator',(#16101),#16095);
#16103=PROPERTY_DEFINITION('cadpy metadata','cadpy:generator',#5);
#16104=PROPERTY_DEFINITION_REPRESENTATION(#16103,#16102);
#16105=DESCRIPTIVE_REPRESENTATION_ITEM('cadpy:entryKind','assembly');
#16106=REPRESENTATION('cadpy:entryKind',(#16105),#16095);
#16107=PROPERTY_DEFINITION('cadpy metadata','cadpy:entryKind',#5);
#16108=PROPERTY_DEFINITION_REPRESENTATION(#16107,#16106);
#16109=DESCRIPTIVE_REPRESENTATION_ITEM('cadpy:sourcePath','model.py');
#16110=REPRESENTATION('cadpy:sourcePath',(#16109),#16095);
#16111=PROPERTY_DEFINITION('cadpy metadata','cadpy:sourcePath',#5);
#16112=PROPERTY_DEFINITION_REPRESENTATION(#16111,#16110);
#16113=DESCRIPTIVE_REPRESENTATION_ITEM('cadpy:sourceHash','5e5e96a39638fc2ce458e8f4c7361f95fcf2701a55b356b723524e8d14587829');
#16114=REPRESENTATION('cadpy:sourceHash',(#16113),#16095);
#16115=PROPERTY_DEFINITION('cadpy metadata','cadpy:sourceHash',#5);
#16116=PROPERTY_DEFINITION_REPRESENTATION(#16115,#16114);
ENDSEC;
END-ISO-10303-21;
