ISO-10303-21;
HEADER;
FILE_DESCRIPTION (( 'STEP AP214' ),
    '1' );
FILE_NAME ('APGF0607.STEP',
    '2026-01-07T22:15:02',
    ( '' ),
    ( '' ),
    'SwSTEP 2.0',
    'SolidWorks 2014',
    '' );
FILE_SCHEMA (( 'AUTOMOTIVE_DESIGN' ));
ENDSEC;

DATA;
#1 = VECTOR ( 'NONE', #754, 1000.000000000000000 ) ;
#2 = DIRECTION ( 'NONE',  ( 1.000000000000000000, -0.0000000000000000000, 0.0000000000000000000 ) ) ;
#3 = EDGE_CURVE ( 'NONE', #2036, #61, #1277, .T. ) ;
#4 = EDGE_LOOP ( 'NONE', ( #840, #1806, #1406, #161 ) ) ;
#5 = FACE_OUTER_BOUND ( 'NONE', #1746, .T. ) ;
#6 = CARTESIAN_POINT ( 'NONE',  ( 283.3886400257810000, 138.2913793103450100, -437.4132313287340100 ) ) ;
#7 = LINE ( 'NONE', #2078, #2125 ) ;
#8 = SURFACE_SIDE_STYLE ('',( #852 ) ) ;
#9 = CARTESIAN_POINT ( 'NONE',  ( 283.3386400257810500, 138.8913793103450000, -437.6332313287339800 ) ) ;
#10 = CARTESIAN_POINT ( 'NONE',  ( 283.1386400257810000, 138.8913793103450000, -437.6632313287340100 ) ) ;
#11 = EDGE_LOOP ( 'NONE', ( #2250, #2645, #2489, #532 ) ) ;
#12 = CARTESIAN_POINT ( 'NONE',  ( 283.1386400257810000, 138.8913793103450000, -437.6632313287340100 ) ) ;
#13 = AXIS2_PLACEMENT_3D ( 'NONE', #552, #1983, #2603 ) ;
#14 = ORIENTED_EDGE ( 'NONE', *, *, #2374, .F. ) ;
#15 = PLANE ( 'NONE',  #972 ) ;
#16 = DIRECTION ( 'NONE',  ( 0.0000000000000000000, 1.000000000000000000, -0.0000000000000000000 ) ) ;
#17 = ORIENTED_EDGE ( 'NONE', *, *, #1183, .T. ) ;
#18 = CARTESIAN_POINT ( 'NONE',  ( 283.1386400257810000, 138.6913793103450100, -437.6332313287339800 ) ) ;
#19 = CARTESIAN_POINT ( 'NONE',  ( 282.9886400257810200, 138.6913793103450100, -437.6332313287339800 ) ) ;
#20 = EDGE_CURVE ( 'NONE', #1128, #1109, #2229, .T. ) ;
#21 = VECTOR ( 'NONE', #1879, 1000.000000000000000 ) ;
#22 = DIRECTION ( 'NONE',  ( 0.0000000000000000000, 0.0000000000000000000, 1.000000000000000000 ) ) ;
#23 = VECTOR ( 'NONE', #841, 1000.000000000000000 ) ;
#24 = FACE_OUTER_BOUND ( 'NONE', #1322, .T. ) ;
#25 = CARTESIAN_POINT ( 'NONE',  ( 283.1386400257810000, 138.6913793103450100, -437.6332313287339800 ) ) ;
#26 = PLANE ( 'NONE',  #1639 ) ;
#27 = CARTESIAN_POINT ( 'NONE',  ( 282.9886400257810200, 138.3413793103449900, -437.6632313287340100 ) ) ;
#28 = ORIENTED_EDGE ( 'NONE', *, *, #1772, .F. ) ;
#29 = CARTESIAN_POINT ( 'NONE',  ( 282.7886400257809800, 138.2913793103450100, -437.6632313287340100 ) ) ;
#30 = ADVANCED_FACE ( 'NONE', ( #798 ), #383, .T. ) ;
#31 = ORIENTED_EDGE ( 'NONE', *, *, #499, .F. ) ;
#32 = DIRECTION ( 'NONE',  ( 1.000000000000000000, 0.0000000000000000000, 0.0000000000000000000 ) ) ;
#33 = VECTOR ( 'NONE', #2186, 1000.000000000000000 ) ;
#34 = LINE ( 'NONE', #492, #645 ) ;
#35 = ORIENTED_EDGE ( 'NONE', *, *, #2017, .T. ) ;
#36 = EDGE_CURVE ( 'NONE', #837, #1064, #1742, .T. ) ;
#37 = PLANE ( 'NONE',  #887 ) ;
#38 = DIRECTION ( 'NONE',  ( 1.000000000000000000, 0.0000000000000000000, -0.0000000000000000000 ) ) ;
#39 = LINE ( 'NONE', #2378, #1759 ) ;
#40 = DIRECTION ( 'NONE',  ( 0.0000000000000000000, -0.0000000000000000000, 1.000000000000000000 ) ) ;
#41 = AXIS2_PLACEMENT_3D ( 'NONE', #2156, #1141, #1957 ) ;
#42 = VECTOR ( 'NONE', #470, 1000.000000000000000 ) ;
#43 = VECTOR ( 'NONE', #1991, 1000.000000000000000 ) ;
#44 = DIRECTION ( 'NONE',  ( -0.0000000000000000000, 0.0000000000000000000, -1.000000000000000000 ) ) ;
#45 = ORIENTED_EDGE ( 'NONE', *, *, #1063, .T. ) ;
#46 = CARTESIAN_POINT ( 'NONE',  ( 282.9886400257810200, 138.3413793103449900, -437.6632313287340100 ) ) ;
#47 = DIRECTION ( 'NONE',  ( 1.000000000000000000, 0.0000000000000000000, 0.0000000000000000000 ) ) ;
#48 = CARTESIAN_POINT ( 'NONE',  ( 283.3386400257810500, 138.6663793103450100, -437.6632313287340100 ) ) ;
#49 = ORIENTED_EDGE ( 'NONE', *, *, #1319, .T. ) ;
#50 = CARTESIAN_POINT ( 'NONE',  ( 283.0136400257810000, 138.8913793207879900, -437.6632313287340100 ) ) ;
#51 = ORIENTED_EDGE ( 'NONE', *, *, #1896, .T. ) ;
#52 = CARTESIAN_POINT ( 'NONE',  ( 282.9873900257810000, 138.6938793103450100, -437.5832313287339700 ) ) ;
#53 = FACE_OUTER_BOUND ( 'NONE', #2231, .T. ) ;
#54 = DIRECTION ( 'NONE',  ( 0.0000000000000000000, -1.000000000000000000, 0.0000000000000000000 ) ) ;
#55 = DIRECTION ( 'NONE',  ( -0.0000000000000000000, -0.0000000000000000000, 1.000000000000000000 ) ) ;
#56 = CARTESIAN_POINT ( 'NONE',  ( 283.0136400257810000, 138.6663793103450100, -437.6632313287340100 ) ) ;
#57 = STYLED_ITEM ( 'NONE', ( #1687 ), #206 ) ;
#58 = DIRECTION ( 'NONE',  ( 0.0000000000000000000, -0.0000000000000000000, 1.000000000000000000 ) ) ;
#59 = ORIENTED_EDGE ( 'NONE', *, *, #1055, .T. ) ;
#60 = ORIENTED_EDGE ( 'NONE', *, *, #2501, .F. ) ;
#61 = VERTEX_POINT ( 'NONE', #180 ) ;
#62 = EDGE_LOOP ( 'NONE', ( #1833, #2517, #155, #14 ) ) ;
#63 = CARTESIAN_POINT ( 'NONE',  ( 282.7386400257810200, 138.9413793103450100, -437.5832313287339700 ) ) ;
#64 = PLANE ( 'NONE',  #2193 ) ;
#65 = LINE ( 'NONE', #1103, #771 ) ;
#66 = DIRECTION ( 'NONE',  ( -0.0000000000000000000, 0.0000000000000000000, -1.000000000000000000 ) ) ;
#67 = ORIENTED_EDGE ( 'NONE', *, *, #253, .T. ) ;
#68 = AXIS2_PLACEMENT_3D ( 'NONE', #1743, #1706, #1085 ) ;
#69 = LINE ( 'NONE', #2409, #1565 ) ;
#70 = DIRECTION ( 'NONE',  ( 0.0000000000000000000, -0.0000000000000000000, -1.000000000000000000 ) ) ;
#71 = MANIFOLD_SOLID_BREP ( 'brep_4', #411 ) ;
#72 = EDGE_LOOP ( 'NONE', ( #555, #2638, #1700, #1211 ) ) ;
#73 = VECTOR ( 'NONE', #2232, 1000.000000000000000 ) ;
#74 = VECTOR ( 'NONE', #1955, 1000.000000000000000 ) ;
#75 = EDGE_CURVE ( 'NONE', #221, #398, #1060, .T. ) ;
#76 = CARTESIAN_POINT ( 'NONE',  ( 282.7886400257809800, 138.8913793103450000, -437.6332313287339800 ) ) ;
#77 = CARTESIAN_POINT ( 'NONE',  ( 282.7886400257809800, 138.6913793103450100, -437.6632313287340100 ) ) ;
#78 = CARTESIAN_POINT ( 'NONE',  ( 282.9886400257810200, 138.3413793103449900, -437.6332313287339800 ) ) ;
#79 = AXIS2_PLACEMENT_3D ( 'NONE', #255, #1066, #2295 ) ;
#80 = ORIENTED_EDGE ( 'NONE', *, *, #978, .T. ) ;
#81 = VERTEX_POINT ( 'NONE', #2424 ) ;
#82 = DIRECTION ( 'NONE',  ( 0.0000000000000000000, -0.0000000000000000000, -1.000000000000000000 ) ) ;
#83 = AXIS2_PLACEMENT_3D ( 'NONE', #516, #324, #2551 ) ;
#84 = PLANE ( 'NONE',  #2412 ) ;
#85 = LINE ( 'NONE', #865, #1428 ) ;
#86 = EDGE_CURVE ( 'NONE', #1240, #1010, #111, .T. ) ;
#87 = ORIENTED_EDGE ( 'NONE', *, *, #613, .F. ) ;
#88 = VECTOR ( 'NONE', #2241, 1000.000000000000000 ) ;
#89 = CARTESIAN_POINT ( 'NONE',  ( 283.3386400257810500, 138.8913793103450000, -437.6632313287340100 ) ) ;
#90 = DIRECTION ( 'NONE',  ( 0.0000000000000000000, -0.0000000000000000000, -1.000000000000000000 ) ) ;
#91 = EDGE_CURVE ( 'NONE', #987, #1843, #147, .T. ) ;
#92 = EDGE_LOOP ( 'NONE', ( #630, #1994, #2280, #1111 ) ) ;
#93 = ORIENTED_EDGE ( 'NONE', *, *, #2575, .F. ) ;
#94 = VECTOR ( 'NONE', #138, 1000.000000000000000 ) ;
#95 = VECTOR ( 'NONE', #1267, 1000.000000000000000 ) ;
#96 = EDGE_LOOP ( 'NONE', ( #872, #2644, #686, #846 ) ) ;
#97 = ADVANCED_FACE ( 'NONE', ( #2294 ), #1245, .T. ) ;
#98 = CARTESIAN_POINT ( 'NONE',  ( 282.7886400257809800, 138.6913793103450100, -437.6332313287339800 ) ) ;
#99 =( GEOMETRIC_REPRESENTATION_CONTEXT ( 3 ) GLOBAL_UNCERTAINTY_ASSIGNED_CONTEXT ( ( #1376 ) ) GLOBAL_UNIT_ASSIGNED_CONTEXT ( ( #2419, #415, #786 ) ) REPRESENTATION_CONTEXT ( 'NONE', 'WORKASPACE' ) );
#100 = DIRECTION ( 'NONE',  ( -0.0000000000000000000, 1.000000000000000000, 0.0000000000000000000 ) ) ;
#101 = EDGE_LOOP ( 'NONE', ( #1571, #107, #1519, #809 ) ) ;
#102 = EDGE_CURVE ( 'NONE', #1203, #1449, #730, .T. ) ;
#103 = LINE ( 'NONE', #1045, #465 ) ;
#104 = CARTESIAN_POINT ( 'NONE',  ( 283.3386400257810500, 138.6913793103450100, -437.6332313287339800 ) ) ;
#105 = ORIENTED_EDGE ( 'NONE', *, *, #2537, .F. ) ;
#106 = CARTESIAN_POINT ( 'NONE',  ( 283.1386400257810000, 138.5413793103450100, -437.6332313287339800 ) ) ;
#107 = ORIENTED_EDGE ( 'NONE', *, *, #1238, .F. ) ;
#108 = VERTEX_POINT ( 'NONE', #638 ) ;
#109 = FACE_OUTER_BOUND ( 'NONE', #1969, .T. ) ;
#110 = CARTESIAN_POINT ( 'NONE',  ( 283.1136400257810200, 138.8913793207879900, -437.6632313287340100 ) ) ;
#111 = LINE ( 'NONE', #583, #175 ) ;
#112 = ORIENTED_EDGE ( 'NONE', *, *, #1510, .F. ) ;
#113 = EDGE_CURVE ( 'NONE', #1648, #1824, #1332, .T. ) ;
#114 = EDGE_CURVE ( 'NONE', #1610, #2178, #1875, .T. ) ;
#115 = VECTOR ( 'NONE', #1405, 1000.000000000000000 ) ;
#116 = ADVANCED_FACE ( 'NONE', ( #501 ), #1674, .T. ) ;
#117 = CARTESIAN_POINT ( 'NONE',  ( 282.7386400257810200, 138.5663793103450100, -437.6332313287339800 ) ) ;
#118 = ORIENTED_EDGE ( 'NONE', *, *, #1013, .F. ) ;
#119 = PRESENTATION_LAYER_ASSIGNMENT (  '', '', ( #1040 ) ) ;
#120 = CARTESIAN_POINT ( 'NONE',  ( 282.7886400257809800, 138.5413793103450100, -437.6632313287340100 ) ) ;
#121 = DIRECTION ( 'NONE',  ( 0.0000000000000000000, -1.000000000000000000, -0.0000000000000000000 ) ) ;
#122 = LINE ( 'NONE', #1126, #990 ) ;
#123 = ORIENTED_EDGE ( 'NONE', *, *, #709, .T. ) ;
#124 = LINE ( 'NONE', #855, #1943 ) ;
#125 = ORIENTED_EDGE ( 'NONE', *, *, #333, .F. ) ;
#126 = AXIS2_PLACEMENT_3D ( 'NONE', #770, #1579, #321 ) ;
#127 = VECTOR ( 'NONE', #326, 1000.000000000000000 ) ;
#128 = DIRECTION ( 'NONE',  ( 1.000000000000000000, 0.0000000000000000000, 0.0000000000000000000 ) ) ;
#129 = FACE_OUTER_BOUND ( 'NONE', #1366, .T. ) ;
#130 = DIRECTION ( 'NONE',  ( 0.0000000000000000000, 1.000000000000000000, 0.0000000000000000000 ) ) ;
#131 = PLANE ( 'NONE',  #83 ) ;
#132 = LINE ( 'NONE', #1574, #612 ) ;
#133 = ADVANCED_FACE ( 'NONE', ( #665 ), #37, .T. ) ;
#134 = EDGE_CURVE ( 'NONE', #61, #652, #2032, .T. ) ;
#135 = ORIENTED_EDGE ( 'NONE', *, *, #394, .F. ) ;
#136 = CARTESIAN_POINT ( 'NONE',  ( 282.7886400257809800, 138.3413793103449900, -437.6632313287340100 ) ) ;
#137 = ORIENTED_EDGE ( 'NONE', *, *, #758, .F. ) ;
#138 = DIRECTION ( 'NONE',  ( 0.0000000000000000000, 0.0000000000000000000, -1.000000000000000000 ) ) ;
#139 = PLANE ( 'NONE',  #1859 ) ;
#140 = CARTESIAN_POINT ( 'NONE',  ( 283.1386400257810000, 138.8913793103450000, -437.6632313287340100 ) ) ;
#141 = ORIENTED_EDGE ( 'NONE', *, *, #495, .T. ) ;
#142 = LINE ( 'NONE', #2007, #473 ) ;
#143 = ADVANCED_FACE ( 'NONE', ( #1775 ), #2257, .T. ) ;
#144 = PLANE ( 'NONE',  #126 ) ;
#145 = VECTOR ( 'NONE', #227, 1000.000000000000000 ) ;
#146 = CARTESIAN_POINT ( 'NONE',  ( 283.3386400257810500, 138.3413793103449900, -437.6332313287339800 ) ) ;
#147 = LINE ( 'NONE', #18, #593 ) ;
#148 = DIRECTION ( 'NONE',  ( 0.0000000000000000000, -0.0000000000000000000, -1.000000000000000000 ) ) ;
#149 = VERTEX_POINT ( 'NONE', #833 ) ;
#150 = EDGE_CURVE ( 'NONE', #307, #430, #1242, .T. ) ;
#151 = VERTEX_POINT ( 'NONE', #1058 ) ;
#152 = CARTESIAN_POINT ( 'NONE',  ( 282.9886400257810200, 138.6913793103450100, -437.6332313287339800 ) ) ;
#153 = LINE ( 'NONE', #1538, #1375 ) ;
#154 = FACE_OUTER_BOUND ( 'NONE', #1698, .T. ) ;
#155 = ORIENTED_EDGE ( 'NONE', *, *, #1942, .F. ) ;
#156 = DIRECTION ( 'NONE',  ( 1.000000000000000000, 0.0000000000000000000, 0.0000000000000000000 ) ) ;
#157 = DIRECTION ( 'NONE',  ( -0.0000000000000000000, -0.0000000000000000000, 1.000000000000000000 ) ) ;
#158 = DIRECTION ( 'NONE',  ( -0.0000000000000000000, -0.0000000000000000000, -1.000000000000000000 ) ) ;
#159 = LINE ( 'NONE', #2423, #2176 ) ;
#160 = AXIS2_PLACEMENT_3D ( 'NONE', #1899, #54, #2297 ) ;
#161 = ORIENTED_EDGE ( 'NONE', *, *, #1053, .F. ) ;
#162 = LINE ( 'NONE', #1520, #228 ) ;
#163 = CARTESIAN_POINT ( 'NONE',  ( 282.7386400257810200, 138.5663793103450100, -437.6632313287340100 ) ) ;
#164 = VECTOR ( 'NONE', #1014, 1000.000000000000000 ) ;
#165 = VERTEX_POINT ( 'NONE', #27 ) ;
#166 = EDGE_CURVE ( 'NONE', #1589, #296, #2259, .T. ) ;
#167 = ORIENTED_EDGE ( 'NONE', *, *, #2159, .T. ) ;
#168 = ORIENTED_EDGE ( 'NONE', *, *, #598, .T. ) ;
#169 = ADVANCED_FACE ( 'NONE', ( #24 ), #2279, .T. ) ;
#170 = DIRECTION ( 'NONE',  ( 0.0000000000000000000, 0.0000000000000000000, 1.000000000000000000 ) ) ;
#171 = CARTESIAN_POINT ( 'NONE',  ( 283.3886400257810000, 138.5663793103450100, -437.6632313287340100 ) ) ;
#172 = UNCERTAINTY_MEASURE_WITH_UNIT (LENGTH_MEASURE( 1.000000000000000100E-005 ), #642, 'distance_accuracy_value', 'NONE');
#173 = VECTOR ( 'NONE', #2121, 1000.000000000000000 ) ;
#174 =( NAMED_UNIT ( * ) PLANE_ANGLE_UNIT ( ) SI_UNIT ( $, .RADIAN. ) );
#175 = VECTOR ( 'NONE', #1683, 1000.000000000000000 ) ;
#176 = ORIENTED_EDGE ( 'NONE', *, *, #898, .F. ) ;
#177 = DIRECTION ( 'NONE',  ( 0.0000000000000000000, 0.0000000000000000000, -1.000000000000000000 ) ) ;
#178 = ORIENTED_EDGE ( 'NONE', *, *, #617, .F. ) ;
#179 = CARTESIAN_POINT ( 'NONE',  ( 283.0136400257810000, 138.8913793207879900, -437.6332313287339800 ) ) ;
#180 = CARTESIAN_POINT ( 'NONE',  ( 282.9136400257810400, 138.5388793103450100, -437.5832313287339700 ) ) ;
#181 = ORIENTED_EDGE ( 'NONE', *, *, #134, .T. ) ;
#182 = FACE_OUTER_BOUND ( 'NONE', #2288, .T. ) ;
#183 = LINE ( 'NONE', #904, #2268 ) ;
#184 = EDGE_LOOP ( 'NONE', ( #1324, #417, #1373, #1680 ) ) ;
#185 = DIRECTION ( 'NONE',  ( -1.000000000000000000, 0.0000000000000000000, -0.0000000000000000000 ) ) ;
#186 = EDGE_CURVE ( 'NONE', #1203, #987, #700, .T. ) ;
#187 = DIRECTION ( 'NONE',  ( -1.000000000000000000, 0.0000000000000000000, -0.0000000000000000000 ) ) ;
#188 = ORIENTED_EDGE ( 'NONE', *, *, #896, .F. ) ;
#189 = FACE_OUTER_BOUND ( 'NONE', #2119, .T. ) ;
#190 = CARTESIAN_POINT ( 'NONE',  ( 283.3886400257810000, 138.2913793103450100, -437.5832313287339700 ) ) ;
#191 = CARTESIAN_POINT ( 'NONE',  ( 283.1386400257810000, 138.5413793103450100, -437.6632313287340100 ) ) ;
#192 = ORIENTED_EDGE ( 'NONE', *, *, #2130, .T. ) ;
#193 = CARTESIAN_POINT ( 'NONE',  ( 282.7886400257809800, 138.5413793103450100, -437.6632313287340100 ) ) ;
#194 = ORIENTED_EDGE ( 'NONE', *, *, #670, .T. ) ;
#195 = STYLED_ITEM ( 'NONE', ( #572 ), #2386 ) ;
#196 = DIRECTION ( 'NONE',  ( -1.000000000000000000, 0.0000000000000000000, -0.0000000000000000000 ) ) ;
#197 = ORIENTED_EDGE ( 'NONE', *, *, #495, .F. ) ;
#198 = CARTESIAN_POINT ( 'NONE',  ( 283.3386400257810500, 138.6913793103450100, -437.6332313287339800 ) ) ;
#199 = EDGE_CURVE ( 'NONE', #244, #2145, #2226, .T. ) ;
#200 = DIRECTION ( 'NONE',  ( 0.0000000000000000000, 0.0000000000000000000, 1.000000000000000000 ) ) ;
#201 = PLANE ( 'NONE',  #433 ) ;
#202 = ORIENTED_EDGE ( 'NONE', *, *, #709, .F. ) ;
#203 = EDGE_CURVE ( 'NONE', #2614, #1841, #1145, .T. ) ;
#204 = CLOSED_SHELL ( 'NONE', ( #116, #1133, #2555, #828, #971, #1749 ) ) ;
#205 = FACE_OUTER_BOUND ( 'NONE', #905, .T. ) ;
#206 = MANIFOLD_SOLID_BREP ( 'brep_5', #2414 ) ;
#207 = VECTOR ( 'NONE', #2627, 1000.000000000000000 ) ;
#208 = PLANE ( 'NONE',  #1721 ) ;
#209 = DIRECTION ( 'NONE',  ( 0.0000000000000000000, 0.0000000000000000000, 1.000000000000000000 ) ) ;
#210 = ADVANCED_FACE ( 'NONE', ( #795 ), #691, .T. ) ;
#211 = AXIS2_PLACEMENT_3D ( 'NONE', #1855, #1223, #614 ) ;
#212 = ORIENTED_EDGE ( 'NONE', *, *, #471, .T. ) ;
#213 = ORIENTED_EDGE ( 'NONE', *, *, #441, .T. ) ;
#214 = CARTESIAN_POINT ( 'NONE',  ( 282.7386400257810200, 138.5663793103450100, -437.6332313287339800 ) ) ;
#215 = ORIENTED_EDGE ( 'NONE', *, *, #546, .T. ) ;
#216 = CARTESIAN_POINT ( 'NONE',  ( 282.7386400257810200, 138.5663793103450100, -437.6632313287340100 ) ) ;
#217 = EDGE_CURVE ( 'NONE', #1938, #787, #2346, .T. ) ;
#218 = VECTOR ( 'NONE', #1614, 1000.000000000000000 ) ;
#219 = DIRECTION ( 'NONE',  ( 0.0000000000000000000, 0.0000000000000000000, 1.000000000000000000 ) ) ;
#220 = DIRECTION ( 'NONE',  ( 0.0000000000000000000, 1.000000000000000000, 0.0000000000000000000 ) ) ;
#221 = VERTEX_POINT ( 'NONE', #1108 ) ;
#222 = COLOUR_RGB ( '',0.7921568627450980000, 0.8196078431372548800, 0.9333333333333333500 ) ;
#223 = CARTESIAN_POINT ( 'NONE',  ( 282.7386400257810200, 138.9413793103450100, -437.6632313287340100 ) ) ;
#224 = EDGE_CURVE ( 'NONE', #414, #2651, #500, .T. ) ;
#225 = VECTOR ( 'NONE', #328, 1000.000000000000000 ) ;
#226 = ADVANCED_FACE ( 'NONE', ( #1932 ), #64, .T. ) ;
#227 = DIRECTION ( 'NONE',  ( -0.0000000000000000000, -0.0000000000000000000, -1.000000000000000000 ) ) ;
#228 = VECTOR ( 'NONE', #1711, 1000.000000000000000 ) ;
#229 = CARTESIAN_POINT ( 'NONE',  ( 282.9886400257810200, 138.6913793103450100, -437.6632313287340100 ) ) ;
#230 = VECTOR ( 'NONE', #2455, 1000.000000000000000 ) ;
#231 = ORIENTED_EDGE ( 'NONE', *, *, #756, .T. ) ;
#232 = CARTESIAN_POINT ( 'NONE',  ( 282.9873900257810000, 138.6938793103450100, -437.5832313287339700 ) ) ;
#233 = EDGE_LOOP ( 'NONE', ( #35, #2171, #125, #796 ) ) ;
#234 = CARTESIAN_POINT ( 'NONE',  ( 282.7886400257809800, 138.5413793103450100, -437.6332313287339800 ) ) ;
#235 = EDGE_LOOP ( 'NONE', ( #1231, #877, #1305, #1709 ) ) ;
#236 = CARTESIAN_POINT ( 'NONE',  ( 282.7386400257810200, 138.9413793103450100, -437.4132313287340100 ) ) ;
#237 = DIRECTION ( 'NONE',  ( 1.000000000000000000, -0.0000000000000000000, 0.0000000000000000000 ) ) ;
#238 =( NAMED_UNIT ( * ) PLANE_ANGLE_UNIT ( ) SI_UNIT ( $, .RADIAN. ) );
#239 = EDGE_CURVE ( 'NONE', #2145, #987, #1464, .T. ) ;
#240 = CARTESIAN_POINT ( 'NONE',  ( 282.7886400257809800, 138.3413793103449900, -437.6632313287340100 ) ) ;
#241 = LINE ( 'NONE', #475, #1717 ) ;
#242 = COLOUR_RGB ( '',0.7921568627450980000, 0.8196078431372548800, 0.9333333333333333500 ) ;
#243 = DIRECTION ( 'NONE',  ( 1.000000000000000000, 0.0000000000000000000, -0.0000000000000000000 ) ) ;
#244 = VERTEX_POINT ( 'NONE', #498 ) ;
#245 = DIRECTION ( 'NONE',  ( -1.000000000000000000, -0.0000000000000000000, -0.0000000000000000000 ) ) ;
#246 = LINE ( 'NONE', #940, #2598 ) ;
#247 = DIRECTION ( 'NONE',  ( 1.000000000000000000, 0.0000000000000000000, -0.0000000000000000000 ) ) ;
#248 = MECHANICAL_DESIGN_GEOMETRIC_PRESENTATION_REPRESENTATION (  '', ( #195 ), #750 ) ;
#249 = ORIENTED_EDGE ( 'NONE', *, *, #1898, .T. ) ;
#250 = CARTESIAN_POINT ( 'NONE',  ( 282.7886400257809800, 138.5413793103450100, -437.6632313287340100 ) ) ;
#251 = LINE ( 'NONE', #146, #1472 ) ;
#252 = ORIENTED_EDGE ( 'NONE', *, *, #1701, .F. ) ;
#253 = EDGE_CURVE ( 'NONE', #2614, #1560, #241, .T. ) ;
#254 = VECTOR ( 'NONE', #627, 1000.000000000000000 ) ;
#255 = CARTESIAN_POINT ( 'NONE',  ( 283.1529255457809900, 138.5403793103450300, -437.5832313287339700 ) ) ;
#256 = EDGE_LOOP ( 'NONE', ( #916, #2140, #1736, #327 ) ) ;
#257 = EDGE_CURVE ( 'NONE', #977, #2157, #1802, .T. ) ;
#258 = CARTESIAN_POINT ( 'NONE',  ( 282.7886400257809800, 138.8913793103450000, -437.6632313287340100 ) ) ;
#259 = CARTESIAN_POINT ( 'NONE',  ( 282.9136400257810400, 138.5388793103450100, -437.5832313287339700 ) ) ;
#260 = VECTOR ( 'NONE', #1161, 1000.000000000000000 ) ;
#261 = EDGE_LOOP ( 'NONE', ( #1118, #2599, #564, #325 ) ) ;
#262 = DIRECTION ( 'NONE',  ( -0.0000000000000000000, -0.0000000000000000000, 1.000000000000000000 ) ) ;
#263 = UNCERTAINTY_MEASURE_WITH_UNIT (LENGTH_MEASURE( 1.000000000000000100E-005 ), #477, 'distance_accuracy_value', 'NONE');
#264 = AXIS2_PLACEMENT_3D ( 'NONE', #827, #2433, #589 ) ;
#265 = VECTOR ( 'NONE', #1998, 1000.000000000000000 ) ;
#266 = VECTOR ( 'NONE', #121, 1000.000000000000000 ) ;
#267 = ORIENTED_EDGE ( 'NONE', *, *, #1772, .T. ) ;
#268 = CARTESIAN_POINT ( 'NONE',  ( 282.7386400257810200, 138.6663793103450100, -437.6332313287339800 ) ) ;
#269 = DIRECTION ( 'NONE',  ( 0.0000000000000000000, 0.0000000000000000000, 1.000000000000000000 ) ) ;
#270 = PLANE ( 'NONE',  #68 ) ;
#271 = ORIENTED_EDGE ( 'NONE', *, *, #2009, .F. ) ;
#272 = ORIENTED_EDGE ( 'NONE', *, *, #86, .T. ) ;
#273 = EDGE_LOOP ( 'NONE', ( #1835, #1999, #2309, #1293 ) ) ;
#274 = EDGE_CURVE ( 'NONE', #991, #858, #304, .T. ) ;
#275 = SURFACE_STYLE_FILL_AREA ( #2443 ) ;
#276 = DIRECTION ( 'NONE',  ( -0.0000000000000000000, -1.000000000000000000, 0.0000000000000000000 ) ) ;
#277 = EDGE_CURVE ( 'NONE', #1648, #1938, #1774, .T. ) ;
#278 = VECTOR ( 'NONE', #669, 1000.000000000000000 ) ;
#279 = ORIENTED_EDGE ( 'NONE', *, *, #2374, .T. ) ;
#280 = ORIENTED_EDGE ( 'NONE', *, *, #688, .T. ) ;
#281 = ORIENTED_EDGE ( 'NONE', *, *, #2312, .F. ) ;
#282 = DIRECTION ( 'NONE',  ( 1.000000000000000000, -0.0000000000000000000, 0.0000000000000000000 ) ) ;
#283 = ORIENTED_EDGE ( 'NONE', *, *, #722, .F. ) ;
#284 = ORIENTED_EDGE ( 'NONE', *, *, #2647, .T. ) ;
#285 = VECTOR ( 'NONE', #1282, 1000.000000000000000 ) ;
#286 = DIRECTION ( 'NONE',  ( -0.0000000000000000000, 1.000000000000000000, 0.0000000000000000000 ) ) ;
#287 = VECTOR ( 'NONE', #2544, 1000.000000000000000 ) ;
#288 = ORIENTED_EDGE ( 'NONE', *, *, #20, .F. ) ;
#289 = LINE ( 'NONE', #1451, #1853 ) ;
#290 = LINE ( 'NONE', #782, #1638 ) ;
#291 = EDGE_CURVE ( 'NONE', #991, #2531, #2451, .T. ) ;
#292 = SURFACE_STYLE_USAGE ( .BOTH. , #1091 ) ;
#293 = LINE ( 'NONE', #1129, #1789 ) ;
#294 = DIRECTION ( 'NONE',  ( -0.0000000000000000000, -0.0000000000000000000, -1.000000000000000000 ) ) ;
#295 = EDGE_LOOP ( 'NONE', ( #1249, #1780, #1225, #375 ) ) ;
#296 = VERTEX_POINT ( 'NONE', #2323 ) ;
#297 = PLANE ( 'NONE',  #2181 ) ;
#298 = PRESENTATION_LAYER_ASSIGNMENT (  '', '', ( #449 ) ) ;
#299 = VERTEX_POINT ( 'NONE', #77 ) ;
#300 = EDGE_LOOP ( 'NONE', ( #2427, #679, #1326, #2375 ) ) ;
#301 = CARTESIAN_POINT ( 'NONE',  ( 283.1136400257810200, 138.6663793103450100, -437.6332313287339800 ) ) ;
#302 = FACE_OUTER_BOUND ( 'NONE', #960, .T. ) ;
#303 = EDGE_CURVE ( 'NONE', #1010, #624, #793, .T. ) ;
#304 = LINE ( 'NONE', #1917, #334 ) ;
#305 = ADVANCED_FACE ( 'NONE', ( #1431, #1905, #1270 ), #1289, .T. ) ;
#306 = DIRECTION ( 'NONE',  ( -1.000000000000000000, 0.0000000000000000000, -0.0000000000000000000 ) ) ;
#307 = VERTEX_POINT ( 'NONE', #2306 ) ;
#308 = ORIENTED_EDGE ( 'NONE', *, *, #945, .F. ) ;
#309 = CARTESIAN_POINT ( 'NONE',  ( 282.7886400257809800, 138.3413793103449900, -437.6332313287339800 ) ) ;
#310 = ORIENTED_EDGE ( 'NONE', *, *, #2647, .F. ) ;
#311 = VECTOR ( 'NONE', #323, 1000.000000000000000 ) ;
#312 = VECTOR ( 'NONE', #58, 1000.000000000000000 ) ;
#313 = VERTEX_POINT ( 'NONE', #1296 ) ;
#314 = LINE ( 'NONE', #1416, #1214 ) ;
#315 = CARTESIAN_POINT ( 'NONE',  ( 282.9873900257810000, 138.6938793103450100, -437.5832313287339700 ) ) ;
#316 = CARTESIAN_POINT ( 'NONE',  ( 283.1386400257810000, 138.5413793103450100, -437.6632313287340100 ) ) ;
#317 = ADVANCED_FACE ( 'NONE', ( #866 ), #2132, .T. ) ;
#318 = LINE ( 'NONE', #268, #1889 ) ;
#319 = EDGE_CURVE ( 'NONE', #602, #1006, #1364, .T. ) ;
#320 = PRESENTATION_STYLE_ASSIGNMENT (( #853 ) ) ;
#321 = DIRECTION ( 'NONE',  ( 0.0000000000000000000, -0.0000000000000000000, 1.000000000000000000 ) ) ;
#322 = EDGE_LOOP ( 'NONE', ( #2115, #888, #284, #1139 ) ) ;
#323 = DIRECTION ( 'NONE',  ( -1.000000000000000000, -0.0000000000000000000, 0.0000000000000000000 ) ) ;
#324 = DIRECTION ( 'NONE',  ( -1.000000000000000000, 0.0000000000000000000, 0.0000000000000000000 ) ) ;
#325 = ORIENTED_EDGE ( 'NONE', *, *, #548, .T. ) ;
#326 = DIRECTION ( 'NONE',  ( -1.000000000000000000, -0.0000000000000000000, 0.0000000000000000000 ) ) ;
#327 = ORIENTED_EDGE ( 'NONE', *, *, #2488, .T. ) ;
#328 = DIRECTION ( 'NONE',  ( 1.000000000000000000, 0.0000000000000000000, 0.0000000000000000000 ) ) ;
#329 = AXIS2_PLACEMENT_3D ( 'NONE', #2359, #1884, #2106 ) ;
#330 = COLOUR_RGB ( '',0.7921568627450980000, 0.8196078431372548800, 0.9333333333333333500 ) ;
#331 = CARTESIAN_POINT ( 'NONE',  ( 283.1136400257810200, 138.8913793207879900, -437.6632313287340100 ) ) ;
#332 = CARTESIAN_POINT ( 'NONE',  ( 283.3386400257810500, 138.5413793103450100, -437.6332313287339800 ) ) ;
#333 = EDGE_CURVE ( 'NONE', #2387, #1497, #1494, .T. ) ;
#334 = VECTOR ( 'NONE', #55, 1000.000000000000000 ) ;
#335 = UNCERTAINTY_MEASURE_WITH_UNIT (LENGTH_MEASURE( 1.000000000000000100E-005 ), #1460, 'distance_accuracy_value', 'NONE');
#336 = EDGE_CURVE ( 'NONE', #2133, #1216, #1116, .T. ) ;
#337 = ORIENTED_EDGE ( 'NONE', *, *, #1259, .T. ) ;
#338 = DIRECTION ( 'NONE',  ( 0.0000000000000000000, 0.0000000000000000000, 1.000000000000000000 ) ) ;
#339 = ORIENTED_EDGE ( 'NONE', *, *, #2536, .F. ) ;
#340 = CARTESIAN_POINT ( 'NONE',  ( 283.1386400257810000, 138.5413793103450100, -437.6632313287340100 ) ) ;
#341 = CARTESIAN_POINT ( 'NONE',  ( 282.9886400257810200, 138.5413793103450100, -437.6632313287340100 ) ) ;
#342 = ORIENTED_EDGE ( 'NONE', *, *, #1106, .F. ) ;
#343 = VERTEX_POINT ( 'NONE', #1120 ) ;
#344 = CARTESIAN_POINT ( 'NONE',  ( 283.3049255457809700, 138.5403793103450300, -437.5132313287339800 ) ) ;
#345 = VECTOR ( 'NONE', #1561, 1000.000000000000000 ) ;
#346 = ORIENTED_EDGE ( 'NONE', *, *, #2434, .T. ) ;
#347 = AXIS2_PLACEMENT_3D ( 'NONE', #672, #2289, #1661 ) ;
#348 = LINE ( 'NONE', #2607, #1567 ) ;
#349 = CARTESIAN_POINT ( 'NONE',  ( 282.7386400257810200, 138.8913793103450000, -437.6632313287340100 ) ) ;
#350 = ORIENTED_EDGE ( 'NONE', *, *, #356, .T. ) ;
#351 = DIRECTION ( 'NONE',  ( -0.0000000000000000000, 1.000000000000000000, 0.0000000000000000000 ) ) ;
#352 = PRESENTATION_LAYER_ASSIGNMENT (  '', '', ( #790 ) ) ;
#353 = DIRECTION ( 'NONE',  ( 0.0000000000000000000, -0.0000000000000000000, -1.000000000000000000 ) ) ;
#354 = CARTESIAN_POINT ( 'NONE',  ( 282.9886400257810200, 138.2913793103450100, -437.6632313287340100 ) ) ;
#355 = LINE ( 'NONE', #1982, #2617 ) ;
#356 = EDGE_CURVE ( 'NONE', #244, #1203, #727, .T. ) ;
#357 = EDGE_CURVE ( 'NONE', #1207, #701, #367, .T. ) ;
#358 = ADVANCED_FACE ( 'NONE', ( #951 ), #424, .T. ) ;
#359 = ORIENTED_EDGE ( 'NONE', *, *, #419, .T. ) ;
#360 = DIRECTION ( 'NONE',  ( 0.0000000000000000000, 0.0000000000000000000, 1.000000000000000000 ) ) ;
#361 = CARTESIAN_POINT ( 'NONE',  ( 283.3886400257810000, 138.6663793103450100, -437.6632313287340100 ) ) ;
#362 = VERTEX_POINT ( 'NONE', #380 ) ;
#363 = EDGE_LOOP ( 'NONE', ( #2363, #252, #141, #936 ) ) ;
#364 = FACE_OUTER_BOUND ( 'NONE', #926, .T. ) ;
#365 = CARTESIAN_POINT ( 'NONE',  ( 283.3886400257810000, 138.5663793103450100, -437.6332313287339800 ) ) ;
#366 = AXIS2_PLACEMENT_3D ( 'NONE', #1656, #438, #247 ) ;
#367 = LINE ( 'NONE', #992, #2293 ) ;
#368 = PLANE ( 'NONE',  #2587 ) ;
#369 = VECTOR ( 'NONE', #1493, 1000.000000000000000 ) ;
#370 = DIRECTION ( 'NONE',  ( -1.000000000000000000, -0.0000000000000000000, 0.0000000000000000000 ) ) ;
#371 = DIRECTION ( 'NONE',  ( -0.0000000000000000000, -0.0000000000000000000, -1.000000000000000000 ) ) ;
#372 = ADVANCED_FACE ( 'NONE', ( #983 ), #811, .T. ) ;
#373 = ORIENTED_EDGE ( 'NONE', *, *, #778, .F. ) ;
#374 = EDGE_CURVE ( 'NONE', #1109, #2036, #2516, .T. ) ;
#375 = ORIENTED_EDGE ( 'NONE', *, *, #830, .F. ) ;
#376 = PLANE ( 'NONE',  #1362 ) ;
#377 = LINE ( 'NONE', #993, #1501 ) ;
#378 = VECTOR ( 'NONE', #524, 1000.000000000000000 ) ;
#379 = ORIENTED_EDGE ( 'NONE', *, *, #579, .T. ) ;
#380 = CARTESIAN_POINT ( 'NONE',  ( 283.1529255457809900, 138.6923793103450200, -437.5832313287339700 ) ) ;
#381 = CARTESIAN_POINT ( 'NONE',  ( 282.7886400257809800, 138.8913793103450000, -437.6332313287339800 ) ) ;
#382 = DIRECTION ( 'NONE',  ( -0.0000000000000000000, 1.000000000000000000, 0.0000000000000000000 ) ) ;
#383 = PLANE ( 'NONE',  #1199 ) ;
#384 = DIRECTION ( 'NONE',  ( -0.0000000000000000000, 1.000000000000000000, 0.0000000000000000000 ) ) ;
#385 = LINE ( 'NONE', #2373, #488 ) ;
#386 = VERTEX_POINT ( 'NONE', #6 ) ;
#387 = LINE ( 'NONE', #1500, #2014 ) ;
#388 = ADVANCED_FACE ( 'NONE', ( #1239 ), #1003, .T. ) ;
#389 = PLANE ( 'NONE',  #609 ) ;
#390 =( NAMED_UNIT ( * ) PLANE_ANGLE_UNIT ( ) SI_UNIT ( $, .RADIAN. ) );
#391 = EDGE_CURVE ( 'NONE', #2185, #2318, #1995, .T. ) ;
#392 = DIRECTION ( 'NONE',  ( 0.0000000000000000000, -0.0000000000000000000, 1.000000000000000000 ) ) ;
#393 = EDGE_CURVE ( 'NONE', #1630, #493, #446, .T. ) ;
#394 = EDGE_CURVE ( 'NONE', #386, #723, #831, .T. ) ;
#395 = ORIENTED_EDGE ( 'NONE', *, *, #102, .F. ) ;
#396 = CARTESIAN_POINT ( 'NONE',  ( 282.9873900257810000, 138.6938793103450100, -437.4932313287340000 ) ) ;
#397 = AXIS2_PLACEMENT_3D ( 'NONE', #1823, #2235, #2026 ) ;
#398 = VERTEX_POINT ( 'NONE', #1212 ) ;
#399 = DIRECTION ( 'NONE',  ( -0.0000000000000000000, 1.000000000000000000, 0.0000000000000000000 ) ) ;
#400 = DIRECTION ( 'NONE',  ( -1.000000000000000000, 0.0000000000000000000, -0.0000000000000000000 ) ) ;
#401 = CARTESIAN_POINT ( 'NONE',  ( 283.1136400257810200, 138.6663793103450100, -437.6632313287340100 ) ) ;
#402 = CARTESIAN_POINT ( 'NONE',  ( 283.0136400257810000, 138.8913793207879900, -437.6632313287340100 ) ) ;
#403 = ADVANCED_FACE ( 'NONE', ( #2543 ), #2042, .T. ) ;
#404 = VECTOR ( 'NONE', #2066, 1000.000000000000000 ) ;
#405 = EDGE_CURVE ( 'NONE', #2422, #1304, #2485, .T. ) ;
#406 = AXIS2_PLACEMENT_3D ( 'NONE', #1363, #128, #749 ) ;
#407 = CARTESIAN_POINT ( 'NONE',  ( 282.9886400257810200, 138.3413793103449900, -437.6632313287340100 ) ) ;
#408 = FACE_OUTER_BOUND ( 'NONE', #923, .T. ) ;
#409 = DIRECTION ( 'NONE',  ( -1.000000000000000000, 0.0000000000000000000, 0.0000000000000000000 ) ) ;
#410 = AXIS2_PLACEMENT_3D ( 'NONE', #531, #968, #1165 ) ;
#411 = CLOSED_SHELL ( 'NONE', ( #388, #2252, #2578, #2341, #550, #755 ) ) ;
#412 = DIRECTION ( 'NONE',  ( 0.0000000000000000000, 0.0000000000000000000, 1.000000000000000000 ) ) ;
#413 = EDGE_CURVE ( 'NONE', #907, #660, #2415, .T. ) ;
#414 = VERTEX_POINT ( 'NONE', #216 ) ;
#415 =( NAMED_UNIT ( * ) PLANE_ANGLE_UNIT ( ) SI_UNIT ( $, .RADIAN. ) );
#416 = COLOUR_RGB ( '',0.7921568627450980000, 0.8196078431372548800, 0.9333333333333333500 ) ;
#417 = ORIENTED_EDGE ( 'NONE', *, *, #442, .F. ) ;
#418 = VERTEX_POINT ( 'NONE', #1255 ) ;
#419 = EDGE_CURVE ( 'NONE', #1783, #1938, #2255, .T. ) ;
#420 = LINE ( 'NONE', #1778, #218 ) ;
#421 = PLANE ( 'NONE',  #558 ) ;
#422 = ORIENTED_EDGE ( 'NONE', *, *, #815, .F. ) ;
#423 = FACE_OUTER_BOUND ( 'NONE', #2606, .T. ) ;
#424 = PLANE ( 'NONE',  #1945 ) ;
#425 = DIRECTION ( 'NONE',  ( 0.0000000000000000000, -0.0000000000000000000, 1.000000000000000000 ) ) ;
#426 = EDGE_LOOP ( 'NONE', ( #202, #1360, #2480, #1765 ) ) ;
#427 = DIRECTION ( 'NONE',  ( -0.0000000000000000000, 1.000000000000000000, 0.0000000000000000000 ) ) ;
#428 = FILL_AREA_STYLE_COLOUR ( '', #2580 ) ;
#429 = LINE ( 'NONE', #574, #1601 ) ;
#430 = VERTEX_POINT ( 'NONE', #2476 ) ;
#431 = DIRECTION ( 'NONE',  ( 0.0000000000000000000, -1.000000000000000000, -0.0000000000000000000 ) ) ;
#432 = VECTOR ( 'NONE', #724, 1000.000000000000000 ) ;
#433 = AXIS2_PLACEMENT_3D ( 'NONE', #1197, #586, #1617 ) ;
#434 = CARTESIAN_POINT ( 'NONE',  ( 283.0136400257810000, 138.6663793103450100, -437.6632313287340100 ) ) ;
#435 = CARTESIAN_POINT ( 'NONE',  ( 282.7886400257809800, 138.5388793103450100, -437.5832313287339700 ) ) ;
#436 = PLANE ( 'NONE',  #1986 ) ;
#437 = CARTESIAN_POINT ( 'NONE',  ( 282.7386400257810200, 138.6913793103450100, -437.6632313287340100 ) ) ;
#438 = DIRECTION ( 'NONE',  ( 0.0000000000000000000, 0.0000000000000000000, 1.000000000000000000 ) ) ;
#439 = ORIENTED_EDGE ( 'NONE', *, *, #1122, .F. ) ;
#440 = ADVANCED_FACE ( 'NONE', ( #408 ), #1075, .T. ) ;
#441 = EDGE_CURVE ( 'NONE', #2370, #1723, #893, .T. ) ;
#442 = EDGE_CURVE ( 'NONE', #165, #1533, #1302, .T. ) ;
#443 = FILL_AREA_STYLE_COLOUR ( '', #1596 ) ;
#444 = ORIENTED_EDGE ( 'NONE', *, *, #830, .T. ) ;
#445 = CARTESIAN_POINT ( 'NONE',  ( 282.7386400257810200, 138.9413793103450100, -437.6632313287340100 ) ) ;
#446 = LINE ( 'NONE', #2030, #1398 ) ;
#447 = DIRECTION ( 'NONE',  ( 1.000000000000000000, 0.0000000000000000000, 0.0000000000000000000 ) ) ;
#448 = DIRECTION ( 'NONE',  ( -1.000000000000000000, 0.0000000000000000000, -0.0000000000000000000 ) ) ;
#449 = STYLED_ITEM ( 'NONE', ( #320 ), #1208 ) ;
#450 =( NAMED_UNIT ( * ) PLANE_ANGLE_UNIT ( ) SI_UNIT ( $, .RADIAN. ) );
#451 = ORIENTED_EDGE ( 'NONE', *, *, #1150, .F. ) ;
#452 = FACE_OUTER_BOUND ( 'NONE', #1487, .T. ) ;
#453 = ORIENTED_EDGE ( 'NONE', *, *, #1708, .F. ) ;
#454 = EDGE_CURVE ( 'NONE', #2099, #602, #762, .T. ) ;
#455 = FACE_OUTER_BOUND ( 'NONE', #733, .T. ) ;
#456 = DIRECTION ( 'NONE',  ( 0.0000000000000000000, -0.0000000000000000000, -1.000000000000000000 ) ) ;
#457 = VECTOR ( 'NONE', #479, 1000.000000000000000 ) ;
#458 = EDGE_LOOP ( 'NONE', ( #736, #2640, #17, #901 ) ) ;
#459 = LINE ( 'NONE', #803, #510 ) ;
#460 = DIRECTION ( 'NONE',  ( 0.0000000000000000000, 0.0000000000000000000, -1.000000000000000000 ) ) ;
#461 = ORIENTED_EDGE ( 'NONE', *, *, #336, .F. ) ;
#462 = DIRECTION ( 'NONE',  ( 0.0000000000000000000, -0.0000000000000000000, -1.000000000000000000 ) ) ;
#463 = VECTOR ( 'NONE', #2313, 1000.000000000000000 ) ;
#464 = DIRECTION ( 'NONE',  ( 0.0000000000000000000, -0.0000000000000000000, 1.000000000000000000 ) ) ;
#465 = VECTOR ( 'NONE', #1645, 1000.000000000000000 ) ;
#466 = DIRECTION ( 'NONE',  ( 1.000000000000000000, 0.0000000000000000000, 0.0000000000000000000 ) ) ;
#467 = VERTEX_POINT ( 'NONE', #468 ) ;
#468 = CARTESIAN_POINT ( 'NONE',  ( 283.1529255457809900, 138.6923793103450200, -437.5132313287339800 ) ) ;
#469 = ORIENTED_EDGE ( 'NONE', *, *, #1037, .F. ) ;
#470 = DIRECTION ( 'NONE',  ( -1.000000000000000000, -0.0000000000000000000, -0.0000000000000000000 ) ) ;
#471 = EDGE_CURVE ( 'NONE', #467, #362, #696, .T. ) ;
#472 = DIRECTION ( 'NONE',  ( 1.000000000000000000, 0.0000000000000000000, 0.0000000000000000000 ) ) ;
#473 = VECTOR ( 'NONE', #2, 1000.000000000000000 ) ;
#474 =( NAMED_UNIT ( * ) PLANE_ANGLE_UNIT ( ) SI_UNIT ( $, .RADIAN. ) );
#475 = CARTESIAN_POINT ( 'NONE',  ( 282.7886400257809800, 138.8913793103450000, -437.6632313287340100 ) ) ;
#476 = ORIENTED_EDGE ( 'NONE', *, *, #3, .T. ) ;
#477 =( LENGTH_UNIT ( ) NAMED_UNIT ( * ) SI_UNIT ( .MILLI., .METRE. ) );
#478 = ORIENTED_EDGE ( 'NONE', *, *, #1930, .T. ) ;
#479 = DIRECTION ( 'NONE',  ( -0.0000000000000000000, 1.000000000000000000, 0.0000000000000000000 ) ) ;
#480 = VERTEX_POINT ( 'NONE', #1679 ) ;
#481 = ORIENTED_EDGE ( 'NONE', *, *, #1459, .T. ) ;
#482 = EDGE_CURVE ( 'NONE', #1530, #1636, #2597, .T. ) ;
#483 = VECTOR ( 'NONE', #1857, 1000.000000000000000 ) ;
#484 = CLOSED_SHELL ( 'NONE', ( #2148, #2650, #1397, #169, #1343, #588 ) ) ;
#485 = EDGE_CURVE ( 'NONE', #386, #2189, #562, .T. ) ;
#486 = PLANE ( 'NONE',  #2233 ) ;
#487 = FILL_AREA_STYLE ('',( #2124 ) ) ;
#488 = VECTOR ( 'NONE', #2179, 1000.000000000000000 ) ;
#489 = VECTOR ( 'NONE', #2184, 1000.000000000000000 ) ;
#490 = CARTESIAN_POINT ( 'NONE',  ( 283.0136400257810000, 138.8913793207879900, -437.6332313287339800 ) ) ;
#491 = VERTEX_POINT ( 'NONE', #1671 ) ;
#492 = CARTESIAN_POINT ( 'NONE',  ( 283.3886400257810000, 138.2913793103450100, -437.6632313287340100 ) ) ;
#493 = VERTEX_POINT ( 'NONE', #52 ) ;
#494 = ORIENTED_EDGE ( 'NONE', *, *, #2395, .T. ) ;
#495 = EDGE_CURVE ( 'NONE', #1712, #1240, #2194, .T. ) ;
#496 = LINE ( 'NONE', #1602, #980 ) ;
#497 = DIRECTION ( 'NONE',  ( -0.0000000000000000000, 1.000000000000000000, 0.0000000000000000000 ) ) ;
#498 = CARTESIAN_POINT ( 'NONE',  ( 283.1386400257810000, 138.8913793103450000, -437.6632313287340100 ) ) ;
#499 = EDGE_CURVE ( 'NONE', #1439, #81, #1960, .T. ) ;
#500 = LINE ( 'NONE', #1514, #2343 ) ;
#501 = FACE_OUTER_BOUND ( 'NONE', #2581, .T. ) ;
#502 = ORIENTED_EDGE ( 'NONE', *, *, #979, .T. ) ;
#503 = EDGE_LOOP ( 'NONE', ( #1043, #373, #1119, #1488 ) ) ;
#504 = DIRECTION ( 'NONE',  ( -1.000000000000000000, 0.0000000000000000000, -0.0000000000000000000 ) ) ;
#505 = VERTEX_POINT ( 'NONE', #25 ) ;
#506 = STYLED_ITEM ( 'NONE', ( #1537 ), #2275 ) ;
#507 = VECTOR ( 'NONE', #2114, 1000.000000000000000 ) ;
#508 = VECTOR ( 'NONE', #1316, 1000.000000000000000 ) ;
#509 = ORIENTED_EDGE ( 'NONE', *, *, #836, .F. ) ;
#510 = VECTOR ( 'NONE', #2448, 1000.000000000000000 ) ;
#511 = LINE ( 'NONE', #2622, #1785 ) ;
#512 = CARTESIAN_POINT ( 'NONE',  ( 282.9886400257810200, 138.6913793103450100, -437.6332313287339800 ) ) ;
#513 = ORIENTED_EDGE ( 'NONE', *, *, #2536, .T. ) ;
#514 = LINE ( 'NONE', #698, #913 ) ;
#515 = DIRECTION ( 'NONE',  ( 0.0000000000000000000, 1.000000000000000000, 0.0000000000000000000 ) ) ;
#516 = CARTESIAN_POINT ( 'NONE',  ( 282.7886400257809800, 138.8913793103450000, -437.6632313287340100 ) ) ;
#517 = VECTOR ( 'NONE', #1787, 1000.000000000000000 ) ;
#518 = ORIENTED_EDGE ( 'NONE', *, *, #1757, .T. ) ;
#519 = ADVANCED_FACE ( 'NONE', ( #948 ), #1483, .T. ) ;
#520 = DIRECTION ( 'NONE',  ( -0.0000000000000000000, 0.0000000000000000000, 1.000000000000000000 ) ) ;
#521 = AXIS2_PLACEMENT_3D ( 'NONE', #10, #1257, #2091 ) ;
#522 = EDGE_LOOP ( 'NONE', ( #2301, #2442, #1047, #137 ) ) ;
#523 = DIRECTION ( 'NONE',  ( 0.0000000000000000000, 0.0000000000000000000, -1.000000000000000000 ) ) ;
#524 = DIRECTION ( 'NONE',  ( -0.0000000000000000000, -1.000000000000000000, -0.0000000000000000000 ) ) ;
#525 = EDGE_CURVE ( 'NONE', #2523, #491, #2224, .T. ) ;
#526 = EDGE_CURVE ( 'NONE', #1841, #1575, #2596, .T. ) ;
#527 = LINE ( 'NONE', #1832, #2567 ) ;
#528 = CARTESIAN_POINT ( 'NONE',  ( 282.9886400257810200, 138.5413793103450100, -437.6332313287339800 ) ) ;
#529 = VECTOR ( 'NONE', #427, 1000.000000000000000 ) ;
#530 = AXIS2_PLACEMENT_3D ( 'NONE', #1803, #2248, #400 ) ;
#531 = CARTESIAN_POINT ( 'NONE',  ( 283.1386400257810000, 138.5413793103450100, -437.6632313287340100 ) ) ;
#532 = ORIENTED_EDGE ( 'NONE', *, *, #1668, .F. ) ;
#533 = DIRECTION ( 'NONE',  ( -1.000000000000000000, 0.0000000000000000000, -0.0000000000000000000 ) ) ;
#534 = ORIENTED_EDGE ( 'NONE', *, *, #2274, .T. ) ;
#535 = DIRECTION ( 'NONE',  ( -0.0000000000000000000, -1.000000000000000000, 0.0000000000000000000 ) ) ;
#536 = ADVANCED_FACE ( 'NONE', ( #591 ), #1864, .T. ) ;
#537 = EDGE_LOOP ( 'NONE', ( #2110, #1820, #444, #1391 ) ) ;
#538 = UNCERTAINTY_MEASURE_WITH_UNIT (LENGTH_MEASURE( 1.000000000000000100E-005 ), #2037, 'distance_accuracy_value', 'NONE');
#539 = ORIENTED_EDGE ( 'NONE', *, *, #199, .T. ) ;
#540 = ORIENTED_EDGE ( 'NONE', *, *, #2174, .F. ) ;
#541 = ORIENTED_EDGE ( 'NONE', *, *, #836, .T. ) ;
#542 = DIRECTION ( 'NONE',  ( 1.000000000000000000, 0.0000000000000000000, -0.0000000000000000000 ) ) ;
#543 = CARTESIAN_POINT ( 'NONE',  ( 282.7886400257809800, 138.6663793103450100, -437.6632313287340100 ) ) ;
#544 = VECTOR ( 'NONE', #737, 1000.000000000000000 ) ;
#545 = PLANE ( 'NONE',  #1751 ) ;
#546 = EDGE_CURVE ( 'NONE', #1824, #858, #2380, .T. ) ;
#547 = LINE ( 'NONE', #2167, #2053 ) ;
#548 = EDGE_CURVE ( 'NONE', #2370, #307, #1201, .T. ) ;
#549 = FACE_OUTER_BOUND ( 'NONE', #4, .T. ) ;
#550 = ADVANCED_FACE ( 'NONE', ( #109 ), #1094, .T. ) ;
#551 = DIRECTION ( 'NONE',  ( -1.000000000000000000, 0.0000000000000000000, -0.0000000000000000000 ) ) ;
#552 = CARTESIAN_POINT ( 'NONE',  ( 283.1386400257810000, 138.5413793103450100, -437.6632313287340100 ) ) ;
#553 = DIRECTION ( 'NONE',  ( 0.0000000000000000000, -0.0000000000000000000, -1.000000000000000000 ) ) ;
#554 = ORIENTED_EDGE ( 'NONE', *, *, #393, .F. ) ;
#555 = ORIENTED_EDGE ( 'NONE', *, *, #113, .T. ) ;
#556 = ORIENTED_EDGE ( 'NONE', *, *, #1154, .F. ) ;
#557 = CARTESIAN_POINT ( 'NONE',  ( 283.1386400257810000, 138.8913793103450000, -437.6632313287340100 ) ) ;
#558 = AXIS2_PLACEMENT_3D ( 'NONE', #1779, #966, #338 ) ;
#559 = CARTESIAN_POINT ( 'NONE',  ( 282.9136400257810400, 138.6938793103450100, -437.4932313287340000 ) ) ;
#560 = LINE ( 'NONE', #2421, #2071 ) ;
#561 = ADVANCED_FACE ( 'NONE', ( #889 ), #2450, .T. ) ;
#562 = LINE ( 'NONE', #1044, #1526 ) ;
#563 = EDGE_CURVE ( 'NONE', #1813, #414, #496, .T. ) ;
#564 = ORIENTED_EDGE ( 'NONE', *, *, #1760, .T. ) ;
#565 = CARTESIAN_POINT ( 'NONE',  ( 282.7886400257809800, 138.6913793103450100, -437.6332313287339800 ) ) ;
#566 = ORIENTED_EDGE ( 'NONE', *, *, #257, .T. ) ;
#567 = CARTESIAN_POINT ( 'NONE',  ( 282.9886400257810200, 138.5413793103450100, -437.6332313287339800 ) ) ;
#568 = ORIENTED_EDGE ( 'NONE', *, *, #1121, .F. ) ;
#569 = DIRECTION ( 'NONE',  ( 0.0000000000000000000, -0.0000000000000000000, -1.000000000000000000 ) ) ;
#570 = LINE ( 'NONE', #1189, #33 ) ;
#571 = ORIENTED_EDGE ( 'NONE', *, *, #413, .F. ) ;
#572 = PRESENTATION_STYLE_ASSIGNMENT (( #1140 ) ) ;
#573 = ADVANCED_FACE ( 'NONE', ( #53 ), #807, .T. ) ;
#574 = CARTESIAN_POINT ( 'NONE',  ( 283.3886400257810000, 138.5663793103450100, -437.6632313287340100 ) ) ;
#575 = VECTOR ( 'NONE', #1346, 1000.000000000000000 ) ;
#576 = CARTESIAN_POINT ( 'NONE',  ( 283.3886400257810000, 138.2913793103450100, -437.6332313287339800 ) ) ;
#577 = CARTESIAN_POINT ( 'NONE',  ( 282.7386400257810200, 138.2913793103450100, -437.6632313287340100 ) ) ;
#578 = LINE ( 'NONE', #2511, #1001 ) ;
#579 = EDGE_CURVE ( 'NONE', #723, #1421, #759, .T. ) ;
#580 = VECTOR ( 'NONE', #157, 1000.000000000000000 ) ;
#581 = EDGE_LOOP ( 'NONE', ( #168, #2015, #959, #478 ) ) ;
#582 = CARTESIAN_POINT ( 'NONE',  ( 282.7886400257809800, 138.5413793103450100, -437.6632313287340100 ) ) ;
#583 = CARTESIAN_POINT ( 'NONE',  ( 283.1136400257810200, 138.6663793103450100, -437.6632313287340100 ) ) ;
#584 = CARTESIAN_POINT ( 'NONE',  ( 0.0000000000000000000, 0.0000000000000000000, 0.0000000000000000000 ) ) ;
#585 = DIRECTION ( 'NONE',  ( 1.000000000000000000, 0.0000000000000000000, 0.0000000000000000000 ) ) ;
#586 = DIRECTION ( 'NONE',  ( 0.0000000000000000000, 0.0000000000000000000, 1.000000000000000000 ) ) ;
#587 = VERTEX_POINT ( 'NONE', #2462 ) ;
#588 = ADVANCED_FACE ( 'NONE', ( #1113 ), #1640, .T. ) ;
#589 = DIRECTION ( 'NONE',  ( 0.0000000000000000000, -0.0000000000000000000, 1.000000000000000000 ) ) ;
#590 = CARTESIAN_POINT ( 'NONE',  ( 282.7886400257809800, 138.6913793103450100, -437.6332313287339800 ) ) ;
#591 = FACE_OUTER_BOUND ( 'NONE', #2574, .T. ) ;
#592 = PRODUCT_CONTEXT ( 'NONE', #791, 'mechanical' ) ;
#593 = VECTOR ( 'NONE', #447, 1000.000000000000000 ) ;
#594 = CARTESIAN_POINT ( 'NONE',  ( 283.3386400257810500, 138.5413793103450100, -437.6632313287340100 ) ) ;
#595 = CARTESIAN_POINT ( 'NONE',  ( 282.7386400257810200, 138.3413793103449900, -437.6632313287340100 ) ) ;
#596 = EDGE_LOOP ( 'NONE', ( #1410, #1334, #2351, #451 ) ) ;
#597 = CARTESIAN_POINT ( 'NONE',  ( 283.1136400257810200, 138.8913793207879900, -437.6332313287339800 ) ) ;
#598 = EDGE_CURVE ( 'NONE', #1941, #1630, #628, .T. ) ;
#599 = ORIENTED_EDGE ( 'NONE', *, *, #1845, .F. ) ;
#600 = DIRECTION ( 'NONE',  ( 0.0000000000000000000, -0.0000000000000000000, 1.000000000000000000 ) ) ;
#601 = LINE ( 'NONE', #1096, #1473 ) ;
#602 = VERTEX_POINT ( 'NONE', #2016 ) ;
#603 = DIRECTION ( 'NONE',  ( 1.000000000000000000, 0.0000000000000000000, 0.0000000000000000000 ) ) ;
#604 = CARTESIAN_POINT ( 'NONE',  ( 282.7886400257809800, 138.3413793103449900, -437.6332313287339800 ) ) ;
#605 = FACE_OUTER_BOUND ( 'NONE', #1266, .T. ) ;
#606 = ORIENTED_EDGE ( 'NONE', *, *, #856, .T. ) ;
#607 = FACE_OUTER_BOUND ( 'NONE', #1719, .T. ) ;
#608 = DIRECTION ( 'NONE',  ( -0.0000000000000000000, 1.000000000000000000, 0.0000000000000000000 ) ) ;
#609 = AXIS2_PLACEMENT_3D ( 'NONE', #1209, #1811, #2020 ) ;
#610 = CARTESIAN_POINT ( 'NONE',  ( 282.7386400257810200, 138.6663793103450100, -437.6332313287339800 ) ) ;
#611 = CARTESIAN_POINT ( 'NONE',  ( 282.7886400257809800, 138.3413793103449900, -437.6332313287339800 ) ) ;
#612 = VECTOR ( 'NONE', #1770, 1000.000000000000000 ) ;
#613 = EDGE_CURVE ( 'NONE', #467, #151, #1052, .T. ) ;
#614 = DIRECTION ( 'NONE',  ( 0.0000000000000000000, -0.0000000000000000000, 1.000000000000000000 ) ) ;
#615 = DIRECTION ( 'NONE',  ( 0.0000000000000000000, -1.000000000000000000, 0.0000000000000000000 ) ) ;
#616 = ADVANCED_FACE ( 'NONE', ( #1142 ), #2253, .T. ) ;
#617 = EDGE_CURVE ( 'NONE', #1829, #2422, #1769, .T. ) ;
#618 = VERTEX_POINT ( 'NONE', #1411 ) ;
#619 = DIRECTION ( 'NONE',  ( -0.0000000000000000000, -0.0000000000000000000, -1.000000000000000000 ) ) ;
#620 = AXIS2_PLACEMENT_3D ( 'NONE', #1032, #2219, #2454 ) ;
#621 = ORIENTED_EDGE ( 'NONE', *, *, #2631, .F. ) ;
#622 = CARTESIAN_POINT ( 'NONE',  ( 282.7886400257809800, 138.6913793103450100, -437.6332313287339800 ) ) ;
#623 = EDGE_LOOP ( 'NONE', ( #2577, #1920, #718, #2339 ) ) ;
#624 = VERTEX_POINT ( 'NONE', #597 ) ;
#625 =( NAMED_UNIT ( * ) SI_UNIT ( $, .STERADIAN. ) SOLID_ANGLE_UNIT ( ) );
#626 = DIRECTION ( 'NONE',  ( 0.0000000000000000000, 1.000000000000000000, 0.0000000000000000000 ) ) ;
#627 = DIRECTION ( 'NONE',  ( 1.000000000000000000, 0.0000000000000000000, -0.0000000000000000000 ) ) ;
#628 = LINE ( 'NONE', #396, #2104 ) ;
#629 = AXIS2_PLACEMENT_3D ( 'NONE', #1084, #2111, #2477 ) ;
#630 = ORIENTED_EDGE ( 'NONE', *, *, #75, .F. ) ;
#631 = VECTOR ( 'NONE', #2518, 1000.000000000000000 ) ;
#632 = ADVANCED_FACE ( 'NONE', ( #205 ), #1799, .T. ) ;
#633 = CARTESIAN_POINT ( 'NONE',  ( 282.7386400257810200, 138.5413793103450100, -437.6632313287340100 ) ) ;
#634 = COLOUR_RGB ( '',0.7921568627450980000, 0.8196078431372548800, 0.9333333333333333500 ) ;
#635 = DIRECTION ( 'NONE',  ( -1.000000000000000000, 0.0000000000000000000, -0.0000000000000000000 ) ) ;
#636 = EDGE_CURVE ( 'NONE', #2001, #480, #142, .T. ) ;
#637 = CARTESIAN_POINT ( 'NONE',  ( 283.3049255457809700, 138.6923793103450200, -437.5132313287339800 ) ) ;
#638 = CARTESIAN_POINT ( 'NONE',  ( 283.0136400257810000, 138.8913793207879900, -437.6632313287340100 ) ) ;
#639 = ORIENTED_EDGE ( 'NONE', *, *, #1980, .T. ) ;
#640 = DIRECTION ( 'NONE',  ( -1.000000000000000000, -0.0000000000000000000, -0.0000000000000000000 ) ) ;
#641 = ORIENTED_EDGE ( 'NONE', *, *, #1037, .T. ) ;
#642 =( LENGTH_UNIT ( ) NAMED_UNIT ( * ) SI_UNIT ( .MILLI., .METRE. ) );
#643 = MECHANICAL_DESIGN_GEOMETRIC_PRESENTATION_REPRESENTATION (  '', ( #1040 ), #1138 ) ;
#644 = VECTOR ( 'NONE', #542, 1000.000000000000000 ) ;
#645 = VECTOR ( 'NONE', #286, 1000.000000000000000 ) ;
#646 = ORIENTED_EDGE ( 'NONE', *, *, #303, .F. ) ;
#647 = LINE ( 'NONE', #1684, #1632 ) ;
#648 = CARTESIAN_POINT ( 'NONE',  ( 283.3886400257810000, 138.9413793103450100, -437.5832313287339700 ) ) ;
#649 = VECTOR ( 'NONE', #520, 1000.000000000000000 ) ;
#650 = VERTEX_POINT ( 'NONE', #2639 ) ;
#651 = AXIS2_PLACEMENT_3D ( 'NONE', #2388, #2586, #360 ) ;
#652 = VERTEX_POINT ( 'NONE', #1631 ) ;
#653 = DIRECTION ( 'NONE',  ( 0.0000000000000000000, 0.0000000000000000000, 1.000000000000000000 ) ) ;
#654 = CARTESIAN_POINT ( 'NONE',  ( 282.7886400257809800, 138.5413793103450100, -437.6632313287340100 ) ) ;
#655 = DIRECTION ( 'NONE',  ( 0.0000000000000000000, -1.000000000000000000, 0.0000000000000000000 ) ) ;
#656 = CARTESIAN_POINT ( 'NONE',  ( 283.1529255457820100, 138.6923793103450200, -437.5832313287339700 ) ) ;
#657 = EDGE_CURVE ( 'NONE', #1021, #2169, #560, .T. ) ;
#658 = MANIFOLD_SOLID_BREP ( 'brep_2', #484 ) ;
#659 = ORIENTED_EDGE ( 'NONE', *, *, #930, .F. ) ;
#660 = VERTEX_POINT ( 'NONE', #1016 ) ;
#661 = LINE ( 'NONE', #1848, #1716 ) ;
#662 = DIRECTION ( 'NONE',  ( 0.0000000000000000000, 0.0000000000000000000, 1.000000000000000000 ) ) ;
#663 = CARTESIAN_POINT ( 'NONE',  ( 283.1386400257810000, 138.8913793103450000, -437.6632313287340100 ) ) ;
#664 = PLANE ( 'NONE',  #1892 ) ;
#665 = FACE_OUTER_BOUND ( 'NONE', #322, .T. ) ;
#666 = SURFACE_SIDE_STYLE ('',( #1883 ) ) ;
#667 = ORIENTED_EDGE ( 'NONE', *, *, #2131, .T. ) ;
#668 = EDGE_LOOP ( 'NONE', ( #1714, #123, #705, #1670 ) ) ;
#669 = DIRECTION ( 'NONE',  ( -1.000000000000000000, -0.0000000000000000000, -0.0000000000000000000 ) ) ;
#670 = EDGE_CURVE ( 'NONE', #1178, #386, #661, .T. ) ;
#671 = EDGE_CURVE ( 'NONE', #2629, #695, #85, .T. ) ;
#672 = CARTESIAN_POINT ( 'NONE',  ( 282.9873900257810000, 138.5388793103450100, -437.5832313287339700 ) ) ;
#673 = CARTESIAN_POINT ( 'NONE',  ( 283.1386400257810000, 138.3413793103449900, -437.6332313287339800 ) ) ;
#674 = VECTOR ( 'NONE', #294, 1000.000000000000000 ) ;
#675 = DIRECTION ( 'NONE',  ( -0.0000000000000000000, -0.0000000000000000000, -1.000000000000000000 ) ) ;
#676 = ORIENTED_EDGE ( 'NONE', *, *, #224, .T. ) ;
#677 = CARTESIAN_POINT ( 'NONE',  ( 282.9886400257810200, 138.6913793103450100, -437.6632313287340100 ) ) ;
#678 = AXIS2_PLACEMENT_3D ( 'NONE', #1080, #2507, #848 ) ;
#679 = ORIENTED_EDGE ( 'NONE', *, *, #2243, .F. ) ;
#680 = LINE ( 'NONE', #1181, #127 ) ;
#681 = VECTOR ( 'NONE', #1652, 1000.000000000000000 ) ;
#682 = DIRECTION ( 'NONE',  ( -0.0000000000000000000, 1.000000000000000000, 0.0000000000000000000 ) ) ;
#683 = AXIS2_PLACEMENT_3D ( 'NONE', #1801, #2200, #1002 ) ;
#684 = VECTOR ( 'NONE', #2428, 1000.000000000000000 ) ;
#685 = CARTESIAN_POINT ( 'NONE',  ( 282.7886400257809800, 138.6913793103450100, -437.6332313287339800 ) ) ;
#686 = ORIENTED_EDGE ( 'NONE', *, *, #166, .F. ) ;
#687 = ORIENTED_EDGE ( 'NONE', *, *, #636, .T. ) ;
#688 = EDGE_CURVE ( 'NONE', #1783, #1972, #2029, .T. ) ;
#689 = ORIENTED_EDGE ( 'NONE', *, *, #86, .F. ) ;
#690 = CARTESIAN_POINT ( 'NONE',  ( 282.7386400257810200, 138.8913793103450000, -437.6632313287340100 ) ) ;
#691 = PLANE ( 'NONE',  #2376 ) ;
#692 = EDGE_CURVE ( 'NONE', #165, #2068, #1653, .T. ) ;
#693 = DIRECTION ( 'NONE',  ( 0.0000000000000000000, 0.0000000000000000000, 1.000000000000000000 ) ) ;
#694 = VECTOR ( 'NONE', #243, 1000.000000000000000 ) ;
#695 = VERTEX_POINT ( 'NONE', #1275 ) ;
#696 = LINE ( 'NONE', #1263, #145 ) ;
#697 = ORIENTED_EDGE ( 'NONE', *, *, #692, .F. ) ;
#698 = CARTESIAN_POINT ( 'NONE',  ( 282.7386400257810200, 138.9413793103450100, -437.6332313287339800 ) ) ;
#699 = DIRECTION ( 'NONE',  ( -0.0000000000000000000, 0.0000000000000000000, 1.000000000000000000 ) ) ;
#700 = LINE ( 'NONE', #862, #1465 ) ;
#701 = VERTEX_POINT ( 'NONE', #1462 ) ;
#702 =( GEOMETRIC_REPRESENTATION_CONTEXT ( 3 ) GLOBAL_UNCERTAINTY_ASSIGNED_CONTEXT ( ( #1762 ) ) GLOBAL_UNIT_ASSIGNED_CONTEXT ( ( #850, #838, #1042 ) ) REPRESENTATION_CONTEXT ( 'NONE', 'WORKASPACE' ) );
#703 = ORIENTED_EDGE ( 'NONE', *, *, #336, .T. ) ;
#704 = CARTESIAN_POINT ( 'NONE',  ( 283.3886400257810000, 138.6663793103450100, -437.6332313287339800 ) ) ;
#705 = ORIENTED_EDGE ( 'NONE', *, *, #1288, .T. ) ;
#706 = VECTOR ( 'NONE', #675, 1000.000000000000000 ) ;
#707 = FACE_OUTER_BOUND ( 'NONE', #2296, .T. ) ;
#708 = ORIENTED_EDGE ( 'NONE', *, *, #2352, .T. ) ;
#709 = EDGE_CURVE ( 'NONE', #1128, #2553, #527, .T. ) ;
#710 = DIRECTION ( 'NONE',  ( 1.000000000000000000, 0.0000000000000000000, -0.0000000000000000000 ) ) ;
#711 = LINE ( 'NONE', #1558, #225 ) ;
#712 = ORIENTED_EDGE ( 'NONE', *, *, #91, .F. ) ;
#713 = FACE_OUTER_BOUND ( 'NONE', #2591, .T. ) ;
#714 = FACE_OUTER_BOUND ( 'NONE', #1911, .T. ) ;
#715 = ADVANCED_FACE ( 'NONE', ( #2633 ), #2092, .T. ) ;
#716 = DIRECTION ( 'NONE',  ( 0.0000000000000000000, -1.000000000000000000, 0.0000000000000000000 ) ) ;
#717 = AXIS2_PLACEMENT_3D ( 'NONE', #1067, #2486, #1264 ) ;
#718 = ORIENTED_EDGE ( 'NONE', *, *, #898, .T. ) ;
#719 = CARTESIAN_POINT ( 'NONE',  ( 283.1123900257810000, 138.5388793103450100, -437.5832313287339700 ) ) ;
#720 = ORIENTED_EDGE ( 'NONE', *, *, #1490, .F. ) ;
#721 = ORIENTED_EDGE ( 'NONE', *, *, #186, .F. ) ;
#722 = EDGE_CURVE ( 'NONE', #2629, #1402, #1361, .T. ) ;
#723 = VERTEX_POINT ( 'NONE', #2497 ) ;
#724 = DIRECTION ( 'NONE',  ( -0.0000000000000000000, -1.000000000000000000, -0.0000000000000000000 ) ) ;
#725 = AXIS2_PLACEMENT_3D ( 'NONE', #673, #1559, #2139 ) ;
#726 = CARTESIAN_POINT ( 'NONE',  ( 282.9886400257810200, 138.8913793103450000, -437.6332313287339800 ) ) ;
#727 = LINE ( 'NONE', #1825, #922 ) ;
#728 = PLANE ( 'NONE',  #1903 ) ;
#729 = ADVANCED_FACE ( 'NONE', ( #1836 ), #2100, .T. ) ;
#730 = LINE ( 'NONE', #437, #2164 ) ;
#731 = VECTOR ( 'NONE', #371, 1000.000000000000000 ) ;
#732 = CARTESIAN_POINT ( 'NONE',  ( 283.0136400257810000, 138.6663793103450100, -437.6332313287339800 ) ) ;
#733 = EDGE_LOOP ( 'NONE', ( #2040, #2080, #1885, #1642 ) ) ;
#734 = VECTOR ( 'NONE', #1973, 1000.000000000000000 ) ;
#735 = LINE ( 'NONE', #894, #1127 ) ;
#736 = ORIENTED_EDGE ( 'NONE', *, *, #454, .T. ) ;
#737 = DIRECTION ( 'NONE',  ( -1.000000000000000000, -0.0000000000000000000, -0.0000000000000000000 ) ) ;
#738 = SURFACE_STYLE_FILL_AREA ( #1549 ) ;
#739 = UNCERTAINTY_MEASURE_WITH_UNIT (LENGTH_MEASURE( 1.000000000000000100E-005 ), #1432, 'distance_accuracy_value', 'NONE');
#740 = ORIENTED_EDGE ( 'NONE', *, *, #1681, .F. ) ;
#741 = VECTOR ( 'NONE', #2445, 1000.000000000000000 ) ;
#742 = EDGE_CURVE ( 'NONE', #1630, #802, #829, .T. ) ;
#743 = ADVANCED_FACE ( 'NONE', ( #364 ), #1685, .T. ) ;
#744 = CARTESIAN_POINT ( 'NONE',  ( 283.3386400257810500, 138.3413793103449900, -437.6332313287339800 ) ) ;
#745 = VECTOR ( 'NONE', #2356, 1000.000000000000000 ) ;
#746 = CARTESIAN_POINT ( 'NONE',  ( 282.7386400257810200, 138.6663793103450100, -437.6632313287340100 ) ) ;
#747 = SURFACE_STYLE_FILL_AREA ( #2069 ) ;
#748 = ORIENTED_EDGE ( 'NONE', *, *, #1790, .T. ) ;
#749 = DIRECTION ( 'NONE',  ( 0.0000000000000000000, 0.0000000000000000000, -1.000000000000000000 ) ) ;
#750 =( GEOMETRIC_REPRESENTATION_CONTEXT ( 3 ) GLOBAL_UNCERTAINTY_ASSIGNED_CONTEXT ( ( #263 ) ) GLOBAL_UNIT_ASSIGNED_CONTEXT ( ( #477, #1328, #2512 ) ) REPRESENTATION_CONTEXT ( 'NONE', 'WORKASPACE' ) );
#751 = ORIENTED_EDGE ( 'NONE', *, *, #102, .T. ) ;
#752 = PLANE ( 'NONE',  #2126 ) ;
#753 = DIRECTION ( 'NONE',  ( 1.000000000000000000, 0.0000000000000000000, -0.0000000000000000000 ) ) ;
#754 = DIRECTION ( 'NONE',  ( 0.0000000000000000000, 1.000000000000000000, 0.0000000000000000000 ) ) ;
#755 = ADVANCED_FACE ( 'NONE', ( #864 ), #1669, .T. ) ;
#756 = EDGE_CURVE ( 'NONE', #1592, #165, #921, .T. ) ;
#757 = ORIENTED_EDGE ( 'NONE', *, *, #2208, .F. ) ;
#758 = EDGE_CURVE ( 'NONE', #2285, #151, #1931, .T. ) ;
#759 = LINE ( 'NONE', #2052, #1173 ) ;
#760 = DIRECTION ( 'NONE',  ( -1.000000000000000000, -0.0000000000000000000, -0.0000000000000000000 ) ) ;
#761 = ORIENTED_EDGE ( 'NONE', *, *, #2017, .F. ) ;
#762 = LINE ( 'NONE', #1268, #1963 ) ;
#763 = AXIS2_PLACEMENT_3D ( 'NONE', #851, #2155, #2087 ) ;
#764 = EDGE_LOOP ( 'NONE', ( #1753, #697, #1023, #1205 ) ) ;
#765 = DIRECTION ( 'NONE',  ( 0.0000000000000000000, -1.000000000000000000, 0.0000000000000000000 ) ) ;
#766 = CARTESIAN_POINT ( 'NONE',  ( 283.1386400257810000, 138.8913793103450000, -437.6332313287339800 ) ) ;
#767 = EDGE_LOOP ( 'NONE', ( #748, #2475, #1151, #2286, #1051, #178, #2239, #785 ) ) ;
#768 = ORIENTED_EDGE ( 'NONE', *, *, #114, .T. ) ;
#769 = ADVANCED_FACE ( 'NONE', ( #302 ), #1050, .T. ) ;
#770 = CARTESIAN_POINT ( 'NONE',  ( 283.1136400257810200, 138.6663793103450100, -437.6332313287339800 ) ) ;
#771 = VECTOR ( 'NONE', #70, 1000.000000000000000 ) ;
#772 = ORIENTED_EDGE ( 'NONE', *, *, #1678, .F. ) ;
#773 = CARTESIAN_POINT ( 'NONE',  ( 282.7886400257809800, 138.3413793103449900, -437.6632313287340100 ) ) ;
#774 = CARTESIAN_POINT ( 'NONE',  ( 283.3886400257810000, 138.2913793103450100, -437.5832313287339700 ) ) ;
#775 = LINE ( 'NONE', #1582, #1218 ) ;
#776 = MANIFOLD_SOLID_BREP ( 'brep_9', #1136 ) ;
#777 = CARTESIAN_POINT ( 'NONE',  ( 282.7386400257810200, 138.6663793103450100, -437.6332313287339800 ) ) ;
#778 = EDGE_CURVE ( 'NONE', #2593, #2523, #1699, .T. ) ;
#779 = LINE ( 'NONE', #1970, #575 ) ;
#780 = AXIS2_PLACEMENT_3D ( 'NONE', #250, #466, #1285 ) ;
#781 = LINE ( 'NONE', #878, #463 ) ;
#782 = CARTESIAN_POINT ( 'NONE',  ( 282.7886400257809800, 138.3413793103449900, -437.6332313287339800 ) ) ;
#783 = VECTOR ( 'NONE', #2024, 1000.000000000000000 ) ;
#784 = CARTESIAN_POINT ( 'NONE',  ( 282.7886400257809800, 138.6938793103450100, -437.5832313287339700 ) ) ;
#785 = ORIENTED_EDGE ( 'NONE', *, *, #815, .T. ) ;
#786 =( NAMED_UNIT ( * ) SI_UNIT ( $, .STERADIAN. ) SOLID_ANGLE_UNIT ( ) );
#787 = VERTEX_POINT ( 'NONE', #50 ) ;
#788 = ORIENTED_EDGE ( 'NONE', *, *, #1644, .T. ) ;
#789 = PLANE ( 'NONE',  #826 ) ;
#790 = STYLED_ITEM ( 'NONE', ( #1248 ), #1448 ) ;
#791 = APPLICATION_CONTEXT ( 'automotive_design' ) ;
#792 = CARTESIAN_POINT ( 'NONE',  ( 283.3386400257810500, 138.3413793103449900, -437.6332313287339800 ) ) ;
#793 = LINE ( 'NONE', #1693, #1056 ) ;
#794 = EDGE_CURVE ( 'NONE', #418, #1445, #844, .T. ) ;
#795 = FACE_OUTER_BOUND ( 'NONE', #2021, .T. ) ;
#796 = ORIENTED_EDGE ( 'NONE', *, *, #1106, .T. ) ;
#797 = CARTESIAN_POINT ( 'NONE',  ( 283.1529255457820100, 138.6923793103450200, -437.5132313287339800 ) ) ;
#798 = FACE_OUTER_BOUND ( 'NONE', #1180, .T. ) ;
#799 = DIRECTION ( 'NONE',  ( -0.0000000000000000000, -0.0000000000000000000, -1.000000000000000000 ) ) ;
#800 = SURFACE_SIDE_STYLE ('',( #1152 ) ) ;
#801 = CARTESIAN_POINT ( 'NONE',  ( 282.9886400257810200, 138.8913793103450000, -437.6332313287339800 ) ) ;
#802 = VERTEX_POINT ( 'NONE', #919 ) ;
#803 = CARTESIAN_POINT ( 'NONE',  ( 283.3386400257810500, 138.8913793103450000, -437.6632313287340100 ) ) ;
#804 = FACE_OUTER_BOUND ( 'NONE', #300, .T. ) ;
#805 = VECTOR ( 'NONE', #2177, 1000.000000000000000 ) ;
#806 = ORIENTED_EDGE ( 'NONE', *, *, #134, .F. ) ;
#807 = PLANE ( 'NONE',  #2317 ) ;
#808 = CARTESIAN_POINT ( 'NONE',  ( 283.3886400257810000, 138.5663793103450100, -437.6332313287339800 ) ) ;
#809 = ORIENTED_EDGE ( 'NONE', *, *, #2447, .F. ) ;
#810 = VECTOR ( 'NONE', #535, 1000.000000000000000 ) ;
#811 = PLANE ( 'NONE',  #530 ) ;
#812 = VERTEX_POINT ( 'NONE', #2118 ) ;
#813 = CARTESIAN_POINT ( 'NONE',  ( 283.1123900257810000, 138.6938793103450100, -437.5832313287339700 ) ) ;
#814 = FACE_OUTER_BOUND ( 'NONE', #1689, .T. ) ;
#815 = EDGE_CURVE ( 'NONE', #2318, #2651, #34, .T. ) ;
#816 = DIRECTION ( 'NONE',  ( -1.000000000000000000, -0.0000000000000000000, 0.0000000000000000000 ) ) ;
#817 = FACE_OUTER_BOUND ( 'NONE', #767, .T. ) ;
#818 = ORIENTED_EDGE ( 'NONE', *, *, #1213, .F. ) ;
#819 = AXIS2_PLACEMENT_3D ( 'NONE', #1725, #2134, #2331 ) ;
#820 = DIRECTION ( 'NONE',  ( 1.000000000000000000, 0.0000000000000000000, 0.0000000000000000000 ) ) ;
#821 = VERTEX_POINT ( 'NONE', #704 ) ;
#822 = DIRECTION ( 'NONE',  ( -1.000000000000000000, -0.0000000000000000000, -0.0000000000000000000 ) ) ;
#823 =( NAMED_UNIT ( * ) PLANE_ANGLE_UNIT ( ) SI_UNIT ( $, .RADIAN. ) );
#824 = DIRECTION ( 'NONE',  ( 1.000000000000000000, 0.0000000000000000000, -0.0000000000000000000 ) ) ;
#825 = EDGE_LOOP ( 'NONE', ( #1195, #118, #2509, #1777 ) ) ;
#826 = AXIS2_PLACEMENT_3D ( 'NONE', #1419, #177, #187 ) ;
#827 = CARTESIAN_POINT ( 'NONE',  ( 282.7886400257809800, 138.6913793103450100, -437.6332313287339800 ) ) ;
#828 = ADVANCED_FACE ( 'NONE', ( #707 ), #1921, .T. ) ;
#829 = LINE ( 'NONE', #2292, #2320 ) ;
#830 = EDGE_CURVE ( 'NONE', #2169, #2519, #65, .T. ) ;
#831 = LINE ( 'NONE', #1441, #88 ) ;
#832 = DIRECTION ( 'NONE',  ( -1.000000000000000000, 0.0000000000000000000, 0.0000000000000000000 ) ) ;
#833 = CARTESIAN_POINT ( 'NONE',  ( 283.0136400257810000, 138.6663793103450100, -437.6632313287340100 ) ) ;
#834 = FILL_AREA_STYLE ('',( #428 ) ) ;
#835 = ORIENTED_EDGE ( 'NONE', *, *, #896, .T. ) ;
#836 = EDGE_CURVE ( 'NONE', #660, #695, #2608, .T. ) ;
#837 = VERTEX_POINT ( 'NONE', #1300 ) ;
#838 =( NAMED_UNIT ( * ) PLANE_ANGLE_UNIT ( ) SI_UNIT ( $, .RADIAN. ) );
#839 = ORIENTED_EDGE ( 'NONE', *, *, #945, .T. ) ;
#840 = ORIENTED_EDGE ( 'NONE', *, *, #2274, .F. ) ;
#841 = DIRECTION ( 'NONE',  ( -0.0000000000000000000, -1.000000000000000000, 0.0000000000000000000 ) ) ;
#842 = LINE ( 'NONE', #559, #345 ) ;
#843 = DIRECTION ( 'NONE',  ( -1.000000000000000000, -0.0000000000000000000, 0.0000000000000000000 ) ) ;
#844 = LINE ( 'NONE', #677, #508 ) ;
#845 = DIRECTION ( 'NONE',  ( 0.0000000000000000000, -0.0000000000000000000, -1.000000000000000000 ) ) ;
#846 = ORIENTED_EDGE ( 'NONE', *, *, #1352, .F. ) ;
#847 = LINE ( 'NONE', #2002, #998 ) ;
#848 = DIRECTION ( 'NONE',  ( 0.0000000000000000000, 0.0000000000000000000, 1.000000000000000000 ) ) ;
#849 = AXIS2_PLACEMENT_3D ( 'NONE', #2055, #409, #2463 ) ;
#850 =( LENGTH_UNIT ( ) NAMED_UNIT ( * ) SI_UNIT ( .MILLI., .METRE. ) );
#851 = CARTESIAN_POINT ( 'NONE',  ( 283.3386400257810500, 138.6913793103450100, -437.6632313287340100 ) ) ;
#852 = SURFACE_STYLE_FILL_AREA ( #1233 ) ;
#853 = SURFACE_STYLE_USAGE ( .BOTH. , #1442 ) ;
#854 = DIRECTION ( 'NONE',  ( 1.000000000000000000, 0.0000000000000000000, -0.0000000000000000000 ) ) ;
#855 = CARTESIAN_POINT ( 'NONE',  ( 283.1386400257810000, 138.3413793103449900, -437.6632313287340100 ) ) ;
#856 = EDGE_CURVE ( 'NONE', #1846, #307, #735, .T. ) ;
#857 = FACE_OUTER_BOUND ( 'NONE', #537, .T. ) ;
#858 = VERTEX_POINT ( 'NONE', #2107 ) ;
#859 = ADVANCED_FACE ( 'NONE', ( #1097 ), #1927, .T. ) ;
#860 = VERTEX_POINT ( 'NONE', #2141 ) ;
#861 = CARTESIAN_POINT ( 'NONE',  ( 283.3886400257810000, 138.5663793103450100, -437.6332313287339800 ) ) ;
#862 = CARTESIAN_POINT ( 'NONE',  ( 283.1386400257810000, 138.6913793103450100, -437.6332313287339800 ) ) ;
#863 = CARTESIAN_POINT ( 'NONE',  ( 282.7886400257809800, 138.8913793103450000, -437.6632313287340100 ) ) ;
#864 = FACE_OUTER_BOUND ( 'NONE', #1878, .T. ) ;
#865 = CARTESIAN_POINT ( 'NONE',  ( 282.7886400257809800, 138.3413793103449900, -437.6332313287339800 ) ) ;
#866 = FACE_OUTER_BOUND ( 'NONE', #11, .T. ) ;
#867 = VECTOR ( 'NONE', #1890, 1000.000000000000000 ) ;
#868 = EDGE_CURVE ( 'NONE', #1533, #1659, #1535, .T. ) ;
#869 =( LENGTH_UNIT ( ) NAMED_UNIT ( * ) SI_UNIT ( .MILLI., .METRE. ) );
#870 = ORIENTED_EDGE ( 'NONE', *, *, #563, .T. ) ;
#871 = CARTESIAN_POINT ( 'NONE',  ( 283.1386400257810000, 138.5413793103450100, -437.6332313287339800 ) ) ;
#872 = ORIENTED_EDGE ( 'NONE', *, *, #1090, .F. ) ;
#873 = CARTESIAN_POINT ( 'NONE',  ( 282.7386400257810200, 138.3413793103449900, -437.6632313287340100 ) ) ;
#874 = AXIS2_PLACEMENT_3D ( 'NONE', #958, #1745, #2558 ) ;
#875 = VECTOR ( 'NONE', #1158, 1000.000000000000000 ) ;
#876 = LINE ( 'NONE', #1340, #1694 ) ;
#877 = ORIENTED_EDGE ( 'NONE', *, *, #2501, .T. ) ;
#878 = CARTESIAN_POINT ( 'NONE',  ( 282.7886400257809800, 138.6913793103450100, -437.6632313287340100 ) ) ;
#879 = VECTOR ( 'NONE', #1433, 1000.000000000000000 ) ;
#880 = DIRECTION ( 'NONE',  ( 0.0000000000000000000, -1.000000000000000000, -0.0000000000000000000 ) ) ;
#881 = FACE_OUTER_BOUND ( 'NONE', #62, .T. ) ;
#882 = LINE ( 'NONE', #1057, #164 ) ;
#883 = EDGE_CURVE ( 'NONE', #1100, #2540, #122, .T. ) ;
#884 = CARTESIAN_POINT ( 'NONE',  ( 283.3886400257810000, 138.5663793103450100, -437.6332313287339800 ) ) ;
#885 = DIRECTION ( 'NONE',  ( -1.000000000000000000, 0.0000000000000000000, -0.0000000000000000000 ) ) ;
#886 = VERTEX_POINT ( 'NONE', #1495 ) ;
#887 = AXIS2_PLACEMENT_3D ( 'NONE', #1873, #1646, #209 ) ;
#888 = ORIENTED_EDGE ( 'NONE', *, *, #2300, .F. ) ;
#889 = FACE_OUTER_BOUND ( 'NONE', #261, .T. ) ;
#890 = DIRECTION ( 'NONE',  ( 1.000000000000000000, 0.0000000000000000000, 0.0000000000000000000 ) ) ;
#891 = DIRECTION ( 'NONE',  ( -0.0000000000000000000, 0.0000000000000000000, -1.000000000000000000 ) ) ;
#892 = PLANE ( 'NONE',  #1570 ) ;
#893 = LINE ( 'NONE', #2265, #1839 ) ;
#894 = CARTESIAN_POINT ( 'NONE',  ( 282.7386400257810200, 138.6913793103450100, -437.6632313287340100 ) ) ;
#895 = EDGE_LOOP ( 'NONE', ( #721, #1511, #539, #2251 ) ) ;
#896 = EDGE_CURVE ( 'NONE', #860, #907, #1281, .T. ) ;
#897 = ORIENTED_EDGE ( 'NONE', *, *, #2143, .T. ) ;
#898 = EDGE_CURVE ( 'NONE', #108, #1877, #183, .T. ) ;
#899 = EDGE_CURVE ( 'NONE', #1092, #1128, #1782, .T. ) ;
#900 = CARTESIAN_POINT ( 'NONE',  ( 283.1529255457809900, 138.6923793103450200, -437.5832313287339700 ) ) ;
#901 = ORIENTED_EDGE ( 'NONE', *, *, #2109, .T. ) ;
#902 = ORIENTED_EDGE ( 'NONE', *, *, #1898, .F. ) ;
#903 = LINE ( 'NONE', #726, #311 ) ;
#904 = CARTESIAN_POINT ( 'NONE',  ( 283.0136400257810000, 138.8913793207879900, -437.6632313287340100 ) ) ;
#905 = EDGE_LOOP ( 'NONE', ( #279, #554, #2643, #1792 ) ) ;
#906 = LINE ( 'NONE', #1368, #260 ) ;
#907 = VERTEX_POINT ( 'NONE', #1894 ) ;
#908 = UNCERTAINTY_MEASURE_WITH_UNIT (LENGTH_MEASURE( 1.000000000000000100E-005 ), #1874, 'distance_accuracy_value', 'NONE');
#909 = FACE_OUTER_BOUND ( 'NONE', #2075, .T. ) ;
#910 = DIRECTION ( 'NONE',  ( 1.000000000000000000, 0.0000000000000000000, 0.0000000000000000000 ) ) ;
#911 = AXIS2_PLACEMENT_3D ( 'NONE', #884, #682, #464 ) ;
#912 =( NAMED_UNIT ( * ) SI_UNIT ( $, .STERADIAN. ) SOLID_ANGLE_UNIT ( ) );
#913 = VECTOR ( 'NONE', #276, 1000.000000000000000 ) ;
#914 = CARTESIAN_POINT ( 'NONE',  ( 282.7886400257809800, 138.5413793103450100, -437.6332313287339800 ) ) ;
#915 = EDGE_CURVE ( 'NONE', #1846, #1909, #1252, .T. ) ;
#916 = ORIENTED_EDGE ( 'NONE', *, *, #203, .T. ) ;
#917 = DIRECTION ( 'NONE',  ( 0.0000000000000000000, 0.0000000000000000000, -1.000000000000000000 ) ) ;
#918 = EDGE_LOOP ( 'NONE', ( #1895, #1482, #93, #2142 ) ) ;
#919 = CARTESIAN_POINT ( 'NONE',  ( 282.9873900257810000, 138.5388793103450100, -437.4932313287340000 ) ) ;
#920 = ADVANCED_FACE ( 'NONE', ( #2552 ), #1117, .T. ) ;
#921 = LINE ( 'NONE', #240, #2484 ) ;
#922 = VECTOR ( 'NONE', #2022, 1000.000000000000000 ) ;
#923 = EDGE_LOOP ( 'NONE', ( #1440, #1794, #902, #1504 ) ) ;
#924 = CARTESIAN_POINT ( 'NONE',  ( 283.3386400257810500, 138.6913793103450100, -437.6632313287340100 ) ) ;
#925 = ORIENTED_EDGE ( 'NONE', *, *, #1591, .T. ) ;
#926 = EDGE_LOOP ( 'NONE', ( #1726, #2328, #1860, #541 ) ) ;
#927 = LINE ( 'NONE', #1588, #1309 ) ;
#928 = FACE_OUTER_BOUND ( 'NONE', #1112, .T. ) ;
#929 = ORIENTED_EDGE ( 'NONE', *, *, #2625, .F. ) ;
#930 = EDGE_CURVE ( 'NONE', #1843, #1439, #601, .T. ) ;
#931 = ADVANCED_FACE ( 'NONE', ( #2170 ), #84, .T. ) ;
#932 = DIRECTION ( 'NONE',  ( 1.000000000000000000, 0.0000000000000000000, 0.0000000000000000000 ) ) ;
#933 = DIRECTION ( 'NONE',  ( -1.000000000000000000, -0.0000000000000000000, -0.0000000000000000000 ) ) ;
#934 = FACE_OUTER_BOUND ( 'NONE', #522, .T. ) ;
#935 = VECTOR ( 'NONE', #1750, 1000.000000000000000 ) ;
#936 = ORIENTED_EDGE ( 'NONE', *, *, #2035, .F. ) ;
#937 = FACE_OUTER_BOUND ( 'NONE', #2199, .T. ) ;
#938 = CARTESIAN_POINT ( 'NONE',  ( 282.9886400257810200, 138.8913793103450000, -437.6332313287339800 ) ) ;
#939 = DIRECTION ( 'NONE',  ( 0.0000000000000000000, 0.0000000000000000000, -1.000000000000000000 ) ) ;
#940 = CARTESIAN_POINT ( 'NONE',  ( 283.1123900257810000, 138.5388793103450100, -437.5832313287339700 ) ) ;
#941 = EDGE_LOOP ( 'NONE', ( #2006, #988, #176, #2135 ) ) ;
#942 = DIRECTION ( 'NONE',  ( 0.0000000000000000000, 0.0000000000000000000, 1.000000000000000000 ) ) ;
#943 = ADVANCED_FACE ( 'NONE', ( #928 ), #1166, .T. ) ;
#944 = ORIENTED_EDGE ( 'NONE', *, *, #1446, .T. ) ;
#945 = EDGE_CURVE ( 'NONE', #650, #2358, #2005, .T. ) ;
#946 = AXIS2_PLACEMENT_3D ( 'NONE', #2472, #22, #1456 ) ;
#947 = CARTESIAN_POINT ( 'NONE',  ( 282.7386400257810200, 138.9413793103450100, -437.5832313287339700 ) ) ;
#948 = FACE_OUTER_BOUND ( 'NONE', #2152, .T. ) ;
#949 = DIRECTION ( 'NONE',  ( -0.0000000000000000000, -0.0000000000000000000, 1.000000000000000000 ) ) ;
#950 = CARTESIAN_POINT ( 'NONE',  ( 283.3386400257810500, 138.3413793103449900, -437.6332313287339800 ) ) ;
#951 = FACE_OUTER_BOUND ( 'NONE', #2067, .T. ) ;
#952 = ORIENTED_EDGE ( 'NONE', *, *, #1422, .T. ) ;
#953 = ADVANCED_FACE ( 'NONE', ( #1341 ), #728, .T. ) ;
#954 = CARTESIAN_POINT ( 'NONE',  ( 283.1136400257810200, 138.6663793103450100, -437.6332313287339800 ) ) ;
#955 = ORIENTED_EDGE ( 'NONE', *, *, #1351, .F. ) ;
#956 = CARTESIAN_POINT ( 'NONE',  ( 282.7886400257809800, 138.5388793103450100, -437.4932313287340000 ) ) ;
#957 =( GEOMETRIC_REPRESENTATION_CONTEXT ( 3 ) GLOBAL_UNCERTAINTY_ASSIGNED_CONTEXT ( ( #2244 ) ) GLOBAL_UNIT_ASSIGNED_CONTEXT ( ( #1795, #390, #1607 ) ) REPRESENTATION_CONTEXT ( 'NONE', 'WORKASPACE' ) );
#958 = CARTESIAN_POINT ( 'NONE',  ( 283.3386400257810500, 138.3413793103449900, -437.6632313287340100 ) ) ;
#959 = ORIENTED_EDGE ( 'NONE', *, *, #2258, .T. ) ;
#960 = EDGE_LOOP ( 'NONE', ( #2453, #2234, #1987, #1515 ) ) ;
#961 = EDGE_CURVE ( 'NONE', #1869, #1304, #1747, .T. ) ;
#962 = LINE ( 'NONE', #381, #2084 ) ;
#963 = ORIENTED_EDGE ( 'NONE', *, *, #2048, .T. ) ;
#964 = FACE_OUTER_BOUND ( 'NONE', #1763, .T. ) ;
#965 = STYLED_ITEM ( 'NONE', ( #1089 ), #71 ) ;
#966 = DIRECTION ( 'NONE',  ( -1.000000000000000000, 0.0000000000000000000, 0.0000000000000000000 ) ) ;
#967 = VECTOR ( 'NONE', #989, 1000.000000000000000 ) ;
#968 = DIRECTION ( 'NONE',  ( 1.000000000000000000, 0.0000000000000000000, 0.0000000000000000000 ) ) ;
#969 = CARTESIAN_POINT ( 'NONE',  ( 282.7886400257809800, 138.5388793103450100, -437.5832313287339700 ) ) ;
#970 = LINE ( 'NONE', #2548, #432 ) ;
#971 = ADVANCED_FACE ( 'NONE', ( #154 ), #1734, .T. ) ;
#972 = AXIS2_PLACEMENT_3D ( 'NONE', #214, #1851, #2641 ) ;
#973 = EDGE_LOOP ( 'NONE', ( #1928, #359, #2217, #963, #2262, #897, #1968, #1603 ) ) ;
#974 = PLANE ( 'NONE',  #13 ) ;
#975 = CARTESIAN_POINT ( 'NONE',  ( 283.3386400257810500, 138.3413793103449900, -437.6332313287339800 ) ) ;
#976 = DIRECTION ( 'NONE',  ( 0.0000000000000000000, -0.0000000000000000000, 1.000000000000000000 ) ) ;
#977 = VERTEX_POINT ( 'NONE', #719 ) ;
#978 = EDGE_CURVE ( 'NONE', #2178, #505, #1210, .T. ) ;
#979 = EDGE_CURVE ( 'NONE', #1439, #2145, #1310, .T. ) ;
#980 = VECTOR ( 'NONE', #619, 1000.000000000000000 ) ;
#981 = DIRECTION ( 'NONE',  ( 0.0000000000000000000, 0.0000000000000000000, 1.000000000000000000 ) ) ;
#982 = ORIENTED_EDGE ( 'NONE', *, *, #2467, .T. ) ;
#983 = FACE_OUTER_BOUND ( 'NONE', #96, .T. ) ;
#984 = CARTESIAN_POINT ( 'NONE',  ( 282.7386400257810200, 138.6663793103450100, -437.6632313287340100 ) ) ;
#985 = SURFACE_STYLE_FILL_AREA ( #487 ) ;
#986 = CARTESIAN_POINT ( 'NONE',  ( 283.1386400257810000, 138.6913793103450100, -437.6332313287339800 ) ) ;
#987 = VERTEX_POINT ( 'NONE', #1159 ) ;
#988 = ORIENTED_EDGE ( 'NONE', *, *, #2130, .F. ) ;
#989 = DIRECTION ( 'NONE',  ( 1.000000000000000000, 0.0000000000000000000, 0.0000000000000000000 ) ) ;
#990 = VECTOR ( 'NONE', #1525, 1000.000000000000000 ) ;
#991 = VERTEX_POINT ( 'NONE', #110 ) ;
#992 = CARTESIAN_POINT ( 'NONE',  ( 283.3049255457809700, 138.6923793103450200, -437.5132313287339800 ) ) ;
#993 = CARTESIAN_POINT ( 'NONE',  ( 283.3386400257810500, 138.6913793103450100, -437.6632313287340100 ) ) ;
#994 = CARTESIAN_POINT ( 'NONE',  ( 283.1136400257810200, 138.6663793103450100, -437.6332313287339800 ) ) ;
#995 = FILL_AREA_STYLE ('',( #2214 ) ) ;
#996 = ADVANCED_FACE ( 'NONE', ( #1664 ), #1551, .T. ) ;
#997 = EDGE_CURVE ( 'NONE', #1020, #1846, #2085, .T. ) ;
#998 = VECTOR ( 'NONE', #1830, 1000.000000000000000 ) ;
#999 = DIRECTION ( 'NONE',  ( -1.000000000000000000, -0.0000000000000000000, 0.0000000000000000000 ) ) ;
#1000 = ORIENTED_EDGE ( 'NONE', *, *, #482, .T. ) ;
#1001 = VECTOR ( 'NONE', #662, 1000.000000000000000 ) ;
#1002 = DIRECTION ( 'NONE',  ( 0.0000000000000000000, 0.0000000000000000000, 1.000000000000000000 ) ) ;
#1003 = PLANE ( 'NONE',  #1543 ) ;
#1004 = CARTESIAN_POINT ( 'NONE',  ( 283.3386400257810500, 138.3413793103449900, -437.6332313287339800 ) ) ;
#1005 = DIRECTION ( 'NONE',  ( 1.000000000000000000, 0.0000000000000000000, 0.0000000000000000000 ) ) ;
#1006 = VERTEX_POINT ( 'NONE', #316 ) ;
#1007 = DIRECTION ( 'NONE',  ( 0.0000000000000000000, 0.0000000000000000000, -1.000000000000000000 ) ) ;
#1008 = ORIENTED_EDGE ( 'NONE', *, *, #758, .T. ) ;
#1009 = DIRECTION ( 'NONE',  ( -0.0000000000000000000, 1.000000000000000000, 0.0000000000000000000 ) ) ;
#1010 = VERTEX_POINT ( 'NONE', #331 ) ;
#1011 = DIRECTION ( 'NONE',  ( -1.000000000000000000, 0.0000000000000000000, 0.0000000000000000000 ) ) ;
#1012 = DIRECTION ( 'NONE',  ( 1.000000000000000000, 0.0000000000000000000, 0.0000000000000000000 ) ) ;
#1013 = EDGE_CURVE ( 'NONE', #1006, #2330, #1940, .T. ) ;
#1014 = DIRECTION ( 'NONE',  ( 1.000000000000000000, 0.0000000000000000000, -0.0000000000000000000 ) ) ;
#1015 = CARTESIAN_POINT ( 'NONE',  ( 283.1386400257810000, 138.6913793103450100, -437.6332313287339800 ) ) ;
#1016 = CARTESIAN_POINT ( 'NONE',  ( 282.7886400257809800, 138.5413793103450100, -437.6332313287339800 ) ) ;
#1017 = PRESENTATION_LAYER_ASSIGNMENT (  '', '', ( #57 ) ) ;
#1018 = VECTOR ( 'NONE', #843, 1000.000000000000000 ) ;
#1019 = CARTESIAN_POINT ( 'NONE',  ( 283.1123900257810000, 138.6938793103450100, -437.4932313287340000 ) ) ;
#1020 = VERTEX_POINT ( 'NONE', #1545 ) ;
#1021 = VERTEX_POINT ( 'NONE', #106 ) ;
#1022 = PLANE ( 'NONE',  #160 ) ;
#1023 = ORIENTED_EDGE ( 'NONE', *, *, #756, .F. ) ;
#1024 = PLANE ( 'NONE',  #366 ) ;
#1025 = ORIENTED_EDGE ( 'NONE', *, *, #2630, .F. ) ;
#1026 = ORIENTED_EDGE ( 'NONE', *, *, #1577, .F. ) ;
#1027 = FILL_AREA_STYLE_COLOUR ( '', #330 ) ;
#1028 = FACE_OUTER_BOUND ( 'NONE', #2510, .T. ) ;
#1029 = DIRECTION ( 'NONE',  ( -0.0000000000000000000, 0.0000000000000000000, -1.000000000000000000 ) ) ;
#1030 = EDGE_LOOP ( 'NONE', ( #481, #2064, #1153, #955 ) ) ;
#1031 = LINE ( 'NONE', #354, #1 ) ;
#1032 = CARTESIAN_POINT ( 'NONE',  ( 283.3886400257810000, 138.5663793103450100, -437.6632313287340100 ) ) ;
#1033 = FILL_AREA_STYLE_COLOUR ( '', #2282 ) ;
#1034 = CARTESIAN_POINT ( 'NONE',  ( 282.7886400257809800, 138.5413793103450100, -437.6632313287340100 ) ) ;
#1035 = CARTESIAN_POINT ( 'NONE',  ( 283.1386400257810000, 138.2913793103450100, -437.6632313287340100 ) ) ;
#1036 = VECTOR ( 'NONE', #1586, 1000.000000000000000 ) ;
#1037 = EDGE_CURVE ( 'NONE', #618, #802, #876, .T. ) ;
#1038 = DIRECTION ( 'NONE',  ( 1.000000000000000000, 0.0000000000000000000, 0.0000000000000000000 ) ) ;
#1039 = FACE_OUTER_BOUND ( 'NONE', #1331, .T. ) ;
#1040 = STYLED_ITEM ( 'NONE', ( #1236 ), #658 ) ;
#1041 = ADVANCED_FACE ( 'NONE', ( #1148 ), #131, .T. ) ;
#1042 =( NAMED_UNIT ( * ) SI_UNIT ( $, .STERADIAN. ) SOLID_ANGLE_UNIT ( ) );
#1043 = ORIENTED_EDGE ( 'NONE', *, *, #2592, .T. ) ;
#1044 = CARTESIAN_POINT ( 'NONE',  ( 283.3886400257810000, 138.2913793103450100, -437.5832313287339700 ) ) ;
#1045 = CARTESIAN_POINT ( 'NONE',  ( 283.3386400257810500, 138.3413793103449900, -437.6632313287340100 ) ) ;
#1046 = DIRECTION ( 'NONE',  ( 0.0000000000000000000, -0.0000000000000000000, 1.000000000000000000 ) ) ;
#1047 = ORIENTED_EDGE ( 'NONE', *, *, #2094, .F. ) ;
#1048 = ORIENTED_EDGE ( 'NONE', *, *, #579, .F. ) ;
#1049 = AXIS2_PLACEMENT_3D ( 'NONE', #490, #1321, #2527 ) ;
#1050 = PLANE ( 'NONE',  #946 ) ;
#1051 = ORIENTED_EDGE ( 'NONE', *, *, #405, .F. ) ;
#1052 = LINE ( 'NONE', #1237, #1301 ) ;
#1053 = EDGE_CURVE ( 'NONE', #1560, #299, #1394, .T. ) ;
#1054 = CARTESIAN_POINT ( 'NONE',  ( 283.1386400257810000, 138.8913793103450000, -437.6632313287340100 ) ) ;
#1055 = EDGE_CURVE ( 'NONE', #618, #977, #246, .T. ) ;
#1056 = VECTOR ( 'NONE', #699, 1000.000000000000000 ) ;
#1057 = CARTESIAN_POINT ( 'NONE',  ( 282.7886400257809800, 138.5388793103450100, -437.4932313287340000 ) ) ;
#1058 = CARTESIAN_POINT ( 'NONE',  ( 283.1529255457809900, 138.5403793103450300, -437.5132313287339800 ) ) ;
#1059 = ADVANCED_FACE ( 'NONE', ( #1491 ), #1562, .T. ) ;
#1060 = LINE ( 'NONE', #595, #1400 ) ;
#1061 = ORIENTED_EDGE ( 'NONE', *, *, #1930, .F. ) ;
#1062 = PRESENTATION_LAYER_ASSIGNMENT (  '', '', ( #2284 ) ) ;
#1063 = EDGE_CURVE ( 'NONE', #1659, #2068, #1761, .T. ) ;
#1064 = VERTEX_POINT ( 'NONE', #1004 ) ;
#1065 = VERTEX_POINT ( 'NONE', #1984 ) ;
#1066 = DIRECTION ( 'NONE',  ( 0.0000000000000000000, 0.0000000000000000000, -1.000000000000000000 ) ) ;
#1067 = CARTESIAN_POINT ( 'NONE',  ( 282.9886400257810200, 138.6913793103450100, -437.6632313287340100 ) ) ;
#1068 = FACE_OUTER_BOUND ( 'NONE', #596, .T. ) ;
#1069 = CARTESIAN_POINT ( 'NONE',  ( 282.7386400257810200, 138.9413793103450100, -437.5832313287339700 ) ) ;
#1070 = DIRECTION ( 'NONE',  ( -0.0000000000000000000, -1.000000000000000000, -0.0000000000000000000 ) ) ;
#1071 = ORIENTED_EDGE ( 'NONE', *, *, #2630, .T. ) ;
#1072 = CARTESIAN_POINT ( 'NONE',  ( 283.3386400257810500, 138.6913793103450100, -437.6632313287340100 ) ) ;
#1073 = LINE ( 'NONE', #744, #649 ) ;
#1074 = EDGE_LOOP ( 'NONE', ( #1401, #2571, #1912, #835 ) ) ;
#1075 = PLANE ( 'NONE',  #79 ) ;
#1076 = CARTESIAN_POINT ( 'NONE',  ( 282.7886400257809800, 138.6913793103450100, -437.6332313287339800 ) ) ;
#1077 = CARTESIAN_POINT ( 'NONE',  ( 283.1386400257810000, 138.6913793103450100, -437.6332313287339800 ) ) ;
#1078 = EDGE_CURVE ( 'NONE', #886, #1297, #1079, .T. ) ;
#1079 = LINE ( 'NONE', #309, #266 ) ;
#1080 = CARTESIAN_POINT ( 'NONE',  ( 282.7386400257810200, 138.6663793103450100, -437.6632313287340100 ) ) ;
#1081 = VERTEX_POINT ( 'NONE', #975 ) ;
#1082 = CARTESIAN_POINT ( 'NONE',  ( 282.9886400257810200, 138.6913793103450100, -437.6332313287339800 ) ) ;
#1083 = VERTEX_POINT ( 'NONE', #2401 ) ;
#1084 = CARTESIAN_POINT ( 'NONE',  ( 283.3886400257810000, 138.2913793103450100, -437.5832313287339700 ) ) ;
#1085 = DIRECTION ( 'NONE',  ( 1.000000000000000000, 0.0000000000000000000, -0.0000000000000000000 ) ) ;
#1086 = PRESENTATION_LAYER_ASSIGNMENT (  '', '', ( #1523 ) ) ;
#1087 = DIRECTION ( 'NONE',  ( -0.0000000000000000000, 1.000000000000000000, 0.0000000000000000000 ) ) ;
#1088 = VECTOR ( 'NONE', #1087, 1000.000000000000000 ) ;
#1089 = PRESENTATION_STYLE_ASSIGNMENT (( #1663 ) ) ;
#1090 = EDGE_CURVE ( 'NONE', #2189, #2211, #1132, .T. ) ;
#1091 = SURFACE_SIDE_STYLE ('',( #985 ) ) ;
#1092 = VERTEX_POINT ( 'NONE', #2000 ) ;
#1093 = DIRECTION ( 'NONE',  ( 0.0000000000000000000, -0.0000000000000000000, 1.000000000000000000 ) ) ;
#1094 = PLANE ( 'NONE',  #763 ) ;
#1095 = ORIENTED_EDGE ( 'NONE', *, *, #1510, .T. ) ;
#1096 = CARTESIAN_POINT ( 'NONE',  ( 283.3386400257810500, 138.6913793103450100, -437.6332313287339800 ) ) ;
#1097 = FACE_OUTER_BOUND ( 'NONE', #1566, .T. ) ;
#1098 = ORIENTED_EDGE ( 'NONE', *, *, #374, .F. ) ;
#1099 = VECTOR ( 'NONE', #448, 1000.000000000000000 ) ;
#1100 = VERTEX_POINT ( 'NONE', #1386 ) ;
#1101 = CARTESIAN_POINT ( 'NONE',  ( 283.3886400257810000, 138.6663793103450100, -437.6632313287340100 ) ) ;
#1102 = FACE_OUTER_BOUND ( 'NONE', #92, .T. ) ;
#1103 = CARTESIAN_POINT ( 'NONE',  ( 283.1386400257810000, 138.3413793103449900, -437.6332313287339800 ) ) ;
#1104 = FACE_OUTER_BOUND ( 'NONE', #458, .T. ) ;
#1105 = AXIS2_PLACEMENT_3D ( 'NONE', #2400, #1989, #1356 ) ;
#1106 = EDGE_CURVE ( 'NONE', #2387, #2358, #2150, .T. ) ;
#1107 = CARTESIAN_POINT ( 'NONE',  ( 283.1123900257810000, 138.5388793103450100, -437.4932313287340000 ) ) ;
#1108 = CARTESIAN_POINT ( 'NONE',  ( 283.1386400257810000, 138.3413793103449900, -437.6632313287340100 ) ) ;
#1109 = VERTEX_POINT ( 'NONE', #784 ) ;
#1110 = EDGE_CURVE ( 'NONE', #2169, #1081, #2620, .T. ) ;
#1111 = ORIENTED_EDGE ( 'NONE', *, *, #1183, .F. ) ;
#1112 = EDGE_LOOP ( 'NONE', ( #659, #712, #1962, #1956 ) ) ;
#1113 = FACE_OUTER_BOUND ( 'NONE', #764, .T. ) ;
#1114 = DIRECTION ( 'NONE',  ( -0.0000000000000000000, -0.0000000000000000000, -1.000000000000000000 ) ) ;
#1115 = AXIS2_PLACEMENT_3D ( 'NONE', #1771, #1949, #976 ) ;
#1116 = LINE ( 'NONE', #1429, #1175 ) ;
#1117 = PLANE ( 'NONE',  #1997 ) ;
#1118 = ORIENTED_EDGE ( 'NONE', *, *, #856, .F. ) ;
#1119 = ORIENTED_EDGE ( 'NONE', *, *, #1335, .F. ) ;
#1120 = CARTESIAN_POINT ( 'NONE',  ( 283.3386400257810500, 138.3413793103449900, -437.6632313287340100 ) ) ;
#1121 = EDGE_CURVE ( 'NONE', #1659, #886, #1292, .T. ) ;
#1122 = EDGE_CURVE ( 'NONE', #1867, #821, #1891, .T. ) ;
#1123 = PLANE ( 'NONE',  #1821 ) ;
#1124 = VERTEX_POINT ( 'NONE', #1190 ) ;
#1125 = VECTOR ( 'NONE', #2570, 1000.000000000000000 ) ;
#1126 = CARTESIAN_POINT ( 'NONE',  ( 283.3386400257810500, 138.6913793103450100, -437.6332313287339800 ) ) ;
#1127 = VECTOR ( 'NONE', #2316, 1000.000000000000000 ) ;
#1128 = VERTEX_POINT ( 'NONE', #2213 ) ;
#1129 = CARTESIAN_POINT ( 'NONE',  ( 282.7386400257810200, 138.5663793103450100, -437.6632313287340100 ) ) ;
#1130 = ORIENTED_EDGE ( 'NONE', *, *, #2048, .F. ) ;
#1131 = CARTESIAN_POINT ( 'NONE',  ( 283.1386400257810000, 138.5413793103450100, -437.6632313287340100 ) ) ;
#1132 = LINE ( 'NONE', #774, #1481 ) ;
#1133 = ADVANCED_FACE ( 'NONE', ( #857 ), #2011, .T. ) ;
#1134 = VERTEX_POINT ( 'NONE', #801 ) ;
#1135 = EDGE_CURVE ( 'NONE', #2531, #650, #2093, .T. ) ;
#1136 = CLOSED_SHELL ( 'NONE', ( #769, #1977, #2589, #1143, #1383, #305, #2452, #1369, #1666, #2441, #1437, #133, #2183, #616, #1327, #561, #30, #226, #1740, #2197, #143, #519, #1863, #2019, #2566, #2545, #1194, #743, #2172, #920, #943, #1800, #317, #2054 ) ) ;
#1137 = CARTESIAN_POINT ( 'NONE',  ( 282.7386400257810200, 138.6663793103450100, -437.6332313287339800 ) ) ;
#1138 =( GEOMETRIC_REPRESENTATION_CONTEXT ( 3 ) GLOBAL_UNCERTAINTY_ASSIGNED_CONTEXT ( ( #538 ) ) GLOBAL_UNIT_ASSIGNED_CONTEXT ( ( #2037, #174, #1611 ) ) REPRESENTATION_CONTEXT ( 'NONE', 'WORKASPACE' ) );
#1139 = ORIENTED_EDGE ( 'NONE', *, *, #930, .T. ) ;
#1140 = SURFACE_STYLE_USAGE ( .BOTH. , #1738 ) ;
#1141 = DIRECTION ( 'NONE',  ( 0.0000000000000000000, 0.0000000000000000000, -1.000000000000000000 ) ) ;
#1142 = FACE_OUTER_BOUND ( 'NONE', #895, .T. ) ;
#1143 = ADVANCED_FACE ( 'NONE', ( #817 ), #2221, .T. ) ;
#1144 = CARTESIAN_POINT ( 'NONE',  ( 282.7386400257810200, 138.5663793103450100, -437.6332313287339800 ) ) ;
#1145 = LINE ( 'NONE', #1076, #1529 ) ;
#1146 = ORIENTED_EDGE ( 'NONE', *, *, #2610, .F. ) ;
#1147 = CARTESIAN_POINT ( 'NONE',  ( 282.7386400257810200, 138.9413793103450100, -437.5832313287339700 ) ) ;
#1148 = FACE_OUTER_BOUND ( 'NONE', #2038, .T. ) ;
#1149 = CARTESIAN_POINT ( 'NONE',  ( 283.1386400257810000, 138.5413793103450100, -437.6632313287340100 ) ) ;
#1150 = EDGE_CURVE ( 'NONE', #505, #587, #1418, .T. ) ;
#1151 = ORIENTED_EDGE ( 'NONE', *, *, #2411, .T. ) ;
#1152 = SURFACE_STYLE_FILL_AREA ( #2416 ) ;
#1153 = ORIENTED_EDGE ( 'NONE', *, *, #670, .F. ) ;
#1154 = EDGE_CURVE ( 'NONE', #1207, #467, #2246, .T. ) ;
#1155 = PLANE ( 'NONE',  #406 ) ;
#1156 = LINE ( 'NONE', #656, #1344 ) ;
#1157 = ORIENTED_EDGE ( 'NONE', *, *, #1865, .T. ) ;
#1158 = DIRECTION ( 'NONE',  ( 0.0000000000000000000, 0.0000000000000000000, 1.000000000000000000 ) ) ;
#1159 = CARTESIAN_POINT ( 'NONE',  ( 283.1386400257810000, 138.6913793103450100, -437.6332313287339800 ) ) ;
#1160 = LINE ( 'NONE', #1388, #2612 ) ;
#1161 = DIRECTION ( 'NONE',  ( 1.000000000000000000, -0.0000000000000000000, 0.0000000000000000000 ) ) ;
#1162 = ORIENTED_EDGE ( 'NONE', *, *, #2502, .T. ) ;
#1163 = VECTOR ( 'NONE', #148, 1000.000000000000000 ) ;
#1164 = AXIS2_PLACEMENT_3D ( 'NONE', #344, #2584, #1781 ) ;
#1165 = DIRECTION ( 'NONE',  ( 0.0000000000000000000, 0.0000000000000000000, -1.000000000000000000 ) ) ;
#1166 = PLANE ( 'NONE',  #41 ) ;
#1167 = ORIENTED_EDGE ( 'NONE', *, *, #419, .F. ) ;
#1168 = DIRECTION ( 'NONE',  ( 0.0000000000000000000, 1.000000000000000000, -0.0000000000000000000 ) ) ;
#1169 = ORIENTED_EDGE ( 'NONE', *, *, #224, .F. ) ;
#1170 = EDGE_CURVE ( 'NONE', #1297, #1592, #132, .T. ) ;
#1171 = ADVANCED_FACE ( 'NONE', ( #937 ), #139, .T. ) ;
#1172 = ORIENTED_EDGE ( 'NONE', *, *, #1760, .F. ) ;
#1173 = VECTOR ( 'NONE', #816, 1000.000000000000000 ) ;
#1174 = CARTESIAN_POINT ( 'NONE',  ( 283.3886400257810000, 138.5663793103450100, -437.6332313287339800 ) ) ;
#1175 = VECTOR ( 'NONE', #1623, 1000.000000000000000 ) ;
#1176 = VECTOR ( 'NONE', #1476, 1000.000000000000000 ) ;
#1177 = DIRECTION ( 'NONE',  ( -1.000000000000000000, 0.0000000000000000000, 0.0000000000000000000 ) ) ;
#1178 = VERTEX_POINT ( 'NONE', #1974 ) ;
#1179 = CARTESIAN_POINT ( 'NONE',  ( 283.3886400257810000, 138.2913793103450100, -437.4132313287340100 ) ) ;
#1180 = EDGE_LOOP ( 'NONE', ( #2564, #1908, #2521, #1308 ) ) ;
#1181 = CARTESIAN_POINT ( 'NONE',  ( 283.3386400257810500, 138.5413793103450100, -437.6332313287339800 ) ) ;
#1182 = ADVANCED_FACE ( 'NONE', ( #714 ), #2417, .T. ) ;
#1183 = EDGE_CURVE ( 'NONE', #398, #1064, #103, .T. ) ;
#1184 = LINE ( 'NONE', #2154, #644 ) ;
#1185 = ORIENTED_EDGE ( 'NONE', *, *, #357, .T. ) ;
#1186 = LINE ( 'NONE', #1147, #706 ) ;
#1187 = MECHANICAL_DESIGN_GEOMETRIC_PRESENTATION_REPRESENTATION (  '', ( #2284 ), #1220 ) ;
#1188 = CARTESIAN_POINT ( 'NONE',  ( 283.0136400257810000, 138.8913793207879900, -437.6332313287339800 ) ) ;
#1189 = CARTESIAN_POINT ( 'NONE',  ( 282.7386400257810200, 138.9413793103450100, -437.6632313287340100 ) ) ;
#1190 = CARTESIAN_POINT ( 'NONE',  ( 283.3049255457809700, 138.5403793103450300, -437.5832313287339700 ) ) ;
#1191 = PRESENTATION_STYLE_ASSIGNMENT (( #1484 ) ) ;
#1192 = LINE ( 'NONE', #1655, #230 ) ;
#1193 = PRODUCT_DEFINITION_SHAPE ( 'NONE', 'NONE',  #1550 ) ;
#1194 = ADVANCED_FACE ( 'NONE', ( #1826 ), #208, .T. ) ;
#1195 = ORIENTED_EDGE ( 'NONE', *, *, #1668, .T. ) ;
#1196 = CARTESIAN_POINT ( 'NONE',  ( 283.3886400257810000, 138.2913793103450100, -437.6632313287340100 ) ) ;
#1197 = CARTESIAN_POINT ( 'NONE',  ( 282.9886400257810200, 138.3413793103449900, -437.6332313287339800 ) ) ;
#1198 = ORIENTED_EDGE ( 'NONE', *, *, #150, .F. ) ;
#1199 = AXIS2_PLACEMENT_3D ( 'NONE', #1805, #585, #2013 ) ;
#1200 = FILL_AREA_STYLE ('',( #1594 ) ) ;
#1201 = LINE ( 'NONE', #1952, #404 ) ;
#1202 = CARTESIAN_POINT ( 'NONE',  ( 282.7886400257809800, 138.8913793103450000, -437.6332313287339800 ) ) ;
#1203 = VERTEX_POINT ( 'NONE', #2635 ) ;
#1204 = PLANE ( 'NONE',  #1657 ) ;
#1205 = ORIENTED_EDGE ( 'NONE', *, *, #2131, .F. ) ;
#1206 = DIRECTION ( 'NONE',  ( 0.0000000000000000000, -0.0000000000000000000, 1.000000000000000000 ) ) ;
#1207 = VERTEX_POINT ( 'NONE', #637 ) ;
#1208 = MANIFOLD_SOLID_BREP ( 'brep_6', #2410 ) ;
#1209 = CARTESIAN_POINT ( 'NONE',  ( 282.7886400257809800, 138.6913793103450100, -437.6332313287339800 ) ) ;
#1210 = LINE ( 'NONE', #1357, #805 ) ;
#1211 = ORIENTED_EDGE ( 'NONE', *, *, #277, .F. ) ;
#1212 = CARTESIAN_POINT ( 'NONE',  ( 283.3386400257810500, 138.3413793103449900, -437.6632313287340100 ) ) ;
#1213 = EDGE_CURVE ( 'NONE', #1065, #1092, #2180, .T. ) ;
#1214 = VECTOR ( 'NONE', #2207, 1000.000000000000000 ) ;
#1215 = PLANE ( 'NONE',  #1838 ) ;
#1216 = VERTEX_POINT ( 'NONE', #594 ) ;
#1217 = EDGE_CURVE ( 'NONE', #414, #2185, #2338, .T. ) ;
#1218 = VECTOR ( 'NONE', #942, 1000.000000000000000 ) ;
#1219 = SURFACE_STYLE_USAGE ( .BOTH. , #2216 ) ;
#1220 =( GEOMETRIC_REPRESENTATION_CONTEXT ( 3 ) GLOBAL_UNCERTAINTY_ASSIGNED_CONTEXT ( ( #172 ) ) GLOBAL_UNIT_ASSIGNED_CONTEXT ( ( #642, #450, #2283 ) ) REPRESENTATION_CONTEXT ( 'NONE', 'WORKASPACE' ) );
#1221 = PRESENTATION_STYLE_ASSIGNMENT (( #1228 ) ) ;
#1222 = ADVANCED_FACE ( 'NONE', ( #1320 ), #436, .T. ) ;
#1223 = DIRECTION ( 'NONE',  ( -0.0000000000000000000, 1.000000000000000000, 0.0000000000000000000 ) ) ;
#1224 = DIRECTION ( 'NONE',  ( 0.0000000000000000000, -1.000000000000000000, 0.0000000000000000000 ) ) ;
#1225 = ORIENTED_EDGE ( 'NONE', *, *, #2116, .T. ) ;
#1226 = DIRECTION ( 'NONE',  ( 0.0000000000000000000, -1.000000000000000000, -0.0000000000000000000 ) ) ;
#1227 = VERTEX_POINT ( 'NONE', #1244 ) ;
#1228 = SURFACE_STYLE_USAGE ( .BOTH. , #1633 ) ;
#1229 =( GEOMETRIC_REPRESENTATION_CONTEXT ( 3 ) GLOBAL_UNCERTAINTY_ASSIGNED_CONTEXT ( ( #2046 ) ) GLOBAL_UNIT_ASSIGNED_CONTEXT ( ( #1430, #2242, #2010 ) ) REPRESENTATION_CONTEXT ( 'NONE', 'WORKASPACE' ) );
#1230 = DIRECTION ( 'NONE',  ( 0.0000000000000000000, -1.000000000000000000, 0.0000000000000000000 ) ) ;
#1231 = ORIENTED_EDGE ( 'NONE', *, *, #1078, .T. ) ;
#1232 = EDGE_CURVE ( 'NONE', #2330, #837, #1641, .T. ) ;
#1233 = FILL_AREA_STYLE ('',( #1033 ) ) ;
#1234 = CARTESIAN_POINT ( 'NONE',  ( 283.0136400257810000, 138.8913793207879900, -437.6332313287339800 ) ) ;
#1235 = SURFACE_SIDE_STYLE ('',( #2334 ) ) ;
#1236 = PRESENTATION_STYLE_ASSIGNMENT (( #1219 ) ) ;
#1237 = CARTESIAN_POINT ( 'NONE',  ( 283.1529255457809900, 138.5403793103450300, -437.5132313287339800 ) ) ;
#1238 = EDGE_CURVE ( 'NONE', #418, #1575, #2506, .T. ) ;
#1239 = FACE_OUTER_BOUND ( 'NONE', #1953, .T. ) ;
#1240 = VERTEX_POINT ( 'NONE', #401 ) ;
#1241 = CARTESIAN_POINT ( 'NONE',  ( 282.9873900257810000, 138.6938793103450100, -437.5832313287339700 ) ) ;
#1242 = LINE ( 'NONE', #2090, #1274 ) ;
#1243 = CARTESIAN_POINT ( 'NONE',  ( 283.3386400257810500, 138.8913793103450000, -437.6632313287340100 ) ) ;
#1244 = CARTESIAN_POINT ( 'NONE',  ( 282.7386400257810200, 138.5663793103450100, -437.6632313287340100 ) ) ;
#1245 = PLANE ( 'NONE',  #1612 ) ;
#1246 = ORIENTED_EDGE ( 'NONE', *, *, #1238, .T. ) ;
#1247 = DIRECTION ( 'NONE',  ( -1.000000000000000000, -0.0000000000000000000, -0.0000000000000000000 ) ) ;
#1248 = PRESENTATION_STYLE_ASSIGNMENT (( #2249 ) ) ;
#1249 = ORIENTED_EDGE ( 'NONE', *, *, #657, .F. ) ;
#1250 = AXIS2_PLACEMENT_3D ( 'NONE', #2440, #1224, #1396 ) ;
#1251 = VECTOR ( 'NONE', #66, 1000.000000000000000 ) ;
#1252 = LINE ( 'NONE', #685, #312 ) ;
#1253 = VERTEX_POINT ( 'NONE', #191 ) ;
#1254 = FACE_OUTER_BOUND ( 'NONE', #256, .T. ) ;
#1255 = CARTESIAN_POINT ( 'NONE',  ( 282.9886400257810200, 138.6913793103450100, -437.6632313287340100 ) ) ;
#1256 = DIRECTION ( 'NONE',  ( 0.0000000000000000000, 1.000000000000000000, -0.0000000000000000000 ) ) ;
#1257 = DIRECTION ( 'NONE',  ( -0.0000000000000000000, 1.000000000000000000, 0.0000000000000000000 ) ) ;
#1258 = FACE_OUTER_BOUND ( 'NONE', #2385, .T. ) ;
#1259 = EDGE_CURVE ( 'NONE', #2540, #1610, #1192, .T. ) ;
#1260 = DIRECTION ( 'NONE',  ( 0.0000000000000000000, 0.0000000000000000000, 1.000000000000000000 ) ) ;
#1261 = LINE ( 'NONE', #179, #1675 ) ;
#1262 = ORIENTED_EDGE ( 'NONE', *, *, #2220, .T. ) ;
#1263 = CARTESIAN_POINT ( 'NONE',  ( 283.1529255457809900, 138.6923793103450200, -437.5832313287339700 ) ) ;
#1264 = DIRECTION ( 'NONE',  ( -1.000000000000000000, 0.0000000000000000000, -0.0000000000000000000 ) ) ;
#1265 = DIRECTION ( 'NONE',  ( -0.0000000000000000000, 1.000000000000000000, 0.0000000000000000000 ) ) ;
#1266 = EDGE_LOOP ( 'NONE', ( #2304, #1000, #1758, #1371 ) ) ;
#1267 = DIRECTION ( 'NONE',  ( 0.0000000000000000000, 0.0000000000000000000, 1.000000000000000000 ) ) ;
#1268 = CARTESIAN_POINT ( 'NONE',  ( 283.3386400257810500, 138.5413793103450100, -437.6632313287340100 ) ) ;
#1269 = EDGE_CURVE ( 'NONE', #221, #837, #2560, .T. ) ;
#1270 = FACE_OUTER_BOUND ( 'NONE', #2496, .T. ) ;
#1271 = CARTESIAN_POINT ( 'NONE',  ( 282.7386400257810200, 138.9413793103450100, -437.5832313287339700 ) ) ;
#1272 = DIRECTION ( 'NONE',  ( 0.0000000000000000000, -1.000000000000000000, -0.0000000000000000000 ) ) ;
#1273 = DIRECTION ( 'NONE',  ( 1.000000000000000000, 0.0000000000000000000, 0.0000000000000000000 ) ) ;
#1274 = VECTOR ( 'NONE', #626, 1000.000000000000000 ) ;
#1275 = CARTESIAN_POINT ( 'NONE',  ( 282.7886400257809800, 138.3413793103449900, -437.6332313287339800 ) ) ;
#1276 = ORIENTED_EDGE ( 'NONE', *, *, #113, .F. ) ;
#1277 = LINE ( 'NONE', #1599, #115 ) ;
#1278 = EDGE_LOOP ( 'NONE', ( #395, #2461, #2227, #310 ) ) ;
#1279 = VECTOR ( 'NONE', #2565, 1000.000000000000000 ) ;
#1280 = CARTESIAN_POINT ( 'NONE',  ( 283.1529255457809900, 138.5403793103450300, -437.5132313287339800 ) ) ;
#1281 = LINE ( 'NONE', #2310, #287 ) ;
#1282 = DIRECTION ( 'NONE',  ( -0.0000000000000000000, 0.0000000000000000000, -1.000000000000000000 ) ) ;
#1283 = ORIENTED_EDGE ( 'NONE', *, *, #391, .T. ) ;
#1284 = VECTOR ( 'NONE', #1070, 1000.000000000000000 ) ;
#1285 = DIRECTION ( 'NONE',  ( 0.0000000000000000000, 0.0000000000000000000, -1.000000000000000000 ) ) ;
#1286 = ORIENTED_EDGE ( 'NONE', *, *, #2546, .F. ) ;
#1287 = VECTOR ( 'NONE', #1168, 1000.000000000000000 ) ;
#1288 = EDGE_CURVE ( 'NONE', #2553, #1065, #882, .T. ) ;
#1289 = PLANE ( 'NONE',  #1919 ) ;
#1290 = CARTESIAN_POINT ( 'NONE',  ( 282.9886400257810200, 138.8913793103450000, -437.6632313287340100 ) ) ;
#1291 = MECHANICAL_DESIGN_GEOMETRIC_PRESENTATION_REPRESENTATION (  '', ( #57 ), #1426 ) ;
#1292 = LINE ( 'NONE', #567, #43 ) ;
#1293 = ORIENTED_EDGE ( 'NONE', *, *, #1958, .T. ) ;
#1294 = ORIENTED_EDGE ( 'NONE', *, *, #2590, .F. ) ;
#1295 = CARTESIAN_POINT ( 'NONE',  ( 283.3386400257810500, 138.3413793103449900, -437.6632313287340100 ) ) ;
#1296 = CARTESIAN_POINT ( 'NONE',  ( 282.9886400257810200, 138.5413793103450100, -437.6632313287340100 ) ) ;
#1297 = VERTEX_POINT ( 'NONE', #604 ) ;
#1298 = AXIS2_PLACEMENT_3D ( 'NONE', #1015, #384, #1807 ) ;
#1299 = ORIENTED_EDGE ( 'NONE', *, *, #2300, .T. ) ;
#1300 = CARTESIAN_POINT ( 'NONE',  ( 283.1386400257810000, 138.3413793103449900, -437.6332313287339800 ) ) ;
#1301 = VECTOR ( 'NONE', #1226, 1000.000000000000000 ) ;
#1302 = LINE ( 'NONE', #2088, #2324 ) ;
#1303 = EDGE_CURVE ( 'NONE', #1563, #1909, #1735, .T. ) ;
#1304 = VERTEX_POINT ( 'NONE', #2439 ) ;
#1305 = ORIENTED_EDGE ( 'NONE', *, *, #868, .T. ) ;
#1306 = DIRECTION ( 'NONE',  ( 0.0000000000000000000, 0.0000000000000000000, -1.000000000000000000 ) ) ;
#1307 = ORIENTED_EDGE ( 'NONE', *, *, #1150, .T. ) ;
#1308 = ORIENTED_EDGE ( 'NONE', *, *, #1303, .T. ) ;
#1309 = VECTOR ( 'NONE', #2031, 1000.000000000000000 ) ;
#1310 = LINE ( 'NONE', #1348, #2332 ) ;
#1311 = ORIENTED_EDGE ( 'NONE', *, *, #2473, .T. ) ;
#1312 = DIRECTION ( 'NONE',  ( 0.0000000000000000000, -1.000000000000000000, 0.0000000000000000000 ) ) ;
#1313 = MECHANICAL_DESIGN_GEOMETRIC_PRESENTATION_REPRESENTATION (  '', ( #449 ), #1937 ) ;
#1314 = DIRECTION ( 'NONE',  ( -0.0000000000000000000, 1.000000000000000000, 0.0000000000000000000 ) ) ;
#1315 = LINE ( 'NONE', #633, #1477 ) ;
#1316 = DIRECTION ( 'NONE',  ( -0.0000000000000000000, 1.000000000000000000, 0.0000000000000000000 ) ) ;
#1317 = FACE_OUTER_BOUND ( 'NONE', #426, .T. ) ;
#1318 = VECTOR ( 'NONE', #2278, 1000.000000000000000 ) ;
#1319 = EDGE_CURVE ( 'NONE', #787, #1824, #1261, .T. ) ;
#1320 = FACE_OUTER_BOUND ( 'NONE', #72, .T. ) ;
#1321 = DIRECTION ( 'NONE',  ( -0.0000000000000000000, 1.000000000000000000, 0.0000000000000000000 ) ) ;
#1322 = EDGE_LOOP ( 'NONE', ( #45, #1262, #2247, #568 ) ) ;
#1323 = CARTESIAN_POINT ( 'NONE',  ( 283.3886400257810000, 138.2913793103450100, -437.6632313287340100 ) ) ;
#1324 = ORIENTED_EDGE ( 'NONE', *, *, #868, .F. ) ;
#1325 = MANIFOLD_SOLID_BREP ( '$', #1474 ) ;
#1326 = ORIENTED_EDGE ( 'NONE', *, *, #1013, .T. ) ;
#1327 = ADVANCED_FACE ( 'NONE', ( #2436 ), #1022, .T. ) ;
#1328 =( NAMED_UNIT ( * ) PLANE_ANGLE_UNIT ( ) SI_UNIT ( $, .RADIAN. ) );
#1329 = VECTOR ( 'NONE', #1314, 1000.000000000000000 ) ;
#1330 = DIRECTION ( 'NONE',  ( -0.0000000000000000000, -1.000000000000000000, 0.0000000000000000000 ) ) ;
#1331 = EDGE_LOOP ( 'NONE', ( #1246, #2347, #1766, #1620 ) ) ;
#1332 = LINE ( 'NONE', #1234, #1555 ) ;
#1333 = ORIENTED_EDGE ( 'NONE', *, *, #742, .F. ) ;
#1334 = ORIENTED_EDGE ( 'NONE', *, *, #1993, .T. ) ;
#1335 = EDGE_CURVE ( 'NONE', #2422, #2593, #2500, .T. ) ;
#1336 = CARTESIAN_POINT ( 'NONE',  ( 282.9873900257810000, 138.6938793103450100, -437.4932313287340000 ) ) ;
#1337 = ORIENTED_EDGE ( 'NONE', *, *, #2340, .F. ) ;
#1338 = CARTESIAN_POINT ( 'NONE',  ( 283.3886400257810000, 138.9413793103450100, -437.5832313287339700 ) ) ;
#1339 = LINE ( 'NONE', #1754, #2525 ) ;
#1340 = CARTESIAN_POINT ( 'NONE',  ( 282.9873900257810000, 138.5388793103450100, -437.5832313287339700 ) ) ;
#1341 = FACE_OUTER_BOUND ( 'NONE', #1372, .T. ) ;
#1342 = ORIENTED_EDGE ( 'NONE', *, *, #1629, .T. ) ;
#1343 = ADVANCED_FACE ( 'NONE', ( #2058 ), #1881, .T. ) ;
#1344 = VECTOR ( 'NONE', #1247, 1000.000000000000000 ) ;
#1345 = VECTOR ( 'NONE', #2188, 1000.000000000000000 ) ;
#1346 = DIRECTION ( 'NONE',  ( 0.0000000000000000000, -1.000000000000000000, -0.0000000000000000000 ) ) ;
#1347 = CARTESIAN_POINT ( 'NONE',  ( 282.7386400257810200, 138.2913793103450100, -437.6632313287340100 ) ) ;
#1348 = CARTESIAN_POINT ( 'NONE',  ( 283.1386400257810000, 138.8913793103450000, -437.6332313287339800 ) ) ;
#1349 = VECTOR ( 'NONE', #1796, 1000.000000000000000 ) ;
#1350 = ORIENTED_EDGE ( 'NONE', *, *, #2515, .F. ) ;
#1351 = EDGE_CURVE ( 'NONE', #296, #1178, #578, .T. ) ;
#1352 = EDGE_CURVE ( 'NONE', #2211, #1589, #1946, .T. ) ;
#1353 = ORIENTED_EDGE ( 'NONE', *, *, #2537, .T. ) ;
#1354 = ADVANCED_FACE ( 'NONE', ( #881 ), #1492, .T. ) ;
#1355 = PLANE ( 'NONE',  #2637 ) ;
#1356 = DIRECTION ( 'NONE',  ( 0.0000000000000000000, -0.0000000000000000000, 1.000000000000000000 ) ) ;
#1357 = CARTESIAN_POINT ( 'NONE',  ( 283.1386400257810000, 138.6913793103450100, -437.6332313287339800 ) ) ;
#1358 = DIRECTION ( 'NONE',  ( -1.000000000000000000, 0.0000000000000000000, -0.0000000000000000000 ) ) ;
#1359 = EDGE_LOOP ( 'NONE', ( #281, #982, #788, #1718 ) ) ;
#1360 = ORIENTED_EDGE ( 'NONE', *, *, #20, .T. ) ;
#1361 = LINE ( 'NONE', #873, #2191 ) ;
#1362 = AXIS2_PLACEMENT_3D ( 'NONE', #2594, #1011, #1621 ) ;
#1363 = CARTESIAN_POINT ( 'NONE',  ( 283.1136400257810200, 138.6663793103450100, -437.6632313287340100 ) ) ;
#1364 = LINE ( 'NONE', #1489, #173 ) ;
#1365 = CARTESIAN_POINT ( 'NONE',  ( 283.1136400257810200, 138.6663793103450100, -437.6632313287340100 ) ) ;
#1366 = EDGE_LOOP ( 'NONE', ( #2623, #1172, #2261, #1025 ) ) ;
#1367 = DIRECTION ( 'NONE',  ( 0.0000000000000000000, 0.0000000000000000000, -1.000000000000000000 ) ) ;
#1368 = CARTESIAN_POINT ( 'NONE',  ( 282.7386400257810200, 138.8913793207879900, -437.6332313287339800 ) ) ;
#1369 = ADVANCED_FACE ( 'NONE', ( #1540 ), #2105, .T. ) ;
#1370 = EDGE_CURVE ( 'NONE', #299, #418, #781, .T. ) ;
#1371 = ORIENTED_EDGE ( 'NONE', *, *, #114, .F. ) ;
#1372 = EDGE_LOOP ( 'NONE', ( #379, #925, #194, #2482 ) ) ;
#1373 = ORIENTED_EDGE ( 'NONE', *, *, #692, .T. ) ;
#1374 = PRESENTATION_LAYER_ASSIGNMENT (  '', '', ( #965 ) ) ;
#1375 = VECTOR ( 'NONE', #515, 1000.000000000000000 ) ;
#1376 = UNCERTAINTY_MEASURE_WITH_UNIT (LENGTH_MEASURE( 1.000000000000000100E-005 ), #2419, 'distance_accuracy_value', 'NONE');
#1377 = ORIENTED_EDGE ( 'NONE', *, *, #2610, .T. ) ;
#1378 = CARTESIAN_POINT ( 'NONE',  ( 282.7886400257809800, 138.8913793103450000, -437.6332313287339800 ) ) ;
#1379 = VECTOR ( 'NONE', #2163, 1000.000000000000000 ) ;
#1380 = CARTESIAN_POINT ( 'NONE',  ( 282.7386400257810200, 138.6663793103450100, -437.6632313287340100 ) ) ;
#1381 = LINE ( 'NONE', #582, #681 ) ;
#1382 = FACE_OUTER_BOUND ( 'NONE', #2526, .T. ) ;
#1383 = ADVANCED_FACE ( 'NONE', ( #1604 ), #2305, .T. ) ;
#1384 = DIRECTION ( 'NONE',  ( -0.0000000000000000000, -0.0000000000000000000, 1.000000000000000000 ) ) ;
#1385 = CARTESIAN_POINT ( 'NONE',  ( 282.7386400257810200, 138.9413793103450100, -437.6632313287340100 ) ) ;
#1386 = CARTESIAN_POINT ( 'NONE',  ( 283.3386400257810500, 138.6913793103450100, -437.6632313287340100 ) ) ;
#1387 = ORIENTED_EDGE ( 'NONE', *, *, #1554, .F. ) ;
#1388 = CARTESIAN_POINT ( 'NONE',  ( 282.7386400257810200, 138.8913793207879900, -437.6632313287340100 ) ) ;
#1389 = ORIENTED_EDGE ( 'NONE', *, *, #253, .F. ) ;
#1390 = EDGE_CURVE ( 'NONE', #1696, #1972, #318, .T. ) ;
#1391 = ORIENTED_EDGE ( 'NONE', *, *, #2277, .T. ) ;
#1392 = CARTESIAN_POINT ( 'NONE',  ( 283.3386400257810500, 138.3413793103449900, -437.6632313287340100 ) ) ;
#1393 = CARTESIAN_POINT ( 'NONE',  ( 283.1123900257810000, 138.5388793103450100, -437.5832313287339700 ) ) ;
#1394 = LINE ( 'NONE', #1755, #1850 ) ;
#1395 = DIRECTION ( 'NONE',  ( 0.0000000000000000000, -1.000000000000000000, 0.0000000000000000000 ) ) ;
#1396 = DIRECTION ( 'NONE',  ( 0.0000000000000000000, -0.0000000000000000000, -1.000000000000000000 ) ) ;
#1397 = ADVANCED_FACE ( 'NONE', ( #814 ), #26, .T. ) ;
#1398 = VECTOR ( 'NONE', #799, 1000.000000000000000 ) ;
#1399 = AXIS2_PLACEMENT_3D ( 'NONE', #1404, #1395, #553 ) ;
#1400 = VECTOR ( 'NONE', #2487, 1000.000000000000000 ) ;
#1401 = ORIENTED_EDGE ( 'NONE', *, *, #1757, .F. ) ;
#1402 = VERTEX_POINT ( 'NONE', #46 ) ;
#1403 = DIRECTION ( 'NONE',  ( 0.0000000000000000000, 0.0000000000000000000, 1.000000000000000000 ) ) ;
#1404 = CARTESIAN_POINT ( 'NONE',  ( 283.1386400257810000, 138.3413793103449900, -437.6332313287339800 ) ) ;
#1405 = DIRECTION ( 'NONE',  ( 1.000000000000000000, 0.0000000000000000000, 0.0000000000000000000 ) ) ;
#1406 = ORIENTED_EDGE ( 'NONE', *, *, #1370, .F. ) ;
#1407 = CARTESIAN_POINT ( 'NONE',  ( 282.9136400257810400, 138.5388793103450100, -437.5832313287339700 ) ) ;
#1408 = EDGE_CURVE ( 'NONE', #1497, #1518, #2402, .T. ) ;
#1409 = VECTOR ( 'NONE', #2572, 1000.000000000000000 ) ;
#1410 = ORIENTED_EDGE ( 'NONE', *, *, #978, .F. ) ;
#1411 = CARTESIAN_POINT ( 'NONE',  ( 282.9873900257810000, 138.5388793103450100, -437.5832313287339700 ) ) ;
#1412 = LINE ( 'NONE', #2062, #254 ) ;
#1413 = ADVANCED_FACE ( 'NONE', ( #549 ), #1475, .T. ) ;
#1414 = VECTOR ( 'NONE', #158, 1000.000000000000000 ) ;
#1415 = DIRECTION ( 'NONE',  ( 0.0000000000000000000, -0.0000000000000000000, 1.000000000000000000 ) ) ;
#1416 = CARTESIAN_POINT ( 'NONE',  ( 282.7886400257809800, 138.5413793103450100, -437.6632313287340100 ) ) ;
#1417 = CARTESIAN_POINT ( 'NONE',  ( 282.9886400257810200, 138.3413793103449900, -437.6632313287340100 ) ) ;
#1418 = LINE ( 'NONE', #986, #1163 ) ;
#1419 = CARTESIAN_POINT ( 'NONE',  ( 283.3386400257810500, 138.3413793103449900, -437.6632313287340100 ) ) ;
#1420 = AXIS2_PLACEMENT_3D ( 'NONE', #584, #1624, #2634 ) ;
#1421 = VERTEX_POINT ( 'NONE', #236 ) ;
#1422 = EDGE_CURVE ( 'NONE', #1518, #1696, #7, .T. ) ;
#1423 = CARTESIAN_POINT ( 'NONE',  ( 283.3886400257810000, 138.2913793103450100, -437.5832313287339700 ) ) ;
#1424 = ORIENTED_EDGE ( 'NONE', *, *, #1958, .F. ) ;
#1425 = ADVANCED_FACE ( 'NONE', ( #1039 ), #1682, .T. ) ;
#1426 =( GEOMETRIC_REPRESENTATION_CONTEXT ( 3 ) GLOBAL_UNCERTAINTY_ASSIGNED_CONTEXT ( ( #2522 ) ) GLOBAL_UNIT_ASSIGNED_CONTEXT ( ( #2528, #1722, #912 ) ) REPRESENTATION_CONTEXT ( 'NONE', 'WORKASPACE' ) );
#1427 = DIRECTION ( 'NONE',  ( -0.0000000000000000000, -0.0000000000000000000, -1.000000000000000000 ) ) ;
#1428 = VECTOR ( 'NONE', #40, 1000.000000000000000 ) ;
#1429 = CARTESIAN_POINT ( 'NONE',  ( 283.3386400257810500, 138.5413793103450100, -437.6632313287340100 ) ) ;
#1430 =( LENGTH_UNIT ( ) NAMED_UNIT ( * ) SI_UNIT ( .MILLI., .METRE. ) );
#1431 = FACE_BOUND ( 'NONE', #2047, .T. ) ;
#1432 =( LENGTH_UNIT ( ) NAMED_UNIT ( * ) SI_UNIT ( .MILLI., .METRE. ) );
#1433 = DIRECTION ( 'NONE',  ( 1.000000000000000000, -0.0000000000000000000, 0.0000000000000000000 ) ) ;
#1434 = VERTEX_POINT ( 'NONE', #1673 ) ;
#1435 = CARTESIAN_POINT ( 'NONE',  ( 282.7886400257809800, 138.6938793103450100, -437.4932313287340000 ) ) ;
#1436 = ORIENTED_EDGE ( 'NONE', *, *, #2116, .F. ) ;
#1437 = ADVANCED_FACE ( 'NONE', ( #2535 ), #297, .T. ) ;
#1438 = DIRECTION ( 'NONE',  ( -0.0000000000000000000, 1.000000000000000000, 0.0000000000000000000 ) ) ;
#1439 = VERTEX_POINT ( 'NONE', #2123 ) ;
#1440 = ORIENTED_EDGE ( 'NONE', *, *, #1644, .F. ) ;
#1441 = CARTESIAN_POINT ( 'NONE',  ( 283.3886400257810000, 138.2913793103450100, -437.4132313287340100 ) ) ;
#1442 = SURFACE_SIDE_STYLE ('',( #747 ) ) ;
#1443 = LINE ( 'NONE', #56, #1914 ) ;
#1444 = DIRECTION ( 'NONE',  ( -0.0000000000000000000, 1.000000000000000000, 0.0000000000000000000 ) ) ;
#1445 = VERTEX_POINT ( 'NONE', #2151 ) ;
#1446 = EDGE_CURVE ( 'NONE', #1100, #1530, #162, .T. ) ;
#1447 = FACE_OUTER_BOUND ( 'NONE', #623, .T. ) ;
#1448 = ADVANCED_BREP_SHAPE_REPRESENTATION ( 'APGF0607', ( #1325, #658, #2275, #71, #1880, #776, #2386, #206, #1208, #2192, #1420 ), #957 ) ;
#1449 = VERTEX_POINT ( 'NONE', #924 ) ;
#1450 = VECTOR ( 'NONE', #820, 1000.000000000000000 ) ;
#1451 = CARTESIAN_POINT ( 'NONE',  ( 283.1386400257810000, 138.5413793103450100, -437.6632313287340100 ) ) ;
#1452 = DIRECTION ( 'NONE',  ( 1.000000000000000000, 0.0000000000000000000, 0.0000000000000000000 ) ) ;
#1453 = LINE ( 'NONE', #1295, #1672 ) ;
#1454 = CARTESIAN_POINT ( 'NONE',  ( 283.3386400257810500, 138.3413793103449900, -437.6332313287339800 ) ) ;
#1455 = ORIENTED_EDGE ( 'NONE', *, *, #1541, .F. ) ;
#1456 = DIRECTION ( 'NONE',  ( 1.000000000000000000, 0.0000000000000000000, -0.0000000000000000000 ) ) ;
#1457 = ORIENTED_EDGE ( 'NONE', *, *, #1944, .F. ) ;
#1458 = DIRECTION ( 'NONE',  ( 1.000000000000000000, -0.0000000000000000000, 0.0000000000000000000 ) ) ;
#1459 = EDGE_CURVE ( 'NONE', #296, #2189, #1981, .T. ) ;
#1460 =( LENGTH_UNIT ( ) NAMED_UNIT ( * ) SI_UNIT ( .MILLI., .METRE. ) );
#1461 = CARTESIAN_POINT ( 'NONE',  ( 282.9873900257810000, 138.5388793103450100, -437.4932313287340000 ) ) ;
#1462 = CARTESIAN_POINT ( 'NONE',  ( 283.3049255457809700, 138.6923793103450200, -437.5832313287339700 ) ) ;
#1463 = AXIS2_PLACEMENT_3D ( 'NONE', #1507, #472, #1306 ) ;
#1464 = LINE ( 'NONE', #1705, #2384 ) ;
#1465 = VECTOR ( 'NONE', #2494, 1000.000000000000000 ) ;
#1466 = DIRECTION ( 'NONE',  ( -1.000000000000000000, 0.0000000000000000000, 0.0000000000000000000 ) ) ;
#1467 =( NAMED_UNIT ( * ) PLANE_ANGLE_UNIT ( ) SI_UNIT ( $, .RADIAN. ) );
#1468 = ORIENTED_EDGE ( 'NONE', *, *, #671, .T. ) ;
#1469 = CARTESIAN_POINT ( 'NONE',  ( 283.1529255457809900, 138.5403793103450300, -437.5832313287339700 ) ) ;
#1470 = ORIENTED_EDGE ( 'NONE', *, *, #1625, .T. ) ;
#1471 = CARTESIAN_POINT ( 'NONE',  ( 282.7386400257810200, 138.6663793103450100, -437.6332313287339800 ) ) ;
#1472 = VECTOR ( 'NONE', #351, 1000.000000000000000 ) ;
#1473 = VECTOR ( 'NONE', #2514, 1000.000000000000000 ) ;
#1474 = CLOSED_SHELL ( 'NONE', ( #931, #996, #715, #1171, #403, #1583, #1730, #1553, #1222, #1951 ) ) ;
#1475 = PLANE ( 'NONE',  #717 ) ;
#1476 = DIRECTION ( 'NONE',  ( -0.0000000000000000000, -1.000000000000000000, 0.0000000000000000000 ) ) ;
#1477 = VECTOR ( 'NONE', #196, 1000.000000000000000 ) ;
#1478 = MECHANICAL_DESIGN_GEOMETRIC_PRESENTATION_REPRESENTATION (  '', ( #965 ), #1557 ) ;
#1479 = DIRECTION ( 'NONE',  ( -1.000000000000000000, 0.0000000000000000000, 0.0000000000000000000 ) ) ;
#1480 = LINE ( 'NONE', #1548, #935 ) ;
#1481 = VECTOR ( 'NONE', #382, 1000.000000000000000 ) ;
#1482 = ORIENTED_EDGE ( 'NONE', *, *, #688, .F. ) ;
#1483 = PLANE ( 'NONE',  #2508 ) ;
#1484 = SURFACE_STYLE_USAGE ( .BOTH. , #8 ) ;
#1485 = DIRECTION ( 'NONE',  ( 0.0000000000000000000, -1.000000000000000000, -0.0000000000000000000 ) ) ;
#1486 = PLANE ( 'NONE',  #329 ) ;
#1487 = EDGE_LOOP ( 'NONE', ( #2270, #60, #2504, #231 ) ) ;
#1488 = ORIENTED_EDGE ( 'NONE', *, *, #405, .T. ) ;
#1489 = CARTESIAN_POINT ( 'NONE',  ( 282.7386400257810200, 138.5413793103450100, -437.6632313287340100 ) ) ;
#1490 = EDGE_CURVE ( 'NONE', #430, #1020, #2336, .T. ) ;
#1491 = FACE_OUTER_BOUND ( 'NONE', #1030, .T. ) ;
#1492 = PLANE ( 'NONE',  #347 ) ;
#1493 = DIRECTION ( 'NONE',  ( -0.0000000000000000000, -0.0000000000000000000, 1.000000000000000000 ) ) ;
#1494 = LINE ( 'NONE', #2430, #207 ) ;
#1495 = CARTESIAN_POINT ( 'NONE',  ( 282.7886400257809800, 138.5413793103450100, -437.6332313287339800 ) ) ;
#1496 = AXIS2_PLACEMENT_3D ( 'NONE', #232, #1479, #1260 ) ;
#1497 = VERTEX_POINT ( 'NONE', #1936 ) ;
#1498 = ORIENTED_EDGE ( 'NONE', *, *, #1942, .T. ) ;
#1499 = ORIENTED_EDGE ( 'NONE', *, *, #1217, .F. ) ;
#1500 = CARTESIAN_POINT ( 'NONE',  ( 283.3886400257810000, 138.2913793103450100, -437.6632313287340100 ) ) ;
#1501 = VECTOR ( 'NONE', #1403, 1000.000000000000000 ) ;
#1502 = AXIS2_PLACEMENT_3D ( 'NONE', #797, #399, #600 ) ;
#1503 = CARTESIAN_POINT ( 'NONE',  ( 282.7386400257810200, 138.6663793103450100, -437.6632313287340100 ) ) ;
#1504 = ORIENTED_EDGE ( 'NONE', *, *, #2327, .F. ) ;
#1505 = ORIENTED_EDGE ( 'NONE', *, *, #1110, .T. ) ;
#1506 = FACE_OUTER_BOUND ( 'NONE', #295, .T. ) ;
#1507 = CARTESIAN_POINT ( 'NONE',  ( 283.1123900257810000, 138.5388793103450100, -437.5832313287339700 ) ) ;
#1508 = ORIENTED_EDGE ( 'NONE', *, *, #563, .F. ) ;
#1509 = LINE ( 'NONE', #746, #879 ) ;
#1510 = EDGE_CURVE ( 'NONE', #624, #1712, #970, .T. ) ;
#1511 = ORIENTED_EDGE ( 'NONE', *, *, #356, .F. ) ;
#1512 = LINE ( 'NONE', #590, #967 ) ;
#1513 = DIRECTION ( 'NONE',  ( 0.0000000000000000000, 0.0000000000000000000, -1.000000000000000000 ) ) ;
#1514 = CARTESIAN_POINT ( 'NONE',  ( 282.7386400257810200, 138.5663793103450100, -437.6632313287340100 ) ) ;
#1515 = ORIENTED_EDGE ( 'NONE', *, *, #617, .T. ) ;
#1516 = EDGE_CURVE ( 'NONE', #2001, #1813, #514, .T. ) ;
#1517 = CARTESIAN_POINT ( 'NONE',  ( 282.7386400257810200, 138.5663793103450100, -437.6632313287340100 ) ) ;
#1518 = VERTEX_POINT ( 'NONE', #1924 ) ;
#1519 = ORIENTED_EDGE ( 'NONE', *, *, #794, .T. ) ;
#1520 = CARTESIAN_POINT ( 'NONE',  ( 283.3386400257810500, 138.6913793103450100, -437.6632313287340100 ) ) ;
#1521 = CARTESIAN_POINT ( 'NONE',  ( 283.0136400257810000, 138.5663793103450100, -437.6632313287340100 ) ) ;
#1522 = ORIENTED_EDGE ( 'NONE', *, *, #1554, .T. ) ;
#1523 = STYLED_ITEM ( 'NONE', ( #1975 ), #2192 ) ;
#1524 = ORIENTED_EDGE ( 'NONE', *, *, #2515, .T. ) ;
#1525 = DIRECTION ( 'NONE',  ( -0.0000000000000000000, 0.0000000000000000000, 1.000000000000000000 ) ) ;
#1526 = VECTOR ( 'NONE', #2491, 1000.000000000000000 ) ;
#1527 = EDGE_CURVE ( 'NONE', #1497, #1227, #293, .T. ) ;
#1528 = DIRECTION ( 'NONE',  ( 0.0000000000000000000, -0.0000000000000000000, -1.000000000000000000 ) ) ;
#1529 = VECTOR ( 'NONE', #1272, 1000.000000000000000 ) ;
#1530 = VERTEX_POINT ( 'NONE', #89 ) ;
#1531 = DIRECTION ( 'NONE',  ( 0.0000000000000000000, 0.0000000000000000000, 1.000000000000000000 ) ) ;
#1532 = ADVANCED_FACE ( 'NONE', ( #2209 ), #1123, .T. ) ;
#1533 = VERTEX_POINT ( 'NONE', #2538 ) ;
#1534 = FACE_OUTER_BOUND ( 'NONE', #825, .T. ) ;
#1535 = LINE ( 'NONE', #78, #457 ) ;
#1536 = ORIENTED_EDGE ( 'NONE', *, *, #471, .F. ) ;
#1537 = PRESENTATION_STYLE_ASSIGNMENT (( #2070 ) ) ;
#1538 = CARTESIAN_POINT ( 'NONE',  ( 283.0136400257810000, 138.5663793103450100, -437.6332313287339800 ) ) ;
#1539 = LINE ( 'NONE', #1788, #1707 ) ;
#1540 = FACE_OUTER_BOUND ( 'NONE', #1925, .T. ) ;
#1541 = EDGE_CURVE ( 'NONE', #505, #2540, #2556, .T. ) ;
#1542 = ADVANCED_FACE ( 'NONE', ( #1862 ), #2137, .T. ) ;
#1543 = AXIS2_PLACEMENT_3D ( 'NONE', #198, #412, #1606 ) ;
#1544 = FILL_AREA_STYLE_COLOUR ( '', #2357 ) ;
#1545 = CARTESIAN_POINT ( 'NONE',  ( 282.7886400257809800, 138.8913793103450000, -437.6632313287340100 ) ) ;
#1546 = ORIENTED_EDGE ( 'NONE', *, *, #413, .T. ) ;
#1547 = ORIENTED_EDGE ( 'NONE', *, *, #1827, .T. ) ;
#1548 = CARTESIAN_POINT ( 'NONE',  ( 282.7386400257810200, 138.2913793103450100, -437.4132313287340100 ) ) ;
#1549 = FILL_AREA_STYLE ('',( #1544 ) ) ;
#1550 = PRODUCT_DEFINITION ( 'UNKNOWN', '', #1876, #2050 ) ;
#1551 = PLANE ( 'NONE',  #1686 ) ;
#1552 = DIRECTION ( 'NONE',  ( 1.000000000000000000, -0.0000000000000000000, 0.0000000000000000000 ) ) ;
#1553 = ADVANCED_FACE ( 'NONE', ( #1733 ), #1720, .T. ) ;
#1554 = EDGE_CURVE ( 'NONE', #343, #1216, #1453, .T. ) ;
#1555 = VECTOR ( 'NONE', #2061, 1000.000000000000000 ) ;
#1556 = ORIENTED_EDGE ( 'NONE', *, *, #1053, .T. ) ;
#1557 =( GEOMETRIC_REPRESENTATION_CONTEXT ( 3 ) GLOBAL_UNCERTAINTY_ASSIGNED_CONTEXT ( ( #335 ) ) GLOBAL_UNIT_ASSIGNED_CONTEXT ( ( #1460, #1467, #2045 ) ) REPRESENTATION_CONTEXT ( 'NONE', 'WORKASPACE' ) );
#1558 = CARTESIAN_POINT ( 'NONE',  ( 283.3049255457809700, 138.5403793103450300, -437.5832313287339700 ) ) ;
#1559 = DIRECTION ( 'NONE',  ( 0.0000000000000000000, 0.0000000000000000000, -1.000000000000000000 ) ) ;
#1560 = VERTEX_POINT ( 'NONE', #2342 ) ;
#1561 = DIRECTION ( 'NONE',  ( -0.0000000000000000000, 0.0000000000000000000, -1.000000000000000000 ) ) ;
#1562 = PLANE ( 'NONE',  #2345 ) ;
#1563 = VERTEX_POINT ( 'NONE', #76 ) ;
#1564 = ORIENTED_EDGE ( 'NONE', *, *, #2449, .T. ) ;
#1565 = VECTOR ( 'NONE', #2495, 1000.000000000000000 ) ;
#1566 = EDGE_LOOP ( 'NONE', ( #1061, #1353, #566, #1667 ) ) ;
#1567 = VECTOR ( 'NONE', #1797, 1000.000000000000000 ) ;
#1568 = ADVANCED_FACE ( 'NONE', ( #1382 ), #486, .T. ) ;
#1569 = DIRECTION ( 'NONE',  ( -0.0000000000000000000, 1.000000000000000000, 0.0000000000000000000 ) ) ;
#1570 = AXIS2_PLACEMENT_3D ( 'NONE', #259, #2505, #939 ) ;
#1571 = ORIENTED_EDGE ( 'NONE', *, *, #1808, .F. ) ;
#1572 = LINE ( 'NONE', #2563, #745 ) ;
#1573 = CARTESIAN_POINT ( 'NONE',  ( 283.1386400257810000, 138.3413793103449900, -437.6632313287340100 ) ) ;
#1574 = CARTESIAN_POINT ( 'NONE',  ( 282.7886400257809800, 138.3413793103449900, -437.6332313287339800 ) ) ;
#1575 = VERTEX_POINT ( 'NONE', #512 ) ;
#1576 = PLANE ( 'NONE',  #1115 ) ;
#1577 = EDGE_CURVE ( 'NONE', #1829, #2318, #387, .T. ) ;
#1578 = ORIENTED_EDGE ( 'NONE', *, *, #961, .F. ) ;
#1579 = DIRECTION ( 'NONE',  ( -0.0000000000000000000, 1.000000000000000000, 0.0000000000000000000 ) ) ;
#1580 = ORIENTED_EDGE ( 'NONE', *, *, #1408, .T. ) ;
#1581 = CARTESIAN_POINT ( 'NONE',  ( 282.7886400257809800, 138.5388793103450100, -437.5832313287339700 ) ) ;
#1582 = CARTESIAN_POINT ( 'NONE',  ( 282.7386400257810200, 138.5663793103450100, -437.6632313287340100 ) ) ;
#1583 = ADVANCED_FACE ( 'NONE', ( #713 ), #144, .T. ) ;
#1584 = ORIENTED_EDGE ( 'NONE', *, *, #2243, .T. ) ;
#1585 = VECTOR ( 'NONE', #1660, 1000.000000000000000 ) ;
#1586 = DIRECTION ( 'NONE',  ( -0.0000000000000000000, 0.0000000000000000000, 1.000000000000000000 ) ) ;
#1587 = VECTOR ( 'NONE', #891, 1000.000000000000000 ) ;
#1588 = CARTESIAN_POINT ( 'NONE',  ( 283.1136400257810200, 138.6663793103450100, -437.6332313287339800 ) ) ;
#1589 = VERTEX_POINT ( 'NONE', #2344 ) ;
#1590 = DIRECTION ( 'NONE',  ( 0.0000000000000000000, 0.0000000000000000000, -1.000000000000000000 ) ) ;
#1591 = EDGE_CURVE ( 'NONE', #1421, #1178, #1480, .T. ) ;
#1592 = VERTEX_POINT ( 'NONE', #136 ) ;
#1593 = CLOSED_SHELL ( 'NONE', ( #2383, #1425, #1041, #2365, #97, #1413 ) ) ;
#1594 = FILL_AREA_STYLE_COLOUR ( '', #2471 ) ;
#1595 = VECTOR ( 'NONE', #523, 1000.000000000000000 ) ;
#1596 = COLOUR_RGB ( '',0.7921568627450980000, 0.8196078431372548800, 0.9333333333333333500 ) ;
#1597 = ORIENTED_EDGE ( 'NONE', *, *, #1629, .F. ) ;
#1598 = LINE ( 'NONE', #1461, #2236 ) ;
#1599 = CARTESIAN_POINT ( 'NONE',  ( 282.9136400257810400, 138.5388793103450100, -437.5832313287339700 ) ) ;
#1600 = CARTESIAN_POINT ( 'NONE',  ( 283.1386400257810000, 138.3413793103449900, -437.6332313287339800 ) ) ;
#1601 = VECTOR ( 'NONE', #1384, 1000.000000000000000 ) ;
#1602 = CARTESIAN_POINT ( 'NONE',  ( 282.7386400257810200, 138.5663793103450100, -437.6632313287340100 ) ) ;
#1603 = ORIENTED_EDGE ( 'NONE', *, *, #1527, .T. ) ;
#1604 = FACE_OUTER_BOUND ( 'NONE', #2113, .T. ) ;
#1605 = CARTESIAN_POINT ( 'NONE',  ( 282.7886400257809800, 138.6938793103450100, -437.5832313287339700 ) ) ;
#1606 = DIRECTION ( 'NONE',  ( 1.000000000000000000, 0.0000000000000000000, -0.0000000000000000000 ) ) ;
#1607 =( NAMED_UNIT ( * ) SI_UNIT ( $, .STERADIAN. ) SOLID_ANGLE_UNIT ( ) );
#1608 = DIRECTION ( 'NONE',  ( 0.0000000000000000000, -1.000000000000000000, 0.0000000000000000000 ) ) ;
#1609 = PLANE ( 'NONE',  #1298 ) ;
#1610 = VERTEX_POINT ( 'NONE', #2579 ) ;
#1611 =( NAMED_UNIT ( * ) SI_UNIT ( $, .STERADIAN. ) SOLID_ANGLE_UNIT ( ) );
#1612 = AXIS2_PLACEMENT_3D ( 'NONE', #229, #47, #2478 ) ;
#1613 = PLANE ( 'NONE',  #1502 ) ;
#1614 = DIRECTION ( 'NONE',  ( -0.0000000000000000000, -0.0000000000000000000, 1.000000000000000000 ) ) ;
#1615 = DIRECTION ( 'NONE',  ( -0.0000000000000000000, -1.000000000000000000, 0.0000000000000000000 ) ) ;
#1616 = FILL_AREA_STYLE_COLOUR ( '', #242 ) ;
#1617 = DIRECTION ( 'NONE',  ( 1.000000000000000000, 0.0000000000000000000, -0.0000000000000000000 ) ) ;
#1618 = CARTESIAN_POINT ( 'NONE',  ( 283.3886400257810000, 138.2913793103450100, -437.5832313287339700 ) ) ;
#1619 = PRESENTATION_LAYER_ASSIGNMENT (  '', '', ( #195 ) ) ;
#1620 = ORIENTED_EDGE ( 'NONE', *, *, #1370, .T. ) ;
#1621 = DIRECTION ( 'NONE',  ( 0.0000000000000000000, 0.0000000000000000000, 1.000000000000000000 ) ) ;
#1622 = ORIENTED_EDGE ( 'NONE', *, *, #319, .T. ) ;
#1623 = DIRECTION ( 'NONE',  ( -0.0000000000000000000, 0.0000000000000000000, -1.000000000000000000 ) ) ;
#1624 = DIRECTION ( 'NONE',  ( 0.0000000000000000000, 0.0000000000000000000, 1.000000000000000000 ) ) ;
#1625 = EDGE_CURVE ( 'NONE', #81, #244, #2585, .T. ) ;
#1626 = DIRECTION ( 'NONE',  ( -0.0000000000000000000, 1.000000000000000000, 0.0000000000000000000 ) ) ;
#1627 = CLOSED_SHELL ( 'NONE', ( #953, #1935, #1182, #358, #1059, #372 ) ) ;
#1628 = SURFACE_STYLE_USAGE ( .BOTH. , #2636 ) ;
#1629 = EDGE_CURVE ( 'NONE', #430, #1723, #1572, .T. ) ;
#1630 = VERTEX_POINT ( 'NONE', #1336 ) ;
#1631 = CARTESIAN_POINT ( 'NONE',  ( 282.9136400257810400, 138.6938793103450100, -437.5832313287339700 ) ) ;
#1632 = VECTOR ( 'NONE', #640, 1000.000000000000000 ) ;
#1633 = SURFACE_SIDE_STYLE ('',( #1922 ) ) ;
#1634 = ORIENTED_EDGE ( 'NONE', *, *, #166, .T. ) ;
#1635 = LINE ( 'NONE', #1407, #73 ) ;
#1636 = VERTEX_POINT ( 'NONE', #1961 ) ;
#1637 = DIRECTION ( 'NONE',  ( 0.0000000000000000000, -1.000000000000000000, 0.0000000000000000000 ) ) ;
#1638 = VECTOR ( 'NONE', #2600, 1000.000000000000000 ) ;
#1639 = AXIS2_PLACEMENT_3D ( 'NONE', #654, #2503, #2492 ) ;
#1640 = PLANE ( 'NONE',  #1868 ) ;
#1641 = LINE ( 'NONE', #2033, #2018 ) ;
#1642 = ORIENTED_EDGE ( 'NONE', *, *, #2352, .F. ) ;
#1643 = DIRECTION ( 'NONE',  ( 0.0000000000000000000, 0.0000000000000000000, -1.000000000000000000 ) ) ;
#1644 = EDGE_CURVE ( 'NONE', #1124, #701, #355, .T. ) ;
#1645 = DIRECTION ( 'NONE',  ( 0.0000000000000000000, 0.0000000000000000000, 1.000000000000000000 ) ) ;
#1646 = DIRECTION ( 'NONE',  ( -1.000000000000000000, 0.0000000000000000000, 0.0000000000000000000 ) ) ;
#1647 = ORIENTED_EDGE ( 'NONE', *, *, #485, .T. ) ;
#1648 = VERTEX_POINT ( 'NONE', #732 ) ;
#1649 = DIRECTION ( 'NONE',  ( 0.0000000000000000000, -0.0000000000000000000, 1.000000000000000000 ) ) ;
#1650 = AXIS2_PLACEMENT_3D ( 'NONE', #1454, #219, #854 ) ;
#1651 = ORIENTED_EDGE ( 'NONE', *, *, #2143, .F. ) ;
#1652 = DIRECTION ( 'NONE',  ( -0.0000000000000000000, -0.0000000000000000000, -1.000000000000000000 ) ) ;
#1653 = LINE ( 'NONE', #407, #1088 ) ;
#1654 = VECTOR ( 'NONE', #462, 1000.000000000000000 ) ;
#1655 = CARTESIAN_POINT ( 'NONE',  ( 283.3386400257810500, 138.6913793103450100, -437.6332313287339800 ) ) ;
#1656 = CARTESIAN_POINT ( 'NONE',  ( 282.9873900257810000, 138.5388793103450100, -437.4932313287340000 ) ) ;
#1657 = AXIS2_PLACEMENT_3D ( 'NONE', #2628, #2034, #824 ) ;
#1658 = ORIENTED_EDGE ( 'NONE', *, *, #1625, .F. ) ;
#1659 = VERTEX_POINT ( 'NONE', #528 ) ;
#1660 = DIRECTION ( 'NONE',  ( -0.0000000000000000000, -0.0000000000000000000, -1.000000000000000000 ) ) ;
#1661 = DIRECTION ( 'NONE',  ( -1.000000000000000000, 0.0000000000000000000, -0.0000000000000000000 ) ) ;
#1662 = LINE ( 'NONE', #1786, #1125 ) ;
#1663 = SURFACE_STYLE_USAGE ( .BOTH. , #1856 ) ;
#1664 = FACE_OUTER_BOUND ( 'NONE', #2165, .T. ) ;
#1665 = CARTESIAN_POINT ( 'NONE',  ( 282.7386400257810200, 138.6663793103450100, -437.6632313287340100 ) ) ;
#1666 = ADVANCED_FACE ( 'NONE', ( #2335 ), #1355, .T. ) ;
#1667 = ORIENTED_EDGE ( 'NONE', *, *, #2408, .F. ) ;
#1668 = EDGE_CURVE ( 'NONE', #2099, #2330, #547, .T. ) ;
#1669 = PLANE ( 'NONE',  #2101 ) ;
#1670 = ORIENTED_EDGE ( 'NONE', *, *, #1213, .T. ) ;
#1671 = CARTESIAN_POINT ( 'NONE',  ( 282.7386400257810200, 138.6663793103450100, -437.6632313287340100 ) ) ;
#1672 = VECTOR ( 'NONE', #497, 1000.000000000000000 ) ;
#1673 = CARTESIAN_POINT ( 'NONE',  ( 283.1123900257810000, 138.5388793103450100, -437.4932313287340000 ) ) ;
#1674 = PLANE ( 'NONE',  #1650 ) ;
#1675 = VECTOR ( 'NONE', #392, 1000.000000000000000 ) ;
#1676 = STYLED_ITEM ( 'NONE', ( #1191 ), #1325 ) ;
#1677 = ORIENTED_EDGE ( 'NONE', *, *, #1827, .F. ) ;
#1678 = EDGE_CURVE ( 'NONE', #1636, #587, #1858, .T. ) ;
#1679 = CARTESIAN_POINT ( 'NONE',  ( 283.0136400257810000, 138.6663793103450100, -437.6332313287339800 ) ) ;
#1680 = ORIENTED_EDGE ( 'NONE', *, *, #1063, .F. ) ;
#1681 = EDGE_CURVE ( 'NONE', #2593, #2319, #779, .T. ) ;
#1682 = PLANE ( 'NONE',  #2459 ) ;
#1683 = DIRECTION ( 'NONE',  ( 0.0000000000000000000, 1.000000000000000000, 0.0000000000000000000 ) ) ;
#1684 = CARTESIAN_POINT ( 'NONE',  ( 282.7886400257809800, 138.8913793103450000, -437.6632313287340100 ) ) ;
#1685 = PLANE ( 'NONE',  #780 ) ;
#1686 = AXIS2_PLACEMENT_3D ( 'NONE', #2381, #2349, #1933 ) ;
#1687 = PRESENTATION_STYLE_ASSIGNMENT (( #292 ) ) ;
#1688 = DIRECTION ( 'NONE',  ( -0.0000000000000000000, 0.0000000000000000000, 1.000000000000000000 ) ) ;
#1689 = EDGE_LOOP ( 'NONE', ( #2534, #51, #667, #2077 ) ) ;
#1690 = UNCERTAINTY_MEASURE_WITH_UNIT (LENGTH_MEASURE( 1.000000000000000100E-005 ), #869, 'distance_accuracy_value', 'NONE');
#1691 = DIRECTION ( 'NONE',  ( -1.000000000000000000, -0.0000000000000000000, 0.0000000000000000000 ) ) ;
#1692 = AXIS2_PLACEMENT_3D ( 'NONE', #2321, #932, #917 ) ;
#1693 = CARTESIAN_POINT ( 'NONE',  ( 283.1136400257810200, 138.8913793207879900, -437.6332313287339800 ) ) ;
#1694 = VECTOR ( 'NONE', #1948, 1000.000000000000000 ) ;
#1695 = DIRECTION ( 'NONE',  ( -0.0000000000000000000, -1.000000000000000000, -0.0000000000000000000 ) ) ;
#1696 = VERTEX_POINT ( 'NONE', #117 ) ;
#1697 = DIRECTION ( 'NONE',  ( 0.0000000000000000000, -1.000000000000000000, -0.0000000000000000000 ) ) ;
#1698 = EDGE_LOOP ( 'NONE', ( #1146, #453, #1522, #461 ) ) ;
#1699 = LINE ( 'NONE', #223, #674 ) ;
#1700 = ORIENTED_EDGE ( 'NONE', *, *, #217, .F. ) ;
#1701 = EDGE_CURVE ( 'NONE', #1712, #821, #2311, .T. ) ;
#1702 = VECTOR ( 'NONE', #220, 1000.000000000000000 ) ;
#1703 = EDGE_LOOP ( 'NONE', ( #1959, #2420, #1622, #1584 ) ) ;
#1704 =( NAMED_UNIT ( * ) SI_UNIT ( $, .STERADIAN. ) SOLID_ANGLE_UNIT ( ) );
#1705 = CARTESIAN_POINT ( 'NONE',  ( 283.1386400257810000, 138.8913793103450000, -437.6332313287339800 ) ) ;
#1706 = DIRECTION ( 'NONE',  ( 0.0000000000000000000, 0.0000000000000000000, 1.000000000000000000 ) ) ;
#1707 = VECTOR ( 'NONE', #2382, 1000.000000000000000 ) ;
#1708 = EDGE_CURVE ( 'NONE', #343, #1081, #1073, .T. ) ;
#1709 = ORIENTED_EDGE ( 'NONE', *, *, #1121, .T. ) ;
#1710 = VECTOR ( 'NONE', #1615, 1000.000000000000000 ) ;
#1711 = DIRECTION ( 'NONE',  ( -0.0000000000000000000, 1.000000000000000000, 0.0000000000000000000 ) ) ;
#1712 = VERTEX_POINT ( 'NONE', #954 ) ;
#1713 = ORIENTED_EDGE ( 'NONE', *, *, #274, .T. ) ;
#1714 = ORIENTED_EDGE ( 'NONE', *, *, #899, .T. ) ;
#1715 = EDGE_CURVE ( 'NONE', #1972, #1648, #39, .T. ) ;
#1716 = VECTOR ( 'NONE', #2481, 1000.000000000000000 ) ;
#1717 = VECTOR ( 'NONE', #1114, 1000.000000000000000 ) ;
#1718 = ORIENTED_EDGE ( 'NONE', *, *, #357, .F. ) ;
#1719 = EDGE_LOOP ( 'NONE', ( #1831, #494, #1634, #2602 ) ) ;
#1720 = PLANE ( 'NONE',  #1049 ) ;
#1721 = AXIS2_PLACEMENT_3D ( 'NONE', #1842, #1626, #425 ) ;
#1722 =( NAMED_UNIT ( * ) PLANE_ANGLE_UNIT ( ) SI_UNIT ( $, .RADIAN. ) );
#1723 = VERTEX_POINT ( 'NONE', #938 ) ;
#1724 = LINE ( 'NONE', #984, #734 ) ;
#1725 = CARTESIAN_POINT ( 'NONE',  ( 283.1386400257810000, 138.5413793103450100, -437.6632313287340100 ) ) ;
#1726 = ORIENTED_EDGE ( 'NONE', *, *, #671, .F. ) ;
#1727 = LINE ( 'NONE', #29, #1284 ) ;
#1728 = EDGE_CURVE ( 'NONE', #2285, #1124, #711, .T. ) ;
#1729 = FACE_OUTER_BOUND ( 'NONE', #2333, .T. ) ;
#1730 = ADVANCED_FACE ( 'NONE', ( #5 ), #1155, .T. ) ;
#1731 = CARTESIAN_POINT ( 'NONE',  ( 283.3886400257810000, 138.2913793103450100, -437.5832313287339700 ) ) ;
#1732 = AXIS2_PLACEMENT_3D ( 'NONE', #12, #1038, #2225 ) ;
#1733 = FACE_OUTER_BOUND ( 'NONE', #2041, .T. ) ;
#1734 = PLANE ( 'NONE',  #874 ) ;
#1735 = LINE ( 'NONE', #1202, #2212 ) ;
#1736 = ORIENTED_EDGE ( 'NONE', *, *, #1808, .T. ) ;
#1737 = CARTESIAN_POINT ( 'NONE',  ( 283.1136400257810200, 138.6663793103450100, -437.6332313287339800 ) ) ;
#1738 = SURFACE_SIDE_STYLE ('',( #738 ) ) ;
#1739 = DIRECTION ( 'NONE',  ( 0.0000000000000000000, 0.0000000000000000000, -1.000000000000000000 ) ) ;
#1740 = ADVANCED_FACE ( 'NONE', ( #909 ), #2028, .T. ) ;
#1741 = VECTOR ( 'NONE', #44, 1000.000000000000000 ) ;
#1742 = LINE ( 'NONE', #2222, #2569 ) ;
#1743 = CARTESIAN_POINT ( 'NONE',  ( 282.9886400257810200, 138.6913793103450100, -437.6332313287339800 ) ) ;
#1744 = ORIENTED_EDGE ( 'NONE', *, *, #1516, .F. ) ;
#1745 = DIRECTION ( 'NONE',  ( 1.000000000000000000, 0.0000000000000000000, 0.0000000000000000000 ) ) ;
#1746 = EDGE_LOOP ( 'NONE', ( #2073, #2086, #1902, #1713 ) ) ;
#1747 = LINE ( 'NONE', #1323, #2393 ) ;
#1748 = ORIENTED_EDGE ( 'NONE', *, *, #2258, .F. ) ;
#1749 = ADVANCED_FACE ( 'NONE', ( #1729 ), #789, .T. ) ;
#1750 = DIRECTION ( 'NONE',  ( 0.0000000000000000000, -1.000000000000000000, -0.0000000000000000000 ) ) ;
#1751 = AXIS2_PLACEMENT_3D ( 'NONE', #2588, #1590, #1358 ) ;
#1752 = FACE_OUTER_BOUND ( 'NONE', #668, .T. ) ;
#1753 = ORIENTED_EDGE ( 'NONE', *, *, #2220, .F. ) ;
#1754 = CARTESIAN_POINT ( 'NONE',  ( 283.1386400257810000, 138.6913793103450100, -437.6632313287340100 ) ) ;
#1755 = CARTESIAN_POINT ( 'NONE',  ( 282.7886400257809800, 138.8913793103450000, -437.6632313287340100 ) ) ;
#1756 = FACE_OUTER_BOUND ( 'NONE', #2108, .T. ) ;
#1757 = EDGE_CURVE ( 'NONE', #313, #907, #2122, .T. ) ;
#1758 = ORIENTED_EDGE ( 'NONE', *, *, #1993, .F. ) ;
#1759 = VECTOR ( 'NONE', #2366, 1000.000000000000000 ) ;
#1760 = EDGE_CURVE ( 'NONE', #1909, #2370, #1512, .T. ) ;
#1761 = LINE ( 'NONE', #341, #1349 ) ;
#1762 = UNCERTAINTY_MEASURE_WITH_UNIT (LENGTH_MEASURE( 1.000000000000000100E-005 ), #850, 'distance_accuracy_value', 'NONE');
#1763 = EDGE_LOOP ( 'NONE', ( #476, #1834, #2405, #1286 ) ) ;
#1764 = ADVANCED_FACE ( 'NONE', ( #1317 ), #376, .T. ) ;
#1765 = ORIENTED_EDGE ( 'NONE', *, *, #2546, .T. ) ;
#1766 = ORIENTED_EDGE ( 'NONE', *, *, #2009, .T. ) ;
#1767 = DIRECTION ( 'NONE',  ( 0.0000000000000000000, 0.0000000000000000000, -1.000000000000000000 ) ) ;
#1768 = DIRECTION ( 'NONE',  ( 0.0000000000000000000, -0.0000000000000000000, -1.000000000000000000 ) ) ;
#1769 = LINE ( 'NONE', #1618, #2161 ) ;
#1770 = DIRECTION ( 'NONE',  ( 0.0000000000000000000, -0.0000000000000000000, -1.000000000000000000 ) ) ;
#1771 = CARTESIAN_POINT ( 'NONE',  ( 283.1386400257810000, 138.3413793103449900, -437.6332313287339800 ) ) ;
#1772 = EDGE_CURVE ( 'NONE', #2185, #2319, #511, .T. ) ;
#1773 = ORIENTED_EDGE ( 'NONE', *, *, #1352, .T. ) ;
#1774 = LINE ( 'NONE', #2112, #1587 ) ;
#1775 = FACE_OUTER_BOUND ( 'NONE', #941, .T. ) ;
#1776 = ADVANCED_FACE ( 'NONE', ( #1258 ), #1613, .T. ) ;
#1777 = ORIENTED_EDGE ( 'NONE', *, *, #454, .F. ) ;
#1778 = CARTESIAN_POINT ( 'NONE',  ( 282.7886400257809800, 138.8913793103450000, -437.6632313287340100 ) ) ;
#1779 = CARTESIAN_POINT ( 'NONE',  ( 282.7386400257810200, 138.9413793103450100, -437.6632313287340100 ) ) ;
#1780 = ORIENTED_EDGE ( 'NONE', *, *, #1944, .T. ) ;
#1781 = DIRECTION ( 'NONE',  ( 0.0000000000000000000, -0.0000000000000000000, -1.000000000000000000 ) ) ;
#1782 = LINE ( 'NONE', #2532, #2302 ) ;
#1783 = VERTEX_POINT ( 'NONE', #2406 ) ;
#1784 = LINE ( 'NONE', #1665, #1099 ) ;
#1785 = VECTOR ( 'NONE', #981, 1000.000000000000000 ) ;
#1786 = CARTESIAN_POINT ( 'NONE',  ( 282.7886400257809800, 138.5413793103450100, -437.6632313287340100 ) ) ;
#1787 = DIRECTION ( 'NONE',  ( 1.000000000000000000, 0.0000000000000000000, -0.0000000000000000000 ) ) ;
#1788 = CARTESIAN_POINT ( 'NONE',  ( 283.1529255457809900, 138.5403793103450300, -437.5132313287339800 ) ) ;
#1789 = VECTOR ( 'NONE', #504, 1000.000000000000000 ) ;
#1790 = EDGE_CURVE ( 'NONE', #2651, #1867, #429, .T. ) ;
#1791 = VECTOR ( 'NONE', #1415, 1000.000000000000000 ) ;
#1792 = ORIENTED_EDGE ( 'NONE', *, *, #2408, .T. ) ;
#1793 = DIRECTION ( 'NONE',  ( -1.000000000000000000, -0.0000000000000000000, -0.0000000000000000000 ) ) ;
#1794 = ORIENTED_EDGE ( 'NONE', *, *, #1728, .F. ) ;
#1795 =( LENGTH_UNIT ( ) NAMED_UNIT ( * ) SI_UNIT ( .MILLI., .METRE. ) );
#1796 = DIRECTION ( 'NONE',  ( -0.0000000000000000000, 0.0000000000000000000, -1.000000000000000000 ) ) ;
#1797 = DIRECTION ( 'NONE',  ( -0.0000000000000000000, 0.0000000000000000000, -1.000000000000000000 ) ) ;
#1798 = ORIENTED_EDGE ( 'NONE', *, *, #393, .T. ) ;
#1799 = PLANE ( 'NONE',  #397 ) ;
#1800 = ADVANCED_FACE ( 'NONE', ( #129 ), #389, .T. ) ;
#1801 = CARTESIAN_POINT ( 'NONE',  ( 282.9886400257810200, 138.6913793103450100, -437.6632313287340100 ) ) ;
#1802 = LINE ( 'NONE', #1900, #1329 ) ;
#1803 = CARTESIAN_POINT ( 'NONE',  ( 282.7386400257810200, 138.2913793103450100, -437.5832313287339700 ) ) ;
#1804 = APPLICATION_CONTEXT ( 'automotive_design' ) ;
#1805 = CARTESIAN_POINT ( 'NONE',  ( 282.7886400257809800, 138.8913793103450000, -437.6632313287340100 ) ) ;
#1806 = ORIENTED_EDGE ( 'NONE', *, *, #794, .F. ) ;
#1807 = DIRECTION ( 'NONE',  ( 0.0000000000000000000, -0.0000000000000000000, 1.000000000000000000 ) ) ;
#1808 = EDGE_CURVE ( 'NONE', #1575, #1134, #2245, .T. ) ;
#1809 = ORIENTED_EDGE ( 'NONE', *, *, #1090, .T. ) ;
#1810 = ORIENTED_EDGE ( 'NONE', *, *, #1490, .T. ) ;
#1811 = DIRECTION ( 'NONE',  ( 0.0000000000000000000, 0.0000000000000000000, -1.000000000000000000 ) ) ;
#1812 = VECTOR ( 'NONE', #1697, 1000.000000000000000 ) ;
#1813 = VERTEX_POINT ( 'NONE', #2632 ) ;
#1814 = DIRECTION ( 'NONE',  ( -0.0000000000000000000, 0.0000000000000000000, -1.000000000000000000 ) ) ;
#1815 = FILL_AREA_STYLE_COLOUR ( '', #416 ) ;
#1816 = DIRECTION ( 'NONE',  ( -0.0000000000000000000, 1.000000000000000000, 0.0000000000000000000 ) ) ;
#1817 = FACE_OUTER_BOUND ( 'NONE', #581, .T. ) ;
#1818 = FILL_AREA_STYLE ('',( #1616 ) ) ;
#1819 = PLANE ( 'NONE',  #2483 ) ;
#1820 = ORIENTED_EDGE ( 'NONE', *, *, #1110, .F. ) ;
#1821 = AXIS2_PLACEMENT_3D ( 'NONE', #900, #1916, #2542 ) ;
#1822 = LINE ( 'NONE', #1380, #1379 ) ;
#1823 = CARTESIAN_POINT ( 'NONE',  ( 282.9873900257810000, 138.6938793103450100, -437.4932313287340000 ) ) ;
#1824 = VERTEX_POINT ( 'NONE', #1188 ) ;
#1825 = CARTESIAN_POINT ( 'NONE',  ( 283.1386400257810000, 138.6663793103450100, -437.6632313287340100 ) ) ;
#1826 = FACE_OUTER_BOUND ( 'NONE', #2025, .T. ) ;
#1827 = EDGE_CURVE ( 'NONE', #1813, #1867, #1979, .T. ) ;
#1828 = CARTESIAN_POINT ( 'NONE',  ( 283.0136400257810000, 138.8913793207879900, -437.6632313287340100 ) ) ;
#1829 = VERTEX_POINT ( 'NONE', #1988 ) ;
#1830 = DIRECTION ( 'NONE',  ( 0.0000000000000000000, 1.000000000000000000, 0.0000000000000000000 ) ) ;
#1831 = ORIENTED_EDGE ( 'NONE', *, *, #1591, .F. ) ;
#1832 = CARTESIAN_POINT ( 'NONE',  ( 282.7886400257809800, 138.5388793103450100, -437.4932313287340000 ) ) ;
#1833 = ORIENTED_EDGE ( 'NONE', *, *, #257, .F. ) ;
#1834 = ORIENTED_EDGE ( 'NONE', *, *, #2159, .F. ) ;
#1835 = ORIENTED_EDGE ( 'NONE', *, *, #2350, .T. ) ;
#1836 = FACE_OUTER_BOUND ( 'NONE', #2407, .T. ) ;
#1837 = DIRECTION ( 'NONE',  ( 0.0000000000000000000, 0.0000000000000000000, -1.000000000000000000 ) ) ;
#1838 = AXIS2_PLACEMENT_3D ( 'NONE', #193, #1637, #569 ) ;
#1839 = VECTOR ( 'NONE', #16, 1000.000000000000000 ) ;
#1840 = DIRECTION ( 'NONE',  ( -0.0000000000000000000, -1.000000000000000000, 0.0000000000000000000 ) ) ;
#1841 = VERTEX_POINT ( 'NONE', #565 ) ;
#1842 = CARTESIAN_POINT ( 'NONE',  ( 282.7886400257809800, 138.3413793103449900, -437.6332313287339800 ) ) ;
#1843 = VERTEX_POINT ( 'NONE', #2398 ) ;
#1844 =( NAMED_UNIT ( * ) SI_UNIT ( $, .STERADIAN. ) SOLID_ANGLE_UNIT ( ) );
#1845 = EDGE_CURVE ( 'NONE', #695, #860, #290, .T. ) ;
#1846 = VERTEX_POINT ( 'NONE', #2218 ) ;
#1847 = ORIENTED_EDGE ( 'NONE', *, *, #1913, .T. ) ;
#1848 = CARTESIAN_POINT ( 'NONE',  ( 282.7386400257810200, 138.2913793103450100, -437.4132313287340100 ) ) ;
#1849 = VECTOR ( 'NONE', #130, 1000.000000000000000 ) ;
#1850 = VECTOR ( 'NONE', #1330, 1000.000000000000000 ) ;
#1851 = DIRECTION ( 'NONE',  ( 0.0000000000000000000, 0.0000000000000000000, 1.000000000000000000 ) ) ;
#1852 = EDGE_LOOP ( 'NONE', ( #2549, #534, #1389, #2390 ) ) ;
#1853 = VECTOR ( 'NONE', #1427, 1000.000000000000000 ) ;
#1854 = DIRECTION ( 'NONE',  ( 0.0000000000000000000, 0.0000000000000000000, -1.000000000000000000 ) ) ;
#1855 = CARTESIAN_POINT ( 'NONE',  ( 282.7386400257810200, 138.9413793103450100, -437.4132313287340100 ) ) ;
#1856 = SURFACE_SIDE_STYLE ('',( #1996 ) ) ;
#1857 = DIRECTION ( 'NONE',  ( -0.0000000000000000000, -1.000000000000000000, -0.0000000000000000000 ) ) ;
#1858 = LINE ( 'NONE', #557, #74 ) ;
#1859 = AXIS2_PLACEMENT_3D ( 'NONE', #2613, #765, #2187 ) ;
#1860 = ORIENTED_EDGE ( 'NONE', *, *, #2590, .T. ) ;
#1861 = FILL_AREA_STYLE ('',( #443 ) ) ;
#1862 = FACE_OUTER_BOUND ( 'NONE', #1359, .T. ) ;
#1863 = ADVANCED_FACE ( 'NONE', ( #1104 ), #2413, .T. ) ;
#1864 = PLANE ( 'NONE',  #2039 ) ;
#1865 = EDGE_CURVE ( 'NONE', #652, #1109, #2533, .T. ) ;
#1866 = CARTESIAN_POINT ( 'NONE',  ( 283.3886400257810000, 138.6663793103450100, -437.6332313287339800 ) ) ;
#1867 = VERTEX_POINT ( 'NONE', #365 ) ;
#1868 = AXIS2_PLACEMENT_3D ( 'NONE', #1417, #1837, #185 ) ;
#1869 = VERTEX_POINT ( 'NONE', #2008 ) ;
#1870 = ORIENTED_EDGE ( 'NONE', *, *, #482, .F. ) ;
#1871 = DIRECTION ( 'NONE',  ( -1.000000000000000000, -0.0000000000000000000, -0.0000000000000000000 ) ) ;
#1872 = VECTOR ( 'NONE', #1458, 1000.000000000000000 ) ;
#1873 = CARTESIAN_POINT ( 'NONE',  ( 283.3386400257810500, 138.6913793103450100, -437.6632313287340100 ) ) ;
#1874 =( LENGTH_UNIT ( ) NAMED_UNIT ( * ) SI_UNIT ( .MILLI., .METRE. ) );
#1875 = LINE ( 'NONE', #9, #1018 ) ;
#1876 = PRODUCT_DEFINITION_FORMATION_WITH_SPECIFIED_SOURCE ( 'ANY', '', #2056, .NOT_KNOWN. ) ;
#1877 = VERTEX_POINT ( 'NONE', #2611 ) ;
#1878 = EDGE_LOOP ( 'NONE', ( #1870, #2367, #339, #772 ) ) ;
#1879 = DIRECTION ( 'NONE',  ( -0.0000000000000000000, -1.000000000000000000, 0.0000000000000000000 ) ) ;
#1880 = MANIFOLD_SOLID_BREP ( 'brep_7', #2446 ) ;
#1881 = PLANE ( 'NONE',  #2404 ) ;
#1882 = LINE ( 'NONE', #2098, #1595 ) ;
#1883 = SURFACE_STYLE_FILL_AREA ( #1861 ) ;
#1884 = DIRECTION ( 'NONE',  ( 0.0000000000000000000, -1.000000000000000000, 0.0000000000000000000 ) ) ;
#1885 = ORIENTED_EDGE ( 'NONE', *, *, #2502, .F. ) ;
#1886 = VECTOR ( 'NONE', #1444, 1000.000000000000000 ) ;
#1887 = CARTESIAN_POINT ( 'NONE',  ( 283.1529255457809900, 138.5403793103450300, -437.5832313287339700 ) ) ;
#1888 = LINE ( 'NONE', #1985, #2240 ) ;
#1889 = VECTOR ( 'NONE', #1256, 1000.000000000000000 ) ;
#1890 = DIRECTION ( 'NONE',  ( 0.0000000000000000000, 1.000000000000000000, 0.0000000000000000000 ) ) ;
#1891 = LINE ( 'NONE', #576, #1950 ) ;
#1892 = AXIS2_PLACEMENT_3D ( 'NONE', #1347, #1947, #1939 ) ;
#1893 = EDGE_LOOP ( 'NONE', ( #1929, #606, #2102, #1810 ) ) ;
#1894 = CARTESIAN_POINT ( 'NONE',  ( 282.9886400257810200, 138.5413793103450100, -437.6332313287339800 ) ) ;
#1895 = ORIENTED_EDGE ( 'NONE', *, *, #1390, .T. ) ;
#1896 = EDGE_CURVE ( 'NONE', #886, #2490, #1381, .T. ) ;
#1897 = ORIENTED_EDGE ( 'NONE', *, *, #1845, .T. ) ;
#1898 = EDGE_CURVE ( 'NONE', #362, #2285, #159, .T. ) ;
#1899 = CARTESIAN_POINT ( 'NONE',  ( 283.1386400257810000, 138.8913793103450000, -437.6632313287340100 ) ) ;
#1900 = CARTESIAN_POINT ( 'NONE',  ( 283.1123900257810000, 138.5388793103450100, -437.5832313287339700 ) ) ;
#1901 = CARTESIAN_POINT ( 'NONE',  ( 283.1123900257810000, 138.6938793103450100, -437.4932313287340000 ) ) ;
#1902 = ORIENTED_EDGE ( 'NONE', *, *, #291, .F. ) ;
#1903 = AXIS2_PLACEMENT_3D ( 'NONE', #1965, #1531, #753 ) ;
#1904 = VECTOR ( 'NONE', #1649, 1000.000000000000000 ) ;
#1905 = FACE_BOUND ( 'NONE', #1893, .T. ) ;
#1906 = DIRECTION ( 'NONE',  ( 0.0000000000000000000, -1.000000000000000000, 0.0000000000000000000 ) ) ;
#1907 = DIRECTION ( 'NONE',  ( 1.000000000000000000, 0.0000000000000000000, -0.0000000000000000000 ) ) ;
#1908 = ORIENTED_EDGE ( 'NONE', *, *, #997, .F. ) ;
#1909 = VERTEX_POINT ( 'NONE', #622 ) ;
#1910 = CARTESIAN_POINT ( 'NONE',  ( 282.9886400257810200, 138.3413793103449900, -437.6632313287340100 ) ) ;
#1911 = EDGE_LOOP ( 'NONE', ( #1773, #2559, #1048, #2464 ) ) ;
#1912 = ORIENTED_EDGE ( 'NONE', *, *, #1913, .F. ) ;
#1913 = EDGE_CURVE ( 'NONE', #860, #1402, #2399, .T. ) ;
#1914 = VECTOR ( 'NONE', #1695, 1000.000000000000000 ) ;
#1915 = EDGE_LOOP ( 'NONE', ( #87, #212, #249, #1008 ) ) ;
#1916 = DIRECTION ( 'NONE',  ( -1.000000000000000000, 0.0000000000000000000, 0.0000000000000000000 ) ) ;
#1917 = CARTESIAN_POINT ( 'NONE',  ( 283.1136400257810200, 138.8913793207879900, -437.6632313287340100 ) ) ;
#1918 = FACE_OUTER_BOUND ( 'NONE', #2128, .T. ) ;
#1919 = AXIS2_PLACEMENT_3D ( 'NONE', #1503, #2314, #885 ) ;
#1920 = ORIENTED_EDGE ( 'NONE', *, *, #2434, .F. ) ;
#1921 = PLANE ( 'NONE',  #819 ) ;
#1922 = SURFACE_STYLE_FILL_AREA ( #1200 ) ;
#1923 = VECTOR ( 'NONE', #306, 1000.000000000000000 ) ;
#1924 = CARTESIAN_POINT ( 'NONE',  ( 283.3886400257810000, 138.5663793103450100, -437.6332313287339800 ) ) ;
#1925 = EDGE_LOOP ( 'NONE', ( #1508, #1547, #2303, #1169 ) ) ;
#1926 = AXIS2_PLACEMENT_3D ( 'NONE', #1392, #1177, #170 ) ;
#1927 = PLANE ( 'NONE',  #1463 ) ;
#1928 = ORIENTED_EDGE ( 'NONE', *, *, #2575, .T. ) ;
#1929 = ORIENTED_EDGE ( 'NONE', *, *, #997, .T. ) ;
#1930 = EDGE_CURVE ( 'NONE', #1434, #1941, #2554, .T. ) ;
#1931 = LINE ( 'NONE', #1887, #95 ) ;
#1932 = FACE_OUTER_BOUND ( 'NONE', #2524, .T. ) ;
#1933 = DIRECTION ( 'NONE',  ( 0.0000000000000000000, -0.0000000000000000000, 1.000000000000000000 ) ) ;
#1934 = ORIENTED_EDGE ( 'NONE', *, *, #1154, .T. ) ;
#1935 = ADVANCED_FACE ( 'NONE', ( #607 ), #2238, .T. ) ;
#1936 = CARTESIAN_POINT ( 'NONE',  ( 283.3886400257810000, 138.5663793103450100, -437.6632313287340100 ) ) ;
#1937 =( GEOMETRIC_REPRESENTATION_CONTEXT ( 3 ) GLOBAL_UNCERTAINTY_ASSIGNED_CONTEXT ( ( #739 ) ) GLOBAL_UNIT_ASSIGNED_CONTEXT ( ( #1432, #823, #625 ) ) REPRESENTATION_CONTEXT ( 'NONE', 'WORKASPACE' ) );
#1938 = VERTEX_POINT ( 'NONE', #434 ) ;
#1939 = DIRECTION ( 'NONE',  ( -1.000000000000000000, 0.0000000000000000000, -0.0000000000000000000 ) ) ;
#1940 = LINE ( 'NONE', #1131, #2426 ) ;
#1941 = VERTEX_POINT ( 'NONE', #1019 ) ;
#1942 = EDGE_CURVE ( 'NONE', #493, #618, #2396, .T. ) ;
#1943 = VECTOR ( 'NONE', #1273, 1000.000000000000000 ) ;
#1944 = EDGE_CURVE ( 'NONE', #1021, #1253, #289, .T. ) ;
#1945 = AXIS2_PLACEMENT_3D ( 'NONE', #190, #1012, #1643 ) ;
#1946 = LINE ( 'NONE', #63, #42 ) ;
#1947 = DIRECTION ( 'NONE',  ( 0.0000000000000000000, 0.0000000000000000000, -1.000000000000000000 ) ) ;
#1948 = DIRECTION ( 'NONE',  ( 0.0000000000000000000, 0.0000000000000000000, 1.000000000000000000 ) ) ;
#1949 = DIRECTION ( 'NONE',  ( -0.0000000000000000000, 1.000000000000000000, 0.0000000000000000000 ) ) ;
#1950 = VECTOR ( 'NONE', #2205, 1000.000000000000000 ) ;
#1951 = ADVANCED_FACE ( '$', ( #189 ), #15, .T. ) ;
#1952 = CARTESIAN_POINT ( 'NONE',  ( 282.9886400257810200, 138.6913793103450100, -437.6332313287339800 ) ) ;
#1953 = EDGE_LOOP ( 'NONE', ( #80, #2394, #337, #768 ) ) ;
#1954 = ORIENTED_EDGE ( 'NONE', *, *, #2277, .F. ) ;
#1955 = DIRECTION ( 'NONE',  ( -0.0000000000000000000, -1.000000000000000000, 0.0000000000000000000 ) ) ;
#1956 = ORIENTED_EDGE ( 'NONE', *, *, #979, .F. ) ;
#1957 = DIRECTION ( 'NONE',  ( -1.000000000000000000, 0.0000000000000000000, -0.0000000000000000000 ) ) ;
#1958 = EDGE_CURVE ( 'NONE', #313, #812, #1315, .T. ) ;
#1959 = ORIENTED_EDGE ( 'NONE', *, *, #75, .T. ) ;
#1960 = LINE ( 'NONE', #1243, #1585 ) ;
#1961 = CARTESIAN_POINT ( 'NONE',  ( 283.1386400257810000, 138.8913793103450000, -437.6632313287340100 ) ) ;
#1962 = ORIENTED_EDGE ( 'NONE', *, *, #239, .F. ) ;
#1963 = VECTOR ( 'NONE', #2287, 1000.000000000000000 ) ;
#1964 = EDGE_LOOP ( 'NONE', ( #422, #2469, #1499, #676 ) ) ;
#1965 = CARTESIAN_POINT ( 'NONE',  ( 282.7386400257810200, 138.2913793103450100, -437.4132313287340100 ) ) ;
#1966 = PLANE ( 'NONE',  #1164 ) ;
#1967 = ORIENTED_EDGE ( 'NONE', *, *, #1715, .T. ) ;
#1968 = ORIENTED_EDGE ( 'NONE', *, *, #333, .T. ) ;
#1969 = EDGE_LOOP ( 'NONE', ( #2158, #1978, #944, #757 ) ) ;
#1970 = CARTESIAN_POINT ( 'NONE',  ( 282.7386400257810200, 138.2913793103450100, -437.5832313287339700 ) ) ;
#1971 = FACE_OUTER_BOUND ( 'NONE', #503, .T. ) ;
#1972 = VERTEX_POINT ( 'NONE', #610 ) ;
#1973 = DIRECTION ( 'NONE',  ( 0.0000000000000000000, 0.0000000000000000000, 1.000000000000000000 ) ) ;
#1974 = CARTESIAN_POINT ( 'NONE',  ( 282.7386400257810200, 138.2913793103450100, -437.4132313287340100 ) ) ;
#1975 = PRESENTATION_STYLE_ASSIGNMENT (( #1628 ) ) ;
#1976 = CARTESIAN_POINT ( 'NONE',  ( 282.9886400257810200, 138.5413793103450100, -437.6632313287340100 ) ) ;
#1977 = ADVANCED_FACE ( 'NONE', ( #1918 ), #421, .T. ) ;
#1978 = ORIENTED_EDGE ( 'NONE', *, *, #883, .F. ) ;
#1979 = LINE ( 'NONE', #808, #1450 ) ;
#1980 = EDGE_CURVE ( 'NONE', #1216, #1253, #2307, .T. ) ;
#1981 = LINE ( 'NONE', #1731, #2276 ) ;
#1982 = CARTESIAN_POINT ( 'NONE',  ( 283.3049255457809700, 138.5403793103450300, -437.5832313287339700 ) ) ;
#1983 = DIRECTION ( 'NONE',  ( -1.000000000000000000, 0.0000000000000000000, 0.0000000000000000000 ) ) ;
#1984 = CARTESIAN_POINT ( 'NONE',  ( 282.9136400257810400, 138.5388793103450100, -437.4932313287340000 ) ) ;
#1985 = CARTESIAN_POINT ( 'NONE',  ( 282.7886400257809800, 138.6913793103450100, -437.6332313287339800 ) ) ;
#1986 = AXIS2_PLACEMENT_3D ( 'NONE', #1828, #832, #200 ) ;
#1987 = ORIENTED_EDGE ( 'NONE', *, *, #2340, .T. ) ;
#1988 = CARTESIAN_POINT ( 'NONE',  ( 283.3886400257810000, 138.2913793103450100, -437.5832313287339700 ) ) ;
#1989 = DIRECTION ( 'NONE',  ( -0.0000000000000000000, 1.000000000000000000, 0.0000000000000000000 ) ) ;
#1990 = VECTOR ( 'NONE', #1452, 1000.000000000000000 ) ;
#1991 = DIRECTION ( 'NONE',  ( -1.000000000000000000, -0.0000000000000000000, 0.0000000000000000000 ) ) ;
#1992 = CARTESIAN_POINT ( 'NONE',  ( 283.1386400257810000, 138.8913793103450000, -437.6332313287339800 ) ) ;
#1993 = EDGE_CURVE ( 'NONE', #2178, #1636, #2051, .T. ) ;
#1994 = ORIENTED_EDGE ( 'NONE', *, *, #1269, .T. ) ;
#1995 = LINE ( 'NONE', #2437, #2136 ) ;
#1996 = SURFACE_STYLE_FILL_AREA ( #1818 ) ;
#1997 = AXIS2_PLACEMENT_3D ( 'NONE', #1910, #2539, #693 ) ;
#1998 = DIRECTION ( 'NONE',  ( -0.0000000000000000000, 1.000000000000000000, 0.0000000000000000000 ) ) ;
#1999 = ORIENTED_EDGE ( 'NONE', *, *, #722, .T. ) ;
#2000 = CARTESIAN_POINT ( 'NONE',  ( 282.9136400257810400, 138.6938793103450100, -437.4932313287340000 ) ) ;
#2001 = VERTEX_POINT ( 'NONE', #777 ) ;
#2002 = CARTESIAN_POINT ( 'NONE',  ( 283.3386400257810500, 138.2913793103450100, -437.6632313287340100 ) ) ;
#2003 = ADVANCED_FACE ( 'NONE', ( #934 ), #1966, .T. ) ;
#2004 = LINE ( 'NONE', #1901, #285 ) ;
#2005 = LINE ( 'NONE', #301, #1409 ) ;
#2006 = ORIENTED_EDGE ( 'NONE', *, *, #303, .T. ) ;
#2007 = CARTESIAN_POINT ( 'NONE',  ( 282.7386400257810200, 138.6663793103450100, -437.6332313287339800 ) ) ;
#2008 = CARTESIAN_POINT ( 'NONE',  ( 283.3886400257810000, 138.6663793103450100, -437.6632313287340100 ) ) ;
#2009 = EDGE_CURVE ( 'NONE', #1841, #299, #1888, .T. ) ;
#2010 =( NAMED_UNIT ( * ) SI_UNIT ( $, .STERADIAN. ) SOLID_ANGLE_UNIT ( ) );
#2011 = PLANE ( 'NONE',  #1399 ) ;
#2012 = ORIENTED_EDGE ( 'NONE', *, *, #274, .F. ) ;
#2013 = DIRECTION ( 'NONE',  ( 0.0000000000000000000, 0.0000000000000000000, -1.000000000000000000 ) ) ;
#2014 = VECTOR ( 'NONE', #1513, 1000.000000000000000 ) ;
#2015 = ORIENTED_EDGE ( 'NONE', *, *, #742, .T. ) ;
#2016 = CARTESIAN_POINT ( 'NONE',  ( 283.3386400257810500, 138.5413793103450100, -437.6632313287340100 ) ) ;
#2017 = EDGE_CURVE ( 'NONE', #2358, #1518, #2360, .T. ) ;
#2018 = VECTOR ( 'NONE', #2256, 1000.000000000000000 ) ;
#2019 = ADVANCED_FACE ( 'NONE', ( #1102 ), #1576, .T. ) ;
#2020 = DIRECTION ( 'NONE',  ( -1.000000000000000000, 0.0000000000000000000, -0.0000000000000000000 ) ) ;
#2021 = EDGE_LOOP ( 'NONE', ( #1934, #2418, #2182, #2609 ) ) ;
#2022 = DIRECTION ( 'NONE',  ( -0.0000000000000000000, -1.000000000000000000, -0.0000000000000000000 ) ) ;
#2023 = DIRECTION ( 'NONE',  ( 0.0000000000000000000, -0.0000000000000000000, -1.000000000000000000 ) ) ;
#2024 = DIRECTION ( 'NONE',  ( -0.0000000000000000000, 0.0000000000000000000, 1.000000000000000000 ) ) ;
#2025 = EDGE_LOOP ( 'NONE', ( #283, #1468, #1897, #1847 ) ) ;
#2026 = DIRECTION ( 'NONE',  ( 0.0000000000000000000, -0.0000000000000000000, 1.000000000000000000 ) ) ;
#2027 = AXIS2_PLACEMENT_3D ( 'NONE', #863, #1265, #1093 ) ;
#2028 = PLANE ( 'NONE',  #683 ) ;
#2029 = LINE ( 'NONE', #1471, #1904 ) ;
#2030 = CARTESIAN_POINT ( 'NONE',  ( 282.9873900257810000, 138.6938793103450100, -437.5832313287339700 ) ) ;
#2031 = DIRECTION ( 'NONE',  ( 0.0000000000000000000, -1.000000000000000000, -0.0000000000000000000 ) ) ;
#2032 = LINE ( 'NONE', #2456, #529 ) ;
#2033 = CARTESIAN_POINT ( 'NONE',  ( 283.1386400257810000, 138.5413793103450100, -437.6332313287339800 ) ) ;
#2034 = DIRECTION ( 'NONE',  ( 0.0000000000000000000, 0.0000000000000000000, 1.000000000000000000 ) ) ;
#2035 = EDGE_CURVE ( 'NONE', #1869, #1240, #1822, .T. ) ;
#2036 = VERTEX_POINT ( 'NONE', #969 ) ;
#2037 =( LENGTH_UNIT ( ) NAMED_UNIT ( * ) SI_UNIT ( .MILLI., .METRE. ) );
#2038 = EDGE_LOOP ( 'NONE', ( #2541, #67, #1556, #271 ) ) ;
#2039 = AXIS2_PLACEMENT_3D ( 'NONE', #435, #1854, #635 ) ;
#2040 = ORIENTED_EDGE ( 'NONE', *, *, #2223, .T. ) ;
#2041 = EDGE_LOOP ( 'NONE', ( #1130, #49, #215, #2012 ) ) ;
#2042 = PLANE ( 'NONE',  #620 ) ;
#2043 = DIRECTION ( 'NONE',  ( 0.0000000000000000000, -1.000000000000000000, -0.0000000000000000000 ) ) ;
#2044 = LINE ( 'NONE', #1581, #875 ) ;
#2045 =( NAMED_UNIT ( * ) SI_UNIT ( $, .STERADIAN. ) SOLID_ANGLE_UNIT ( ) );
#2046 = UNCERTAINTY_MEASURE_WITH_UNIT (LENGTH_MEASURE( 1.000000000000000100E-005 ), #1430, 'distance_accuracy_value', 'NONE');
#2047 = EDGE_LOOP ( 'NONE', ( #751, #1299, #1470, #350 ) ) ;
#2048 = EDGE_CURVE ( 'NONE', #787, #991, #1160, .T. ) ;
#2049 =( GEOMETRIC_REPRESENTATION_CONTEXT ( 3 ) GLOBAL_UNCERTAINTY_ASSIGNED_CONTEXT ( ( #1690 ) ) GLOBAL_UNIT_ASSIGNED_CONTEXT ( ( #869, #474, #1704 ) ) REPRESENTATION_CONTEXT ( 'NONE', 'WORKASPACE' ) );
#2050 = PRODUCT_DEFINITION_CONTEXT ( 'detailed design', #1804, 'design' ) ;
#2051 = LINE ( 'NONE', #140, #1414 ) ;
#2052 = CARTESIAN_POINT ( 'NONE',  ( 282.7386400257810200, 138.9413793103450100, -437.4132313287340100 ) ) ;
#2053 = VECTOR ( 'NONE', #760, 1000.000000000000000 ) ;
#2054 = ADVANCED_FACE ( 'NONE', ( #1756 ), #545, .T. ) ;
#2055 = CARTESIAN_POINT ( 'NONE',  ( 282.7386400257810200, 138.9413793103450100, -437.5832313287339700 ) ) ;
#2056 = PRODUCT ( 'APGF0607', 'APGF0607', '', ( #592 ) ) ;
#2057 = CARTESIAN_POINT ( 'NONE',  ( 282.7886400257809800, 138.6938793103450100, -437.5832313287339700 ) ) ;
#2058 = FACE_OUTER_BOUND ( 'NONE', #184, .T. ) ;
#2059 = EDGE_CURVE ( 'NONE', #1402, #313, #1031, .T. ) ;
#2060 = FILL_AREA_STYLE_COLOUR ( '', #2364 ) ;
#2061 = DIRECTION ( 'NONE',  ( 0.0000000000000000000, 1.000000000000000000, -0.0000000000000000000 ) ) ;
#2062 = CARTESIAN_POINT ( 'NONE',  ( 282.7386400257810200, 138.2913793103450100, -437.5832313287339700 ) ) ;
#2063 = AXIS2_PLACEMENT_3D ( 'NONE', #1034, #2290, #1046 ) ;
#2064 = ORIENTED_EDGE ( 'NONE', *, *, #485, .F. ) ;
#2065 = CARTESIAN_POINT ( 'NONE',  ( 283.1123900257810000, 138.5388793103450100, -437.4932313287340000 ) ) ;
#2066 = DIRECTION ( 'NONE',  ( -0.0000000000000000000, 0.0000000000000000000, -1.000000000000000000 ) ) ;
#2067 = EDGE_LOOP ( 'NONE', ( #135, #1647, #1809, #540 ) ) ;
#2068 = VERTEX_POINT ( 'NONE', #1976 ) ;
#2069 = FILL_AREA_STYLE ('',( #2060 ) ) ;
#2070 = SURFACE_STYLE_USAGE ( .BOTH. , #1235 ) ;
#2071 = VECTOR ( 'NONE', #2618, 1000.000000000000000 ) ;
#2072 = MECHANICAL_DESIGN_GEOMETRIC_PRESENTATION_REPRESENTATION (  '', ( #2337 ), #702 ) ;
#2073 = ORIENTED_EDGE ( 'NONE', *, *, #2625, .T. ) ;
#2074 = VECTOR ( 'NONE', #1871, 1000.000000000000000 ) ;
#2075 = EDGE_LOOP ( 'NONE', ( #1597, #1198, #2153, #213 ) ) ;
#2076 = CARTESIAN_POINT ( 'NONE',  ( 283.1136400257810200, 138.6663793103450100, -437.6632313287340100 ) ) ;
#2077 = ORIENTED_EDGE ( 'NONE', *, *, #1170, .F. ) ;
#2078 = CARTESIAN_POINT ( 'NONE',  ( 283.3886400257810000, 138.5663793103450100, -437.6332313287339800 ) ) ;
#2079 = CARTESIAN_POINT ( 'NONE',  ( 283.0136400257810000, 138.8913793207879900, -437.6332313287339800 ) ) ;
#2080 = ORIENTED_EDGE ( 'NONE', *, *, #636, .F. ) ;
#2081 = EDGE_CURVE ( 'NONE', #1227, #1696, #775, .T. ) ;
#2082 = ORIENTED_EDGE ( 'NONE', *, *, #778, .T. ) ;
#2083 = DIRECTION ( 'NONE',  ( -1.000000000000000000, 0.0000000000000000000, -0.0000000000000000000 ) ) ;
#2084 = VECTOR ( 'NONE', #822, 1000.000000000000000 ) ;
#2085 = LINE ( 'NONE', #543, #378 ) ;
#2086 = ORIENTED_EDGE ( 'NONE', *, *, #1135, .F. ) ;
#2087 = DIRECTION ( 'NONE',  ( 0.0000000000000000000, 0.0000000000000000000, -1.000000000000000000 ) ) ;
#2088 = CARTESIAN_POINT ( 'NONE',  ( 282.9886400257810200, 138.3413793103449900, -437.6332313287339800 ) ) ;
#2089 = CARTESIAN_POINT ( 'NONE',  ( 282.9886400257810200, 138.3413793103449900, -437.6632313287340100 ) ) ;
#2090 = CARTESIAN_POINT ( 'NONE',  ( 282.9886400257810200, 138.6663793103450100, -437.6632313287340100 ) ) ;
#2091 = DIRECTION ( 'NONE',  ( 0.0000000000000000000, -0.0000000000000000000, 1.000000000000000000 ) ) ;
#2092 = PLANE ( 'NONE',  #678 ) ;
#2093 = LINE ( 'NONE', #994, #684 ) ;
#2094 = EDGE_CURVE ( 'NONE', #151, #1083, #1539, .T. ) ;
#2095 = EDGE_CURVE ( 'NONE', #2133, #1021, #680, .T. ) ;
#2096 = DIRECTION ( 'NONE',  ( 0.0000000000000000000, 0.0000000000000000000, -1.000000000000000000 ) ) ;
#2097 = DIRECTION ( 'NONE',  ( 0.0000000000000000000, -1.000000000000000000, 0.0000000000000000000 ) ) ;
#2098 = CARTESIAN_POINT ( 'NONE',  ( 283.3049255457809700, 138.5403793103450300, -437.5832313287339700 ) ) ;
#2099 = VERTEX_POINT ( 'NONE', #2361 ) ;
#2100 = PLANE ( 'NONE',  #1496 ) ;
#2101 = AXIS2_PLACEMENT_3D ( 'NONE', #1072, #460, #2083 ) ;
#2102 = ORIENTED_EDGE ( 'NONE', *, *, #150, .T. ) ;
#2103 = CARTESIAN_POINT ( 'NONE',  ( 283.1136400257810200, 138.6663793103450100, -437.6332313287339800 ) ) ;
#2104 = VECTOR ( 'NONE', #999, 1000.000000000000000 ) ;
#2105 = PLANE ( 'NONE',  #911 ) ;
#2106 = DIRECTION ( 'NONE',  ( 0.0000000000000000000, -0.0000000000000000000, -1.000000000000000000 ) ) ;
#2107 = CARTESIAN_POINT ( 'NONE',  ( 283.1136400257810200, 138.8913793207879900, -437.6332313287339800 ) ) ;
#2108 = EDGE_LOOP ( 'NONE', ( #188, #599, #509, #571 ) ) ;
#2109 = EDGE_CURVE ( 'NONE', #1064, #2099, #2465, .T. ) ;
#2110 = ORIENTED_EDGE ( 'NONE', *, *, #1708, .T. ) ;
#2111 = DIRECTION ( 'NONE',  ( 0.0000000000000000000, -1.000000000000000000, 0.0000000000000000000 ) ) ;
#2112 = CARTESIAN_POINT ( 'NONE',  ( 283.0136400257810000, 138.6663793103450100, -437.6332313287339800 ) ) ;
#2113 = EDGE_LOOP ( 'NONE', ( #1283, #1026, #1337, #28 ) ) ;
#2114 = DIRECTION ( 'NONE',  ( -1.000000000000000000, 0.0000000000000000000, -0.0000000000000000000 ) ) ;
#2115 = ORIENTED_EDGE ( 'NONE', *, *, #499, .T. ) ;
#2116 = EDGE_CURVE ( 'NONE', #1253, #2519, #2175, .T. ) ;
#2117 = VECTOR ( 'NONE', #933, 1000.000000000000000 ) ;
#2118 = CARTESIAN_POINT ( 'NONE',  ( 282.7886400257809800, 138.5413793103450100, -437.6632313287340100 ) ) ;
#2119 = EDGE_LOOP ( 'NONE', ( #2254, #1276, #2499, #2576, #2129, #761, #308, #929 ) ) ;
#2120 = FACE_OUTER_BOUND ( 'NONE', #235, .T. ) ;
#2121 = DIRECTION ( 'NONE',  ( -1.000000000000000000, 0.0000000000000000000, -0.0000000000000000000 ) ) ;
#2122 = LINE ( 'NONE', #2228, #1036 ) ;
#2123 = CARTESIAN_POINT ( 'NONE',  ( 283.3386400257810500, 138.8913793103450000, -437.6332313287339800 ) ) ;
#2124 = FILL_AREA_STYLE_COLOUR ( '', #634 ) ;
#2125 = VECTOR ( 'NONE', #245, 1000.000000000000000 ) ;
#2126 = AXIS2_PLACEMENT_3D ( 'NONE', #340, #2595, #1768 ) ;
#2127 = DIRECTION ( 'NONE',  ( -1.000000000000000000, -0.0000000000000000000, 0.0000000000000000000 ) ) ;
#2128 = EDGE_LOOP ( 'NONE', ( #2082, #2389, #1162, #2355, #870, #2173, #267, #740 ) ) ;
#2129 = ORIENTED_EDGE ( 'NONE', *, *, #1422, .F. ) ;
#2130 = EDGE_CURVE ( 'NONE', #1877, #624, #906, .T. ) ;
#2131 = EDGE_CURVE ( 'NONE', #2490, #1592, #385, .T. ) ;
#2132 = PLANE ( 'NONE',  #725 ) ;
#2133 = VERTEX_POINT ( 'NONE', #332 ) ;
#2134 = DIRECTION ( 'NONE',  ( -0.0000000000000000000, 1.000000000000000000, 0.0000000000000000000 ) ) ;
#2135 = ORIENTED_EDGE ( 'NONE', *, *, #2449, .F. ) ;
#2136 = VECTOR ( 'NONE', #603, 1000.000000000000000 ) ;
#2137 = PLANE ( 'NONE',  #1692 ) ;
#2138 = AXIS2_PLACEMENT_3D ( 'NONE', #1196, #2582, #1367 ) ;
#2139 = DIRECTION ( 'NONE',  ( -1.000000000000000000, 0.0000000000000000000, -0.0000000000000000000 ) ) ;
#2140 = ORIENTED_EDGE ( 'NONE', *, *, #526, .T. ) ;
#2141 = CARTESIAN_POINT ( 'NONE',  ( 282.9886400257810200, 138.3413793103449900, -437.6332313287339800 ) ) ;
#2142 = ORIENTED_EDGE ( 'NONE', *, *, #2081, .T. ) ;
#2143 = EDGE_CURVE ( 'NONE', #2531, #2387, #1509, .T. ) ;
#2144 = FACE_BOUND ( 'NONE', #273, .T. ) ;
#2145 = VERTEX_POINT ( 'NONE', #766 ) ;
#2146 = FACE_OUTER_BOUND ( 'NONE', #1852, .T. ) ;
#2147 = VECTOR ( 'NONE', #2568, 1000.000000000000000 ) ;
#2148 = ADVANCED_FACE ( 'NONE', ( #2120 ), #201, .T. ) ;
#2149 = VECTOR ( 'NONE', #1691, 1000.000000000000000 ) ;
#2150 = LINE ( 'NONE', #361, #580 ) ;
#2151 = CARTESIAN_POINT ( 'NONE',  ( 282.9886400257810200, 138.8913793103450000, -437.6632313287340100 ) ) ;
#2152 = EDGE_LOOP ( 'NONE', ( #646, #689, #197, #112 ) ) ;
#2153 = ORIENTED_EDGE ( 'NONE', *, *, #548, .F. ) ;
#2154 = CARTESIAN_POINT ( 'NONE',  ( 282.9886400257810200, 138.3413793103449900, -437.6332313287339800 ) ) ;
#2155 = DIRECTION ( 'NONE',  ( 1.000000000000000000, 0.0000000000000000000, 0.0000000000000000000 ) ) ;
#2156 = CARTESIAN_POINT ( 'NONE',  ( 283.1386400257810000, 138.6913793103450100, -437.6332313287339800 ) ) ;
#2157 = VERTEX_POINT ( 'NONE', #813 ) ;
#2158 = ORIENTED_EDGE ( 'NONE', *, *, #1259, .F. ) ;
#2159 = EDGE_CURVE ( 'NONE', #1065, #61, #1635, .T. ) ;
#2160 = ADVANCED_FACE ( 'NONE', ( #964 ), #2649, .T. ) ;
#2161 = VECTOR ( 'NONE', #1009, 1000.000000000000000 ) ;
#2162 = DIRECTION ( 'NONE',  ( -1.000000000000000000, -0.0000000000000000000, -0.0000000000000000000 ) ) ;
#2163 = DIRECTION ( 'NONE',  ( -1.000000000000000000, 0.0000000000000000000, -0.0000000000000000000 ) ) ;
#2164 = VECTOR ( 'NONE', #237, 1000.000000000000000 ) ;
#2165 = EDGE_LOOP ( 'NONE', ( #1167, #280, #1967, #2444 ) ) ;
#2166 = ORIENTED_EDGE ( 'NONE', *, *, #883, .T. ) ;
#2167 = CARTESIAN_POINT ( 'NONE',  ( 283.1386400257810000, 138.5413793103450100, -437.6332313287339800 ) ) ;
#2168 = AXIS2_PLACEMENT_3D ( 'NONE', #1077, #615, #845 ) ;
#2169 = VERTEX_POINT ( 'NONE', #1600 ) ;
#2170 = FACE_OUTER_BOUND ( 'NONE', #973, .T. ) ;
#2171 = ORIENTED_EDGE ( 'NONE', *, *, #1408, .F. ) ;
#2172 = ADVANCED_FACE ( 'NONE', ( #423 ), #1215, .T. ) ;
#2173 = ORIENTED_EDGE ( 'NONE', *, *, #1217, .T. ) ;
#2174 = EDGE_CURVE ( 'NONE', #723, #2211, #348, .T. ) ;
#2175 = LINE ( 'NONE', #1149, #810 ) ;
#2176 = VECTOR ( 'NONE', #1840, 1000.000000000000000 ) ;
#2177 = DIRECTION ( 'NONE',  ( 0.0000000000000000000, -1.000000000000000000, -0.0000000000000000000 ) ) ;
#2178 = VERTEX_POINT ( 'NONE', #1992 ) ;
#2179 = DIRECTION ( 'NONE',  ( -0.0000000000000000000, -1.000000000000000000, 0.0000000000000000000 ) ) ;
#2180 = LINE ( 'NONE', #2230, #2403 ) ;
#2181 = AXIS2_PLACEMENT_3D ( 'NONE', #1737, #1906, #1528 ) ;
#2182 = ORIENTED_EDGE ( 'NONE', *, *, #2094, .T. ) ;
#2183 = ADVANCED_FACE ( 'NONE', ( #2529 ), #1609, .T. ) ;
#2184 = DIRECTION ( 'NONE',  ( 1.000000000000000000, -0.0000000000000000000, 0.0000000000000000000 ) ) ;
#2185 = VERTEX_POINT ( 'NONE', #577 ) ;
#2186 = DIRECTION ( 'NONE',  ( -1.000000000000000000, -0.0000000000000000000, -0.0000000000000000000 ) ) ;
#2187 = DIRECTION ( 'NONE',  ( 0.0000000000000000000, -0.0000000000000000000, -1.000000000000000000 ) ) ;
#2188 = DIRECTION ( 'NONE',  ( 0.0000000000000000000, -1.000000000000000000, -0.0000000000000000000 ) ) ;
#2189 = VERTEX_POINT ( 'NONE', #1423 ) ;
#2190 = EDGE_CURVE ( 'NONE', #398, #602, #847, .T. ) ;
#2191 = VECTOR ( 'NONE', #2260, 1000.000000000000000 ) ;
#2192 = MANIFOLD_SOLID_BREP ( 'brep_1', #1593 ) ;
#2193 = AXIS2_PLACEMENT_3D ( 'NONE', #258, #2097, #90 ) ;
#2194 = LINE ( 'NONE', #2103, #1654 ) ;
#2195 = PLANE ( 'NONE',  #651 ) ;
#2196 = ORIENTED_EDGE ( 'NONE', *, *, #1135, .T. ) ;
#2197 = ADVANCED_FACE ( 'NONE', ( #1447 ), #1819, .T. ) ;
#2198 = ORIENTED_EDGE ( 'NONE', *, *, #899, .F. ) ;
#2199 = EDGE_LOOP ( 'NONE', ( #2457, #1580, #952, #2215 ) ) ;
#2200 = DIRECTION ( 'NONE',  ( -1.000000000000000000, 0.0000000000000000000, 0.0000000000000000000 ) ) ;
#2201 = PRESENTATION_LAYER_ASSIGNMENT (  '', '', ( #2337 ) ) ;
#2202 = LINE ( 'NONE', #163, #1849 ) ;
#2203 = ORIENTED_EDGE ( 'NONE', *, *, #525, .F. ) ;
#2204 = PLANE ( 'NONE',  #1105 ) ;
#2205 = DIRECTION ( 'NONE',  ( -0.0000000000000000000, 1.000000000000000000, 0.0000000000000000000 ) ) ;
#2206 = LINE ( 'NONE', #1035, #483 ) ;
#2207 = DIRECTION ( 'NONE',  ( -1.000000000000000000, -0.0000000000000000000, -0.0000000000000000000 ) ) ;
#2208 = EDGE_CURVE ( 'NONE', #1610, #1530, #459, .T. ) ;
#2209 = FACE_OUTER_BOUND ( 'NONE', #1915, .T. ) ;
#2210 = ADVANCED_FACE ( 'NONE', ( #1752 ), #1204, .T. ) ;
#2211 = VERTEX_POINT ( 'NONE', #2431 ) ;
#2212 = VECTOR ( 'NONE', #2043, 1000.000000000000000 ) ;
#2213 = CARTESIAN_POINT ( 'NONE',  ( 282.7886400257809800, 138.6938793103450100, -437.4932313287340000 ) ) ;
#2214 = FILL_AREA_STYLE_COLOUR ( '', #222 ) ;
#2215 = ORIENTED_EDGE ( 'NONE', *, *, #2081, .F. ) ;
#2216 = SURFACE_SIDE_STYLE ('',( #275 ) ) ;
#2217 = ORIENTED_EDGE ( 'NONE', *, *, #217, .T. ) ;
#2218 = CARTESIAN_POINT ( 'NONE',  ( 282.7886400257809800, 138.6913793103450100, -437.6632313287340100 ) ) ;
#2219 = DIRECTION ( 'NONE',  ( 1.000000000000000000, 0.0000000000000000000, 0.0000000000000000000 ) ) ;
#2220 = EDGE_CURVE ( 'NONE', #2068, #2490, #314, .T. ) ;
#2221 = PLANE ( 'NONE',  #2138 ) ;
#2222 = CARTESIAN_POINT ( 'NONE',  ( 283.1386400257810000, 138.3413793103449900, -437.6332313287339800 ) ) ;
#2223 = EDGE_CURVE ( 'NONE', #149, #480, #69, .T. ) ;
#2224 = LINE ( 'NONE', #445, #21 ) ;
#2225 = DIRECTION ( 'NONE',  ( 0.0000000000000000000, 0.0000000000000000000, -1.000000000000000000 ) ) ;
#2226 = LINE ( 'NONE', #663, #369 ) ;
#2227 = ORIENTED_EDGE ( 'NONE', *, *, #91, .T. ) ;
#2228 = CARTESIAN_POINT ( 'NONE',  ( 282.9886400257810200, 138.5413793103450100, -437.6632313287340100 ) ) ;
#2229 = LINE ( 'NONE', #2615, #731 ) ;
#2230 = CARTESIAN_POINT ( 'NONE',  ( 282.9136400257810400, 138.5388793103450100, -437.4932313287340000 ) ) ;
#2231 = EDGE_LOOP ( 'NONE', ( #1157, #288, #2198, #1524 ) ) ;
#2232 = DIRECTION ( 'NONE',  ( 0.0000000000000000000, 0.0000000000000000000, -1.000000000000000000 ) ) ;
#2233 = AXIS2_PLACEMENT_3D ( 'NONE', #1107, #716, #82 ) ;
#2234 = ORIENTED_EDGE ( 'NONE', *, *, #1681, .T. ) ;
#2235 = DIRECTION ( 'NONE',  ( -0.0000000000000000000, 1.000000000000000000, 0.0000000000000000000 ) ) ;
#2236 = VECTOR ( 'NONE', #38, 1000.000000000000000 ) ;
#2237 = ADVANCED_FACE ( 'NONE', ( #1817 ), #1024, .T. ) ;
#2238 = PLANE ( 'NONE',  #849 ) ;
#2239 = ORIENTED_EDGE ( 'NONE', *, *, #1577, .T. ) ;
#2240 = VECTOR ( 'NONE', #2391, 1000.000000000000000 ) ;
#2241 = DIRECTION ( 'NONE',  ( -0.0000000000000000000, 1.000000000000000000, 0.0000000000000000000 ) ) ;
#2242 =( NAMED_UNIT ( * ) PLANE_ANGLE_UNIT ( ) SI_UNIT ( $, .RADIAN. ) );
#2243 = EDGE_CURVE ( 'NONE', #1006, #221, #2206, .T. ) ;
#2244 = UNCERTAINTY_MEASURE_WITH_UNIT (LENGTH_MEASURE( 1.000000000000000100E-005 ), #1795, 'distance_accuracy_value', 'NONE');
#2245 = LINE ( 'NONE', #152, #265 ) ;
#2246 = LINE ( 'NONE', #2605, #2438 ) ;
#2247 = ORIENTED_EDGE ( 'NONE', *, *, #1896, .F. ) ;
#2248 = DIRECTION ( 'NONE',  ( 0.0000000000000000000, 0.0000000000000000000, -1.000000000000000000 ) ) ;
#2249 = SURFACE_STYLE_USAGE ( .BOTH. , #800 ) ;
#2250 = ORIENTED_EDGE ( 'NONE', *, *, #2109, .F. ) ;
#2251 = ORIENTED_EDGE ( 'NONE', *, *, #239, .T. ) ;
#2252 = ADVANCED_FACE ( 'NONE', ( #1028 ), #2458, .T. ) ;
#2253 = PLANE ( 'NONE',  #1732 ) ;
#2254 = ORIENTED_EDGE ( 'NONE', *, *, #546, .F. ) ;
#2255 = LINE ( 'NONE', #2466, #1872 ) ;
#2256 = DIRECTION ( 'NONE',  ( 0.0000000000000000000, -1.000000000000000000, -0.0000000000000000000 ) ) ;
#2257 = PLANE ( 'NONE',  #2562 ) ;
#2258 = EDGE_CURVE ( 'NONE', #802, #1434, #1598, .T. ) ;
#2259 = LINE ( 'NONE', #1069, #1176 ) ;
#2260 = DIRECTION ( 'NONE',  ( 1.000000000000000000, -0.0000000000000000000, 0.0000000000000000000 ) ) ;
#2261 = ORIENTED_EDGE ( 'NONE', *, *, #1303, .F. ) ;
#2262 = ORIENTED_EDGE ( 'NONE', *, *, #291, .T. ) ;
#2263 = CARTESIAN_POINT ( 'NONE',  ( 282.9886400257810200, 138.3413793103449900, -437.6332313287339800 ) ) ;
#2264 = ORIENTED_EDGE ( 'NONE', *, *, #2327, .T. ) ;
#2265 = CARTESIAN_POINT ( 'NONE',  ( 282.9886400257810200, 138.6913793103450100, -437.6332313287339800 ) ) ;
#2266 = CARTESIAN_POINT ( 'NONE',  ( 282.9886400257810200, 138.6913793103450100, -437.6332313287339800 ) ) ;
#2267 = FACE_BOUND ( 'NONE', #1703, .T. ) ;
#2268 = VECTOR ( 'NONE', #262, 1000.000000000000000 ) ;
#2269 = CARTESIAN_POINT ( 'NONE',  ( 283.3049255457809700, 138.5403793103450300, -437.5132313287339800 ) ) ;
#2270 = ORIENTED_EDGE ( 'NONE', *, *, #442, .T. ) ;
#2271 = MECHANICAL_DESIGN_GEOMETRIC_PRESENTATION_REPRESENTATION (  '', ( #1676 ), #2049 ) ;
#2272 = LINE ( 'NONE', #48, #1702 ) ;
#2273 = SURFACE_STYLE_USAGE ( .BOTH. , #666 ) ;
#2274 = EDGE_CURVE ( 'NONE', #1445, #1560, #647, .T. ) ;
#2275 = MANIFOLD_SOLID_BREP ( 'brep_3', #204 ) ;
#2276 = VECTOR ( 'NONE', #910, 1000.000000000000000 ) ;
#2277 = EDGE_CURVE ( 'NONE', #2519, #343, #124, .T. ) ;
#2278 = DIRECTION ( 'NONE',  ( -0.0000000000000000000, 0.0000000000000000000, 1.000000000000000000 ) ) ;
#2279 = PLANE ( 'NONE',  #2063 ) ;
#2280 = ORIENTED_EDGE ( 'NONE', *, *, #36, .T. ) ;
#2281 = CARTESIAN_POINT ( 'NONE',  ( 282.7386400257810200, 138.2913793103450100, -437.5832313287339700 ) ) ;
#2282 = COLOUR_RGB ( '',0.7921568627450980000, 0.8196078431372548800, 0.9333333333333333500 ) ;
#2283 =( NAMED_UNIT ( * ) SI_UNIT ( $, .STERADIAN. ) SOLID_ANGLE_UNIT ( ) );
#2284 = STYLED_ITEM ( 'NONE', ( #2354 ), #776 ) ;
#2285 = VERTEX_POINT ( 'NONE', #1469 ) ;
#2286 = ORIENTED_EDGE ( 'NONE', *, *, #961, .T. ) ;
#2287 = DIRECTION ( 'NONE',  ( -0.0000000000000000000, -0.0000000000000000000, -1.000000000000000000 ) ) ;
#2288 = EDGE_LOOP ( 'NONE', ( #818, #167, #181, #1350 ) ) ;
#2289 = DIRECTION ( 'NONE',  ( 0.0000000000000000000, 0.0000000000000000000, -1.000000000000000000 ) ) ;
#2290 = DIRECTION ( 'NONE',  ( -0.0000000000000000000, 1.000000000000000000, 0.0000000000000000000 ) ) ;
#2291 = PLANE ( 'NONE',  #2027 ) ;
#2292 = CARTESIAN_POINT ( 'NONE',  ( 282.9873900257810000, 138.5388793103450100, -437.4932313287340000 ) ) ;
#2293 = VECTOR ( 'NONE', #1814, 1000.000000000000000 ) ;
#2294 = FACE_OUTER_BOUND ( 'NONE', #101, .T. ) ;
#2295 = DIRECTION ( 'NONE',  ( -1.000000000000000000, 0.0000000000000000000, -0.0000000000000000000 ) ) ;
#2296 = EDGE_LOOP ( 'NONE', ( #703, #639, #1457, #2325 ) ) ;
#2297 = DIRECTION ( 'NONE',  ( 0.0000000000000000000, -0.0000000000000000000, -1.000000000000000000 ) ) ;
#2298 = CARTESIAN_POINT ( 'NONE',  ( 283.1136400257810200, 138.5663793103450100, -437.6632313287340100 ) ) ;
#2299 = ORIENTED_EDGE ( 'NONE', *, *, #2095, .T. ) ;
#2300 = EDGE_CURVE ( 'NONE', #1449, #81, #2272, .T. ) ;
#2301 = ORIENTED_EDGE ( 'NONE', *, *, #1728, .T. ) ;
#2302 = VECTOR ( 'NONE', #2127, 1000.000000000000000 ) ;
#2303 = ORIENTED_EDGE ( 'NONE', *, *, #1790, .F. ) ;
#2304 = ORIENTED_EDGE ( 'NONE', *, *, #2208, .T. ) ;
#2305 = PLANE ( 'NONE',  #629 ) ;
#2306 = CARTESIAN_POINT ( 'NONE',  ( 282.9886400257810200, 138.6913793103450100, -437.6632313287340100 ) ) ;
#2307 = LINE ( 'NONE', #2573, #544 ) ;
#2308 = MECHANICAL_DESIGN_GEOMETRIC_PRESENTATION_REPRESENTATION (  '', ( #506 ), #2621 ) ;
#2309 = ORIENTED_EDGE ( 'NONE', *, *, #2059, .T. ) ;
#2310 = CARTESIAN_POINT ( 'NONE',  ( 282.9886400257810200, 138.3413793103449900, -437.6332313287339800 ) ) ;
#2311 = LINE ( 'NONE', #1137, #489 ) ;
#2312 = EDGE_CURVE ( 'NONE', #1083, #1207, #2429, .T. ) ;
#2313 = DIRECTION ( 'NONE',  ( 1.000000000000000000, 0.0000000000000000000, 0.0000000000000000000 ) ) ;
#2314 = DIRECTION ( 'NONE',  ( 0.0000000000000000000, 0.0000000000000000000, -1.000000000000000000 ) ) ;
#2315 = ORIENTED_EDGE ( 'NONE', *, *, #1865, .F. ) ;
#2316 = DIRECTION ( 'NONE',  ( 1.000000000000000000, -0.0000000000000000000, 0.0000000000000000000 ) ) ;
#2317 = AXIS2_PLACEMENT_3D ( 'NONE', #1435, #608, #1206 ) ;
#2318 = VERTEX_POINT ( 'NONE', #2470 ) ;
#2319 = VERTEX_POINT ( 'NONE', #2281 ) ;
#2320 = VECTOR ( 'NONE', #431, 1000.000000000000000 ) ;
#2321 = CARTESIAN_POINT ( 'NONE',  ( 283.3049255457809700, 138.5403793103450300, -437.5832313287339700 ) ) ;
#2322 = PRESENTATION_LAYER_ASSIGNMENT (  '', '', ( #1676 ) ) ;
#2323 = CARTESIAN_POINT ( 'NONE',  ( 282.7386400257810200, 138.2913793103450100, -437.5832313287339700 ) ) ;
#2324 = VECTOR ( 'NONE', #1688, 1000.000000000000000 ) ;
#2325 = ORIENTED_EDGE ( 'NONE', *, *, #2095, .F. ) ;
#2326 = ORIENTED_EDGE ( 'NONE', *, *, #199, .F. ) ;
#2327 = EDGE_CURVE ( 'NONE', #701, #362, #1156, .T. ) ;
#2328 = ORIENTED_EDGE ( 'NONE', *, *, #2350, .F. ) ;
#2329 = DIRECTION ( 'NONE',  ( 0.0000000000000000000, -0.0000000000000000000, -1.000000000000000000 ) ) ;
#2330 = VERTEX_POINT ( 'NONE', #871 ) ;
#2331 = DIRECTION ( 'NONE',  ( 0.0000000000000000000, -0.0000000000000000000, 1.000000000000000000 ) ) ;
#2332 = VECTOR ( 'NONE', #2162, 1000.000000000000000 ) ;
#2333 = EDGE_LOOP ( 'NONE', ( #2348, #1387, #1954, #1436 ) ) ;
#2334 = SURFACE_STYLE_FILL_AREA ( #834 ) ;
#2335 = FACE_OUTER_BOUND ( 'NONE', #2435, .T. ) ;
#2336 = LINE ( 'NONE', #690, #1923 ) ;
#2337 = STYLED_ITEM ( 'NONE', ( #1221 ), #1880 ) ;
#2338 = LINE ( 'NONE', #2468, #1710 ) ;
#2339 = ORIENTED_EDGE ( 'NONE', *, *, #2473, .F. ) ;
#2340 = EDGE_CURVE ( 'NONE', #2319, #1829, #1412, .T. ) ;
#2341 = ADVANCED_FACE ( 'NONE', ( #605 ), #2479, .T. ) ;
#2342 = CARTESIAN_POINT ( 'NONE',  ( 282.7886400257809800, 138.8913793103450000, -437.6632313287340100 ) ) ;
#2343 = VECTOR ( 'NONE', #282, 1000.000000000000000 ) ;
#2344 = CARTESIAN_POINT ( 'NONE',  ( 282.7386400257810200, 138.9413793103450100, -437.5832313287339700 ) ) ;
#2345 = AXIS2_PLACEMENT_3D ( 'NONE', #1179, #1608, #353 ) ;
#2346 = LINE ( 'NONE', #1521, #867 ) ;
#2347 = ORIENTED_EDGE ( 'NONE', *, *, #526, .F. ) ;
#2348 = ORIENTED_EDGE ( 'NONE', *, *, #1980, .F. ) ;
#2349 = DIRECTION ( 'NONE',  ( -0.0000000000000000000, 1.000000000000000000, 0.0000000000000000000 ) ) ;
#2350 = EDGE_CURVE ( 'NONE', #812, #2629, #1727, .T. ) ;
#2351 = ORIENTED_EDGE ( 'NONE', *, *, #1678, .T. ) ;
#2352 = EDGE_CURVE ( 'NONE', #149, #491, #1784, .T. ) ;
#2353 = LINE ( 'NONE', #2520, #1279 ) ;
#2354 = PRESENTATION_STYLE_ASSIGNMENT (( #2273 ) ) ;
#2355 = ORIENTED_EDGE ( 'NONE', *, *, #1516, .T. ) ;
#2356 = DIRECTION ( 'NONE',  ( -0.0000000000000000000, 0.0000000000000000000, 1.000000000000000000 ) ) ;
#2357 = COLOUR_RGB ( '',0.7921568627450980000, 0.8196078431372548800, 0.9333333333333333500 ) ;
#2358 = VERTEX_POINT ( 'NONE', #1866 ) ;
#2359 = CARTESIAN_POINT ( 'NONE',  ( 282.7386400257810200, 138.6663793103450100, -437.6332313287339800 ) ) ;
#2360 = LINE ( 'NONE', #1174, #1345 ) ;
#2361 = CARTESIAN_POINT ( 'NONE',  ( 283.3386400257810500, 138.5413793103450100, -437.6332313287339800 ) ) ;
#2362 = VECTOR ( 'NONE', #1793, 1000.000000000000000 ) ;
#2363 = ORIENTED_EDGE ( 'NONE', *, *, #2411, .F. ) ;
#2364 = COLOUR_RGB ( '',0.7921568627450980000, 0.8196078431372548800, 0.9333333333333333500 ) ;
#2365 = ADVANCED_FACE ( 'NONE', ( #2146 ), #2291, .T. ) ;
#2366 = DIRECTION ( 'NONE',  ( 1.000000000000000000, 0.0000000000000000000, 0.0000000000000000000 ) ) ;
#2367 = ORIENTED_EDGE ( 'NONE', *, *, #1446, .F. ) ;
#2368 = CARTESIAN_POINT ( 'NONE',  ( 283.3386400257810500, 138.6913793103450100, -437.6332313287339800 ) ) ;
#2369 = MECHANICAL_DESIGN_GEOMETRIC_PRESENTATION_REPRESENTATION (  '', ( #790 ), #1229 ) ;
#2370 = VERTEX_POINT ( 'NONE', #19 ) ;
#2371 = DIRECTION ( 'NONE',  ( 1.000000000000000000, 0.0000000000000000000, 0.0000000000000000000 ) ) ;
#2372 = EDGE_LOOP ( 'NONE', ( #502, #2326, #1658, #31 ) ) ;
#2373 = CARTESIAN_POINT ( 'NONE',  ( 282.7886400257809800, 138.5413793103450100, -437.6632313287340100 ) ) ;
#2374 = EDGE_CURVE ( 'NONE', #2157, #493, #2648, .T. ) ;
#2375 = ORIENTED_EDGE ( 'NONE', *, *, #1232, .T. ) ;
#2376 = AXIS2_PLACEMENT_3D ( 'NONE', #1280, #269, #1907 ) ;
#2377 = ORIENTED_EDGE ( 'NONE', *, *, #1701, .T. ) ;
#2378 = CARTESIAN_POINT ( 'NONE',  ( 282.7386400257810200, 138.6663793103450100, -437.6332313287339800 ) ) ;
#2379 = PLANE ( 'NONE',  #410 ) ;
#2380 = LINE ( 'NONE', #2619, #1990 ) ;
#2381 = CARTESIAN_POINT ( 'NONE',  ( 282.7386400257810200, 138.6663793103450100, -437.6332313287339800 ) ) ;
#2382 = DIRECTION ( 'NONE',  ( 1.000000000000000000, 0.0000000000000000000, -0.0000000000000000000 ) ) ;
#2383 = ADVANCED_FACE ( 'NONE', ( #1254 ), #270, .T. ) ;
#2384 = VECTOR ( 'NONE', #1485, 1000.000000000000000 ) ;
#2385 = EDGE_LOOP ( 'NONE', ( #2264, #1536, #556, #1185 ) ) ;
#2386 = MANIFOLD_SOLID_BREP ( 'brep_10', #1627 ) ;
#2387 = VERTEX_POINT ( 'NONE', #1101 ) ;
#2388 = CARTESIAN_POINT ( 'NONE',  ( 283.1386400257810000, 138.8913793103450000, -437.6632313287340100 ) ) ;
#2389 = ORIENTED_EDGE ( 'NONE', *, *, #525, .T. ) ;
#2390 = ORIENTED_EDGE ( 'NONE', *, *, #2488, .F. ) ;
#2391 = DIRECTION ( 'NONE',  ( 0.0000000000000000000, -0.0000000000000000000, -1.000000000000000000 ) ) ;
#2392 = LINE ( 'NONE', #1393, #94 ) ;
#2393 = VECTOR ( 'NONE', #100, 1000.000000000000000 ) ;
#2394 = ORIENTED_EDGE ( 'NONE', *, *, #1541, .T. ) ;
#2395 = EDGE_CURVE ( 'NONE', #1421, #1589, #1186, .T. ) ;
#2396 = LINE ( 'NONE', #1241, #741 ) ;
#2397 = ADVANCED_FACE ( 'NONE', ( #182 ), #892, .T. ) ;
#2398 = CARTESIAN_POINT ( 'NONE',  ( 283.3386400257810500, 138.6913793103450100, -437.6332313287339800 ) ) ;
#2399 = LINE ( 'NONE', #2263, #2432 ) ;
#2400 = CARTESIAN_POINT ( 'NONE',  ( 282.7386400257810200, 138.9413793103450100, -437.5832313287339700 ) ) ;
#2401 = CARTESIAN_POINT ( 'NONE',  ( 283.3049255457809700, 138.5403793103450300, -437.5132313287339800 ) ) ;
#2402 = LINE ( 'NONE', #861, #1318 ) ;
#2403 = VECTOR ( 'NONE', #1816, 1000.000000000000000 ) ;
#2404 = AXIS2_PLACEMENT_3D ( 'NONE', #2089, #890, #2096 ) ;
#2405 = ORIENTED_EDGE ( 'NONE', *, *, #1288, .F. ) ;
#2406 = CARTESIAN_POINT ( 'NONE',  ( 282.7386400257810200, 138.6663793103450100, -437.6632313287340100 ) ) ;
#2407 = EDGE_LOOP ( 'NONE', ( #1333, #1798, #1498, #641 ) ) ;
#2408 = EDGE_CURVE ( 'NONE', #1941, #2157, #2004, .T. ) ;
#2409 = CARTESIAN_POINT ( 'NONE',  ( 283.0136400257810000, 138.6663793103450100, -437.6332313287339800 ) ) ;
#2410 = CLOSED_SHELL ( 'NONE', ( #2237, #729, #632, #859, #1568, #1354 ) ) ;
#2411 = EDGE_CURVE ( 'NONE', #821, #1869, #2353, .T. ) ;
#2412 = AXIS2_PLACEMENT_3D ( 'NONE', #1517, #1739, #533 ) ;
#2413 = PLANE ( 'NONE',  #1926 ) ;
#2414 = CLOSED_SHELL ( 'NONE', ( #210, #1532, #1776, #1542, #2003, #440 ) ) ;
#2415 = LINE ( 'NONE', #234, #278 ) ;
#2416 = FILL_AREA_STYLE ('',( #1815 ) ) ;
#2417 = PLANE ( 'NONE',  #211 ) ;
#2418 = ORIENTED_EDGE ( 'NONE', *, *, #613, .T. ) ;
#2419 =( LENGTH_UNIT ( ) NAMED_UNIT ( * ) SI_UNIT ( .MILLI., .METRE. ) );
#2420 = ORIENTED_EDGE ( 'NONE', *, *, #2190, .T. ) ;
#2421 = CARTESIAN_POINT ( 'NONE',  ( 283.1386400257810000, 138.3413793103449900, -437.6332313287339800 ) ) ;
#2422 = VERTEX_POINT ( 'NONE', #1338 ) ;
#2423 = CARTESIAN_POINT ( 'NONE',  ( 283.1529255457809900, 138.6923793103450200, -437.5832313287339700 ) ) ;
#2424 = CARTESIAN_POINT ( 'NONE',  ( 283.3386400257810500, 138.8913793103450000, -437.6632313287340100 ) ) ;
#2425 = FACE_OUTER_BOUND ( 'NONE', #1964, .T. ) ;
#2426 = VECTOR ( 'NONE', #949, 1000.000000000000000 ) ;
#2427 = ORIENTED_EDGE ( 'NONE', *, *, #1269, .F. ) ;
#2428 = DIRECTION ( 'NONE',  ( 0.0000000000000000000, -0.0000000000000000000, 1.000000000000000000 ) ) ;
#2429 = LINE ( 'NONE', #2269, #1886 ) ;
#2430 = CARTESIAN_POINT ( 'NONE',  ( 283.3886400257810000, 138.5663793103450100, -437.6632313287340100 ) ) ;
#2431 = CARTESIAN_POINT ( 'NONE',  ( 283.3886400257810000, 138.9413793103450100, -437.5832313287339700 ) ) ;
#2432 = VECTOR ( 'NONE', #1029, 1000.000000000000000 ) ;
#2433 = DIRECTION ( 'NONE',  ( -0.0000000000000000000, 1.000000000000000000, 0.0000000000000000000 ) ) ;
#2434 = EDGE_CURVE ( 'NONE', #108, #149, #1443, .T. ) ;
#2435 = EDGE_LOOP ( 'NONE', ( #1744, #687, #1311, #192, #1095, #2377, #439, #1677 ) ) ;
#2436 = FACE_OUTER_BOUND ( 'NONE', #2372, .T. ) ;
#2437 = CARTESIAN_POINT ( 'NONE',  ( 283.3886400257810000, 138.2913793103450100, -437.6632313287340100 ) ) ;
#2438 = VECTOR ( 'NONE', #370, 1000.000000000000000 ) ;
#2439 = CARTESIAN_POINT ( 'NONE',  ( 283.3886400257810000, 138.9413793103450100, -437.6632313287340100 ) ) ;
#2440 = CARTESIAN_POINT ( 'NONE',  ( 282.9136400257810400, 138.5388793103450100, -437.4932313287340000 ) ) ;
#2441 = ADVANCED_FACE ( 'NONE', ( #455 ), #1486, .T. ) ;
#2442 = ORIENTED_EDGE ( 'NONE', *, *, #2467, .F. ) ;
#2443 = FILL_AREA_STYLE ('',( #1027 ) ) ;
#2444 = ORIENTED_EDGE ( 'NONE', *, *, #277, .T. ) ;
#2445 = DIRECTION ( 'NONE',  ( -0.0000000000000000000, -1.000000000000000000, 0.0000000000000000000 ) ) ;
#2446 = CLOSED_SHELL ( 'NONE', ( #2210, #1764, #573, #2397, #2160, #536 ) ) ;
#2447 = EDGE_CURVE ( 'NONE', #1134, #1445, #2493, .T. ) ;
#2448 = DIRECTION ( 'NONE',  ( -0.0000000000000000000, 0.0000000000000000000, -1.000000000000000000 ) ) ;
#2449 = EDGE_CURVE ( 'NONE', #1010, #108, #2550, .T. ) ;
#2450 = PLANE ( 'NONE',  #264 ) ;
#2451 = LINE ( 'NONE', #2298, #631 ) ;
#2452 = ADVANCED_FACE ( 'NONE', ( #2267, #2144, #2425 ), #664, .T. ) ;
#2453 = ORIENTED_EDGE ( 'NONE', *, *, #1335, .T. ) ;
#2454 = DIRECTION ( 'NONE',  ( 0.0000000000000000000, 0.0000000000000000000, -1.000000000000000000 ) ) ;
#2455 = DIRECTION ( 'NONE',  ( -0.0000000000000000000, 1.000000000000000000, 0.0000000000000000000 ) ) ;
#2456 = CARTESIAN_POINT ( 'NONE',  ( 282.9136400257810400, 138.5388793103450100, -437.5832313287339700 ) ) ;
#2457 = ORIENTED_EDGE ( 'NONE', *, *, #1527, .F. ) ;
#2458 = PLANE ( 'NONE',  #2168 ) ;
#2459 = AXIS2_PLACEMENT_3D ( 'NONE', #98, #1312, #2329 ) ;
#2460 = ORIENTED_EDGE ( 'NONE', *, *, #657, .T. ) ;
#2461 = ORIENTED_EDGE ( 'NONE', *, *, #186, .T. ) ;
#2462 = CARTESIAN_POINT ( 'NONE',  ( 283.1386400257810000, 138.6913793103450100, -437.6632313287340100 ) ) ;
#2463 = DIRECTION ( 'NONE',  ( 0.0000000000000000000, 0.0000000000000000000, 1.000000000000000000 ) ) ;
#2464 = ORIENTED_EDGE ( 'NONE', *, *, #2174, .T. ) ;
#2465 = LINE ( 'NONE', #950, #1287 ) ;
#2466 = CARTESIAN_POINT ( 'NONE',  ( 282.7386400257810200, 138.6663793103450100, -437.6632313287340100 ) ) ;
#2467 = EDGE_CURVE ( 'NONE', #1083, #1124, #1882, .T. ) ;
#2468 = CARTESIAN_POINT ( 'NONE',  ( 282.7386400257810200, 138.9413793103450100, -437.6632313287340100 ) ) ;
#2469 = ORIENTED_EDGE ( 'NONE', *, *, #391, .F. ) ;
#2470 = CARTESIAN_POINT ( 'NONE',  ( 283.3886400257810000, 138.2913793103450100, -437.6632313287340100 ) ) ;
#2471 = COLOUR_RGB ( '',0.7921568627450980000, 0.8196078431372548800, 0.9333333333333333500 ) ;
#2472 = CARTESIAN_POINT ( 'NONE',  ( 282.7386400257810200, 138.2913793103450100, -437.5832313287339700 ) ) ;
#2473 = EDGE_CURVE ( 'NONE', #480, #1877, #153, .T. ) ;
#2474 = VECTOR ( 'NONE', #710, 1000.000000000000000 ) ;
#2475 = ORIENTED_EDGE ( 'NONE', *, *, #1122, .T. ) ;
#2476 = CARTESIAN_POINT ( 'NONE',  ( 282.9886400257810200, 138.8913793103450000, -437.6632313287340100 ) ) ;
#2477 = DIRECTION ( 'NONE',  ( 0.0000000000000000000, -0.0000000000000000000, -1.000000000000000000 ) ) ;
#2478 = DIRECTION ( 'NONE',  ( 0.0000000000000000000, 0.0000000000000000000, -1.000000000000000000 ) ) ;
#2479 = PLANE ( 'NONE',  #521 ) ;
#2480 = ORIENTED_EDGE ( 'NONE', *, *, #374, .T. ) ;
#2481 = DIRECTION ( 'NONE',  ( 1.000000000000000000, 0.0000000000000000000, -0.0000000000000000000 ) ) ;
#2482 = ORIENTED_EDGE ( 'NONE', *, *, #394, .T. ) ;
#2483 = AXIS2_PLACEMENT_3D ( 'NONE', #402, #2616, #1007 ) ;
#2484 = VECTOR ( 'NONE', #32, 1000.000000000000000 ) ;
#2485 = LINE ( 'NONE', #648, #1741 ) ;
#2486 = DIRECTION ( 'NONE',  ( 0.0000000000000000000, 0.0000000000000000000, -1.000000000000000000 ) ) ;
#2487 = DIRECTION ( 'NONE',  ( 1.000000000000000000, -0.0000000000000000000, 0.0000000000000000000 ) ) ;
#2488 = EDGE_CURVE ( 'NONE', #1134, #2614, #903, .T. ) ;
#2489 = ORIENTED_EDGE ( 'NONE', *, *, #1232, .F. ) ;
#2490 = VERTEX_POINT ( 'NONE', #120 ) ;
#2491 = DIRECTION ( 'NONE',  ( 0.0000000000000000000, 0.0000000000000000000, -1.000000000000000000 ) ) ;
#2492 = DIRECTION ( 'NONE',  ( 0.0000000000000000000, 0.0000000000000000000, 1.000000000000000000 ) ) ;
#2493 = LINE ( 'NONE', #1290, #1251 ) ;
#2494 = DIRECTION ( 'NONE',  ( 0.0000000000000000000, -0.0000000000000000000, 1.000000000000000000 ) ) ;
#2495 = DIRECTION ( 'NONE',  ( -0.0000000000000000000, 0.0000000000000000000, 1.000000000000000000 ) ) ;
#2496 = EDGE_LOOP ( 'NONE', ( #1564, #346, #708, #2203, #2547, #1578, #2513, #272 ) ) ;
#2497 = CARTESIAN_POINT ( 'NONE',  ( 283.3886400257810000, 138.9413793103450100, -437.4132313287340100 ) ) ;
#2498 = SURFACE_STYLE_FILL_AREA ( #995 ) ;
#2499 = ORIENTED_EDGE ( 'NONE', *, *, #1715, .F. ) ;
#2500 = LINE ( 'NONE', #1271, #2149 ) ;
#2501 = EDGE_CURVE ( 'NONE', #1297, #1533, #1184, .T. ) ;
#2502 = EDGE_CURVE ( 'NONE', #491, #2001, #1724, .T. ) ;
#2503 = DIRECTION ( 'NONE',  ( -1.000000000000000000, 0.0000000000000000000, 0.0000000000000000000 ) ) ;
#2504 = ORIENTED_EDGE ( 'NONE', *, *, #1170, .T. ) ;
#2505 = DIRECTION ( 'NONE',  ( 1.000000000000000000, 0.0000000000000000000, 0.0000000000000000000 ) ) ;
#2506 = LINE ( 'NONE', #2266, #783 ) ;
#2507 = DIRECTION ( 'NONE',  ( -1.000000000000000000, 0.0000000000000000000, 0.0000000000000000000 ) ) ;
#2508 = AXIS2_PLACEMENT_3D ( 'NONE', #2076, #1466, #653 ) ;
#2509 = ORIENTED_EDGE ( 'NONE', *, *, #319, .F. ) ;
#2510 = EDGE_LOOP ( 'NONE', ( #2166, #1455, #1307, #513 ) ) ;
#2511 = CARTESIAN_POINT ( 'NONE',  ( 282.7386400257810200, 138.2913793103450100, -437.5832313287339700 ) ) ;
#2512 =( NAMED_UNIT ( * ) SI_UNIT ( $, .STERADIAN. ) SOLID_ANGLE_UNIT ( ) );
#2513 = ORIENTED_EDGE ( 'NONE', *, *, #2035, .T. ) ;
#2514 = DIRECTION ( 'NONE',  ( 0.0000000000000000000, 1.000000000000000000, -0.0000000000000000000 ) ) ;
#2515 = EDGE_CURVE ( 'NONE', #1092, #652, #842, .T. ) ;
#2516 = LINE ( 'NONE', #2057, #23 ) ;
#2517 = ORIENTED_EDGE ( 'NONE', *, *, #1055, .F. ) ;
#2518 = DIRECTION ( 'NONE',  ( -0.0000000000000000000, -1.000000000000000000, -0.0000000000000000000 ) ) ;
#2519 = VERTEX_POINT ( 'NONE', #1573 ) ;
#2520 = CARTESIAN_POINT ( 'NONE',  ( 283.3886400257810000, 138.6663793103450100, -437.6632313287340100 ) ) ;
#2521 = ORIENTED_EDGE ( 'NONE', *, *, #2631, .T. ) ;
#2522 = UNCERTAINTY_MEASURE_WITH_UNIT (LENGTH_MEASURE( 1.000000000000000100E-005 ), #2528, 'distance_accuracy_value', 'NONE');
#2523 = VERTEX_POINT ( 'NONE', #1385 ) ;
#2524 = EDGE_LOOP ( 'NONE', ( #1071, #621, #720, #1342 ) ) ;
#2525 = VECTOR ( 'NONE', #156, 1000.000000000000000 ) ;
#2526 = EDGE_LOOP ( 'NONE', ( #59, #105, #1748, #469 ) ) ;
#2527 = DIRECTION ( 'NONE',  ( 0.0000000000000000000, -0.0000000000000000000, 1.000000000000000000 ) ) ;
#2528 =( LENGTH_UNIT ( ) NAMED_UNIT ( * ) SI_UNIT ( .MILLI., .METRE. ) );
#2529 = FACE_OUTER_BOUND ( 'NONE', #1278, .T. ) ;
#2530 = PRESENTATION_LAYER_ASSIGNMENT (  '', '', ( #506 ) ) ;
#2531 = VERTEX_POINT ( 'NONE', #1365 ) ;
#2532 = CARTESIAN_POINT ( 'NONE',  ( 282.7886400257809800, 138.6938793103450100, -437.4932313287340000 ) ) ;
#2533 = LINE ( 'NONE', #1605, #2362 ) ;
#2534 = ORIENTED_EDGE ( 'NONE', *, *, #1078, .F. ) ;
#2535 = FACE_OUTER_BOUND ( 'NONE', #363, .T. ) ;
#2536 = EDGE_CURVE ( 'NONE', #587, #1100, #1339, .T. ) ;
#2537 = EDGE_CURVE ( 'NONE', #1434, #977, #2392, .T. ) ;
#2538 = CARTESIAN_POINT ( 'NONE',  ( 282.9886400257810200, 138.3413793103449900, -437.6332313287339800 ) ) ;
#2539 = DIRECTION ( 'NONE',  ( -1.000000000000000000, 0.0000000000000000000, 0.0000000000000000000 ) ) ;
#2540 = VERTEX_POINT ( 'NONE', #2368 ) ;
#2541 = ORIENTED_EDGE ( 'NONE', *, *, #203, .F. ) ;
#2542 = DIRECTION ( 'NONE',  ( 0.0000000000000000000, 0.0000000000000000000, 1.000000000000000000 ) ) ;
#2543 = FACE_OUTER_BOUND ( 'NONE', #233, .T. ) ;
#2544 = DIRECTION ( 'NONE',  ( 0.0000000000000000000, 1.000000000000000000, -0.0000000000000000000 ) ) ;
#2545 = ADVANCED_FACE ( 'NONE', ( #1534 ), #752, .T. ) ;
#2546 = EDGE_CURVE ( 'NONE', #2036, #2553, #2044, .T. ) ;
#2547 = ORIENTED_EDGE ( 'NONE', *, *, #2592, .F. ) ;
#2548 = CARTESIAN_POINT ( 'NONE',  ( 283.1136400257810200, 138.5663793103450100, -437.6332313287339800 ) ) ;
#2549 = ORIENTED_EDGE ( 'NONE', *, *, #2447, .T. ) ;
#2550 = LINE ( 'NONE', #2557, #507 ) ;
#2551 = DIRECTION ( 'NONE',  ( 0.0000000000000000000, 0.0000000000000000000, 1.000000000000000000 ) ) ;
#2552 = FACE_OUTER_BOUND ( 'NONE', #1074, .T. ) ;
#2553 = VERTEX_POINT ( 'NONE', #956 ) ;
#2554 = LINE ( 'NONE', #2065, #2583 ) ;
#2555 = ADVANCED_FACE ( 'NONE', ( #1506 ), #974, .T. ) ;
#2556 = LINE ( 'NONE', #104, #2474 ) ;
#2557 = CARTESIAN_POINT ( 'NONE',  ( 282.7386400257810200, 138.8913793207879900, -437.6632313287340100 ) ) ;
#2558 = DIRECTION ( 'NONE',  ( 0.0000000000000000000, 0.0000000000000000000, -1.000000000000000000 ) ) ;
#2559 = ORIENTED_EDGE ( 'NONE', *, *, #2395, .F. ) ;
#2560 = LINE ( 'NONE', #2626, #1791 ) ;
#2561 = ORIENTED_EDGE ( 'NONE', *, *, #3, .F. ) ;
#2562 = AXIS2_PLACEMENT_3D ( 'NONE', #2079, #655, #456 ) ;
#2563 = CARTESIAN_POINT ( 'NONE',  ( 282.9886400257810200, 138.8913793103450000, -437.6632313287340100 ) ) ;
#2564 = ORIENTED_EDGE ( 'NONE', *, *, #915, .F. ) ;
#2565 = DIRECTION ( 'NONE',  ( 0.0000000000000000000, 0.0000000000000000000, -1.000000000000000000 ) ) ;
#2566 = ADVANCED_FACE ( 'NONE', ( #804 ), #2379, .T. ) ;
#2567 = VECTOR ( 'NONE', #880, 1000.000000000000000 ) ;
#2568 = DIRECTION ( 'NONE',  ( -1.000000000000000000, 0.0000000000000000000, -0.0000000000000000000 ) ) ;
#2569 = VECTOR ( 'NONE', #1005, 1000.000000000000000 ) ;
#2570 = DIRECTION ( 'NONE',  ( -0.0000000000000000000, -0.0000000000000000000, 1.000000000000000000 ) ) ;
#2571 = ORIENTED_EDGE ( 'NONE', *, *, #2059, .F. ) ;
#2572 = DIRECTION ( 'NONE',  ( 1.000000000000000000, 0.0000000000000000000, 0.0000000000000000000 ) ) ;
#2573 = CARTESIAN_POINT ( 'NONE',  ( 283.1386400257810000, 138.5413793103450100, -437.6632313287340100 ) ) ;
#2574 = EDGE_LOOP ( 'NONE', ( #806, #2561, #1098, #2315 ) ) ;
#2575 = EDGE_CURVE ( 'NONE', #1227, #1783, #2202, .T. ) ;
#2576 = ORIENTED_EDGE ( 'NONE', *, *, #1390, .F. ) ;
#2577 = ORIENTED_EDGE ( 'NONE', *, *, #2223, .F. ) ;
#2578 = ADVANCED_FACE ( 'NONE', ( #1068 ), #2195, .T. ) ;
#2579 = CARTESIAN_POINT ( 'NONE',  ( 283.3386400257810500, 138.8913793103450000, -437.6332313287339800 ) ) ;
#2580 = COLOUR_RGB ( '',0.7921568627450980000, 0.8196078431372548800, 0.9333333333333333500 ) ;
#2581 = EDGE_LOOP ( 'NONE', ( #2460, #1505, #1377, #2299 ) ) ;
#2582 = DIRECTION ( 'NONE',  ( 1.000000000000000000, 0.0000000000000000000, 0.0000000000000000000 ) ) ;
#2583 = VECTOR ( 'NONE', #1438, 1000.000000000000000 ) ;
#2584 = DIRECTION ( 'NONE',  ( 0.0000000000000000000, -1.000000000000000000, 0.0000000000000000000 ) ) ;
#2585 = LINE ( 'NONE', #349, #2147 ) ;
#2586 = DIRECTION ( 'NONE',  ( -1.000000000000000000, 0.0000000000000000000, 0.0000000000000000000 ) ) ;
#2587 = AXIS2_PLACEMENT_3D ( 'NONE', #611, #1230, #2023 ) ;
#2588 = CARTESIAN_POINT ( 'NONE',  ( 282.7886400257809800, 138.3413793103449900, -437.6332313287339800 ) ) ;
#2589 = ADVANCED_FACE ( 'NONE', ( #1971 ), #2204, .T. ) ;
#2590 = EDGE_CURVE ( 'NONE', #812, #660, #1662, .T. ) ;
#2591 = EDGE_LOOP ( 'NONE', ( #1651, #2196, #839, #342 ) ) ;
#2592 = EDGE_CURVE ( 'NONE', #1304, #2523, #570, .T. ) ;
#2593 = VERTEX_POINT ( 'NONE', #947 ) ;
#2594 = CARTESIAN_POINT ( 'NONE',  ( 282.7886400257809800, 138.6938793103450100, -437.5832313287339700 ) ) ;
#2595 = DIRECTION ( 'NONE',  ( 0.0000000000000000000, -1.000000000000000000, 0.0000000000000000000 ) ) ;
#2596 = LINE ( 'NONE', #1082, #694 ) ;
#2597 = LINE ( 'NONE', #1054, #2074 ) ;
#2598 = VECTOR ( 'NONE', #2371, 1000.000000000000000 ) ;
#2599 = ORIENTED_EDGE ( 'NONE', *, *, #915, .T. ) ;
#2600 = DIRECTION ( 'NONE',  ( 1.000000000000000000, 0.0000000000000000000, 0.0000000000000000000 ) ) ;
#2601 = MECHANICAL_DESIGN_GEOMETRIC_PRESENTATION_REPRESENTATION (  '', ( #1523 ), #99 ) ;
#2602 = ORIENTED_EDGE ( 'NONE', *, *, #1351, .T. ) ;
#2603 = DIRECTION ( 'NONE',  ( 0.0000000000000000000, 0.0000000000000000000, 1.000000000000000000 ) ) ;
#2604 = SHAPE_DEFINITION_REPRESENTATION ( #1193, #1448 ) ;
#2605 = CARTESIAN_POINT ( 'NONE',  ( 283.1529255457809900, 138.6923793103450200, -437.5132313287339800 ) ) ;
#2606 = EDGE_LOOP ( 'NONE', ( #1546, #1294, #1424, #518 ) ) ;
#2607 = CARTESIAN_POINT ( 'NONE',  ( 283.3886400257810000, 138.9413793103450100, -437.4132313287340100 ) ) ;
#2608 = LINE ( 'NONE', #914, #1812 ) ;
#2609 = ORIENTED_EDGE ( 'NONE', *, *, #2312, .T. ) ;
#2610 = EDGE_CURVE ( 'NONE', #1081, #2133, #251, .T. ) ;
#2611 = CARTESIAN_POINT ( 'NONE',  ( 283.0136400257810000, 138.8913793207879900, -437.6332313287339800 ) ) ;
#2612 = VECTOR ( 'NONE', #1552, 1000.000000000000000 ) ;
#2613 = CARTESIAN_POINT ( 'NONE',  ( 283.3886400257810000, 138.5663793103450100, -437.6332313287339800 ) ) ;
#2614 = VERTEX_POINT ( 'NONE', #1378 ) ;
#2615 = CARTESIAN_POINT ( 'NONE',  ( 282.7886400257809800, 138.6938793103450100, -437.5832313287339700 ) ) ;
#2616 = DIRECTION ( 'NONE',  ( 1.000000000000000000, 0.0000000000000000000, 0.0000000000000000000 ) ) ;
#2617 = VECTOR ( 'NONE', #1569, 1000.000000000000000 ) ;
#2618 = DIRECTION ( 'NONE',  ( 0.0000000000000000000, -1.000000000000000000, -0.0000000000000000000 ) ) ;
#2619 = CARTESIAN_POINT ( 'NONE',  ( 283.0136400257810000, 138.8913793207879900, -437.6332313287339800 ) ) ;
#2620 = LINE ( 'NONE', #792, #517 ) ;
#2621 =( GEOMETRIC_REPRESENTATION_CONTEXT ( 3 ) GLOBAL_UNCERTAINTY_ASSIGNED_CONTEXT ( ( #908 ) ) GLOBAL_UNIT_ASSIGNED_CONTEXT ( ( #1874, #238, #1844 ) ) REPRESENTATION_CONTEXT ( 'NONE', 'WORKASPACE' ) );
#2622 = CARTESIAN_POINT ( 'NONE',  ( 282.7386400257810200, 138.2913793103450100, -437.6632313287340100 ) ) ;
#2623 = ORIENTED_EDGE ( 'NONE', *, *, #441, .F. ) ;
#2624 = APPLICATION_PROTOCOL_DEFINITION ( 'draft international standard', 'automotive_design', 1998, #1804 ) ;
#2625 = EDGE_CURVE ( 'NONE', #858, #650, #927, .T. ) ;
#2626 = CARTESIAN_POINT ( 'NONE',  ( 283.1386400257810000, 138.3413793103449900, -437.6332313287339800 ) ) ;
#2627 = DIRECTION ( 'NONE',  ( -0.0000000000000000000, -1.000000000000000000, -0.0000000000000000000 ) ) ;
#2628 = CARTESIAN_POINT ( 'NONE',  ( 282.7886400257809800, 138.5388793103450100, -437.4932313287340000 ) ) ;
#2629 = VERTEX_POINT ( 'NONE', #773 ) ;
#2630 = EDGE_CURVE ( 'NONE', #1723, #1563, #962, .T. ) ;
#2631 = EDGE_CURVE ( 'NONE', #1020, #1563, #420, .T. ) ;
#2632 = CARTESIAN_POINT ( 'NONE',  ( 282.7386400257810200, 138.5663793103450100, -437.6332313287339800 ) ) ;
#2633 = FACE_OUTER_BOUND ( 'NONE', #918, .T. ) ;
#2634 = DIRECTION ( 'NONE',  ( 1.000000000000000000, 0.0000000000000000000, 0.0000000000000000000 ) ) ;
#2635 = CARTESIAN_POINT ( 'NONE',  ( 283.1386400257810000, 138.6913793103450100, -437.6632313287340100 ) ) ;
#2636 = SURFACE_SIDE_STYLE ('',( #2498 ) ) ;
#2637 = AXIS2_PLACEMENT_3D ( 'NONE', #1144, #1767, #551 ) ;
#2638 = ORIENTED_EDGE ( 'NONE', *, *, #1319, .F. ) ;
#2639 = CARTESIAN_POINT ( 'NONE',  ( 283.1136400257810200, 138.6663793103450100, -437.6332313287339800 ) ) ;
#2640 = ORIENTED_EDGE ( 'NONE', *, *, #2190, .F. ) ;
#2641 = DIRECTION ( 'NONE',  ( 1.000000000000000000, 0.0000000000000000000, -0.0000000000000000000 ) ) ;
#2642 = PRODUCT_RELATED_PRODUCT_CATEGORY ( 'part', '', ( #2056 ) ) ;
#2643 = ORIENTED_EDGE ( 'NONE', *, *, #598, .F. ) ;
#2644 = ORIENTED_EDGE ( 'NONE', *, *, #1459, .F. ) ;
#2645 = ORIENTED_EDGE ( 'NONE', *, *, #36, .F. ) ;
#2646 = APPLICATION_PROTOCOL_DEFINITION ( 'draft international standard', 'automotive_design', 1998, #791 ) ;
#2647 = EDGE_CURVE ( 'NONE', #1449, #1843, #377, .T. ) ;
#2648 = LINE ( 'NONE', #315, #2117 ) ;
#2649 = PLANE ( 'NONE',  #1250 ) ;
#2650 = ADVANCED_FACE ( 'NONE', ( #452 ), #368, .T. ) ;
#2651 = VERTEX_POINT ( 'NONE', #171 ) ;
ENDSEC;
END-ISO-10303-21;
